2025-10-30 00:07:03,577:INFO: Loading the datasets...
2025-10-30 00:07:04,433:INFO: - Done.
2025-10-30 00:07:04,554:INFO: Total params: 1.55M
2025-10-30 00:07:04,554:INFO: Starting training for 300 epoch(s)
2025-10-30 00:07:04,556:INFO: Epoch 1/300
2025-10-30 00:07:09,833:INFO: - Train metrics: train_loss: 16.252 ; train_true_loss: 12.189 ; train_group_loss: 0.065 ; mean_train_accTop1: 7.236 ; mean_train_accTop5: 7.236 ; stu_train_accTop1: 7.394 ; stu_train_accTop5: 24.216 ; train_accTop1: 7.457 ; train_accTop5: 24.588 ; time: 5.277 ; stu0train_accTop1: 7.115 ; stu0train_accTop5: 23.696 ; stu1train_accTop1: 7.311 ; stu1train_accTop5: 24.336 ; stu2train_accTop1: 7.282 ; stu2train_accTop5: 24.186
2025-10-30 00:07:10,975:INFO: - Test metrics: test_loss: 14.935 ; test_true_loss: 11.196 ; test_group_loss: 0.107 ; mean_test_accTop1: 12.071 ; mean_test_accTop5: 34.771 ; test_accTop1: 12.737 ; test_accTop5: 35.839 ; stu_test_accTop1: 11.877 ; stu_test_accTop5: 34.672 ; dist: 0.071 ; time: 1.140 ; stu0test_accTop1: 11.976 ; stu0test_accTop5: 34.583 ; stu1test_accTop1: 11.887 ; stu1test_accTop5: 34.375 ; stu2test_accTop1: 12.352 ; stu2test_accTop5: 35.354
2025-10-30 00:07:10,976:INFO: - Updated epoch history. Epoch count: 1
2025-10-30 00:07:10,998:INFO: - Found better accuracy
2025-10-30 00:07:11,001:INFO: Epoch 2/300
2025-10-30 00:07:40,157:INFO: - Train metrics: train_loss: 13.485 ; train_true_loss: 10.118 ; train_group_loss: 0.127 ; mean_train_accTop1: 17.846 ; mean_train_accTop5: 17.846 ; stu_train_accTop1: 17.879 ; stu_train_accTop5: 45.163 ; train_accTop1: 18.491 ; train_accTop5: 45.988 ; time: 29.155 ; stu0train_accTop1: 17.848 ; stu0train_accTop5: 44.963 ; stu1train_accTop1: 17.919 ; stu1train_accTop5: 45.080 ; stu2train_accTop1: 17.770 ; stu2train_accTop5: 44.921
2025-10-30 00:07:42,755:INFO: - Test metrics: test_loss: 14.958 ; test_true_loss: 11.366 ; test_group_loss: 0.438 ; mean_test_accTop1: 16.245 ; mean_test_accTop5: 40.398 ; test_accTop1: 16.792 ; test_accTop5: 41.634 ; stu_test_accTop1: 17.672 ; stu_test_accTop5: 44.126 ; dist: 0.203 ; time: 2.596 ; stu0test_accTop1: 16.060 ; stu0test_accTop5: 38.973 ; stu1test_accTop1: 16.831 ; stu1test_accTop5: 41.703 ; stu2test_accTop1: 15.843 ; stu2test_accTop5: 40.516
2025-10-30 00:07:42,776:INFO: - Updated epoch history. Epoch count: 2
2025-10-30 00:07:42,811:INFO: - Found better accuracy
2025-10-30 00:07:42,817:INFO: Epoch 3/300
2025-10-30 00:08:12,631:INFO: - Train metrics: train_loss: 11.361 ; train_true_loss: 8.517 ; train_group_loss: 0.195 ; mean_train_accTop1: 27.156 ; mean_train_accTop5: 27.156 ; stu_train_accTop1: 27.093 ; stu_train_accTop5: 59.222 ; train_accTop1: 28.143 ; train_accTop5: 60.484 ; time: 29.814 ; stu0train_accTop1: 27.254 ; stu0train_accTop5: 59.240 ; stu1train_accTop1: 27.120 ; stu1train_accTop5: 59.453 ; stu2train_accTop1: 27.094 ; stu2train_accTop5: 59.044
2025-10-30 00:08:15,241:INFO: - Test metrics: test_loss: 13.319 ; test_true_loss: 10.000 ; test_group_loss: 0.374 ; mean_test_accTop1: 21.150 ; mean_test_accTop5: 49.601 ; test_accTop1: 22.340 ; test_accTop5: 51.464 ; stu_test_accTop1: 21.054 ; stu_test_accTop5: 49.140 ; dist: 0.212 ; time: 2.607 ; stu0test_accTop1: 20.481 ; stu0test_accTop5: 49.199 ; stu1test_accTop1: 22.132 ; stu1test_accTop5: 51.404 ; stu2test_accTop1: 20.837 ; stu2test_accTop5: 48.200
2025-10-30 00:08:15,263:INFO: - Updated epoch history. Epoch count: 3
2025-10-30 00:08:15,286:INFO: - Found better accuracy
2025-10-30 00:08:15,293:INFO: Epoch 4/300
2025-10-30 00:08:45,000:INFO: - Train metrics: train_loss: 9.916 ; train_true_loss: 7.437 ; train_group_loss: 0.219 ; mean_train_accTop1: 34.498 ; mean_train_accTop5: 34.498 ; stu_train_accTop1: 34.504 ; stu_train_accTop5: 68.040 ; train_accTop1: 35.881 ; train_accTop5: 69.578 ; time: 29.707 ; stu0train_accTop1: 34.558 ; stu0train_accTop5: 67.945 ; stu1train_accTop1: 34.550 ; stu1train_accTop5: 68.034 ; stu2train_accTop1: 34.384 ; stu2train_accTop5: 68.012
2025-10-30 00:08:47,612:INFO: - Test metrics: test_loss: 10.400 ; test_true_loss: 7.821 ; test_group_loss: 0.480 ; mean_test_accTop1: 33.798 ; mean_test_accTop5: 66.611 ; test_accTop1: 35.918 ; test_accTop5: 69.858 ; stu_test_accTop1: 33.010 ; stu_test_accTop5: 67.385 ; dist: 0.273 ; time: 2.610 ; stu0test_accTop1: 35.265 ; stu0test_accTop5: 67.593 ; stu1test_accTop1: 34.148 ; stu1test_accTop5: 66.505 ; stu2test_accTop1: 31.982 ; stu2test_accTop5: 65.734
2025-10-30 00:08:47,634:INFO: - Updated epoch history. Epoch count: 4
2025-10-30 00:08:47,659:INFO: - Found better accuracy
2025-10-30 00:08:47,666:INFO: Epoch 5/300
2025-10-30 00:09:17,441:INFO: - Train metrics: train_loss: 8.989 ; train_true_loss: 6.741 ; train_group_loss: 0.215 ; mean_train_accTop1: 39.430 ; mean_train_accTop5: 39.430 ; stu_train_accTop1: 39.590 ; stu_train_accTop5: 73.232 ; train_accTop1: 41.171 ; train_accTop5: 74.701 ; time: 29.776 ; stu0train_accTop1: 39.488 ; stu0train_accTop5: 73.120 ; stu1train_accTop1: 39.331 ; stu1train_accTop5: 73.050 ; stu2train_accTop1: 39.471 ; stu2train_accTop5: 73.244
2025-10-30 00:09:20,053:INFO: - Test metrics: test_loss: 9.790 ; test_true_loss: 7.333 ; test_group_loss: 0.334 ; mean_test_accTop1: 36.547 ; mean_test_accTop5: 70.487 ; test_accTop1: 38.983 ; test_accTop5: 72.528 ; stu_test_accTop1: 36.491 ; stu_test_accTop5: 70.134 ; dist: 0.253 ; time: 2.609 ; stu0test_accTop1: 37.342 ; stu0test_accTop5: 71.766 ; stu1test_accTop1: 35.829 ; stu1test_accTop5: 69.551 ; stu2test_accTop1: 36.472 ; stu2test_accTop5: 70.144
2025-10-30 00:09:20,075:INFO: - Updated epoch history. Epoch count: 5
2025-10-30 00:09:20,101:INFO: - Found better accuracy
2025-10-30 00:09:20,107:INFO: Epoch 6/300
2025-10-30 00:09:49,767:INFO: - Train metrics: train_loss: 8.349 ; train_true_loss: 6.258 ; train_group_loss: 0.203 ; mean_train_accTop1: 43.040 ; mean_train_accTop5: 43.040 ; stu_train_accTop1: 43.062 ; stu_train_accTop5: 76.572 ; train_accTop1: 45.091 ; train_accTop5: 78.205 ; time: 29.659 ; stu0train_accTop1: 43.064 ; stu0train_accTop5: 76.379 ; stu1train_accTop1: 42.979 ; stu1train_accTop5: 76.339 ; stu2train_accTop1: 43.077 ; stu2train_accTop5: 76.437
2025-10-30 00:09:52,360:INFO: - Test metrics: test_loss: 10.573 ; test_true_loss: 8.030 ; test_group_loss: 0.366 ; mean_test_accTop1: 34.250 ; mean_test_accTop5: 68.414 ; test_accTop1: 35.957 ; test_accTop5: 70.421 ; stu_test_accTop1: 36.274 ; stu_test_accTop5: 69.927 ; dist: 0.300 ; time: 2.591 ; stu0test_accTop1: 35.285 ; stu0test_accTop5: 68.948 ; stu1test_accTop1: 31.537 ; stu1test_accTop5: 65.991 ; stu2test_accTop1: 35.928 ; stu2test_accTop5: 70.303
2025-10-30 00:09:52,383:INFO: - Updated epoch history. Epoch count: 6
2025-10-30 00:09:52,408:INFO: Epoch 7/300
2025-10-30 00:10:22,116:INFO: - Train metrics: train_loss: 7.886 ; train_true_loss: 5.912 ; train_group_loss: 0.198 ; mean_train_accTop1: 45.803 ; mean_train_accTop5: 45.803 ; stu_train_accTop1: 45.928 ; stu_train_accTop5: 78.632 ; train_accTop1: 47.860 ; train_accTop5: 80.186 ; time: 29.708 ; stu0train_accTop1: 46.035 ; stu0train_accTop5: 78.319 ; stu1train_accTop1: 45.692 ; stu1train_accTop5: 78.269 ; stu2train_accTop1: 45.682 ; stu2train_accTop5: 78.378
2025-10-30 00:10:24,732:INFO: - Test metrics: test_loss: 9.754 ; test_true_loss: 7.483 ; test_group_loss: 0.341 ; mean_test_accTop1: 38.535 ; mean_test_accTop5: 71.170 ; test_accTop1: 40.714 ; test_accTop5: 73.665 ; stu_test_accTop1: 41.060 ; stu_test_accTop5: 74.426 ; dist: 0.291 ; time: 2.614 ; stu0test_accTop1: 38.113 ; stu0test_accTop5: 70.481 ; stu1test_accTop1: 39.062 ; stu1test_accTop5: 72.231 ; stu2test_accTop1: 38.430 ; stu2test_accTop5: 70.797
2025-10-30 00:10:24,753:INFO: - Updated epoch history. Epoch count: 7
2025-10-30 00:10:24,781:INFO: - Found better accuracy
2025-10-30 00:10:24,787:INFO: Epoch 8/300
2025-10-30 00:10:54,470:INFO: - Train metrics: train_loss: 7.537 ; train_true_loss: 5.646 ; train_group_loss: 0.196 ; mean_train_accTop1: 47.879 ; mean_train_accTop5: 47.879 ; stu_train_accTop1: 47.937 ; stu_train_accTop5: 80.512 ; train_accTop1: 50.309 ; train_accTop5: 82.116 ; time: 29.683 ; stu0train_accTop1: 48.154 ; stu0train_accTop5: 80.293 ; stu1train_accTop1: 47.507 ; stu1train_accTop5: 80.100 ; stu2train_accTop1: 47.976 ; stu2train_accTop5: 80.356
2025-10-30 00:10:57,094:INFO: - Test metrics: test_loss: 9.034 ; test_true_loss: 6.761 ; test_group_loss: 0.360 ; mean_test_accTop1: 42.023 ; mean_test_accTop5: 74.047 ; test_accTop1: 45.184 ; test_accTop5: 76.928 ; stu_test_accTop1: 41.762 ; stu_test_accTop5: 73.457 ; dist: 0.298 ; time: 2.622 ; stu0test_accTop1: 42.464 ; stu0test_accTop5: 74.367 ; stu1test_accTop1: 41.723 ; stu1test_accTop5: 73.991 ; stu2test_accTop1: 41.881 ; stu2test_accTop5: 73.784
2025-10-30 00:10:57,118:INFO: - Updated epoch history. Epoch count: 8
2025-10-30 00:10:57,143:INFO: - Found better accuracy
2025-10-30 00:10:57,150:INFO: Epoch 9/300
2025-10-30 00:11:26,940:INFO: - Train metrics: train_loss: 7.271 ; train_true_loss: 5.443 ; train_group_loss: 0.198 ; mean_train_accTop1: 49.503 ; mean_train_accTop5: 49.503 ; stu_train_accTop1: 49.386 ; stu_train_accTop5: 81.354 ; train_accTop1: 52.070 ; train_accTop5: 83.313 ; time: 29.790 ; stu0train_accTop1: 49.492 ; stu0train_accTop5: 81.472 ; stu1train_accTop1: 49.657 ; stu1train_accTop5: 81.465 ; stu2train_accTop1: 49.361 ; stu2train_accTop5: 81.367
2025-10-30 00:11:29,553:INFO: - Test metrics: test_loss: 8.508 ; test_true_loss: 6.364 ; test_group_loss: 0.336 ; mean_test_accTop1: 43.944 ; mean_test_accTop5: 75.590 ; test_accTop1: 47.102 ; test_accTop5: 78.540 ; stu_test_accTop1: 44.027 ; stu_test_accTop5: 75.583 ; dist: 0.277 ; time: 2.611 ; stu0test_accTop1: 46.064 ; stu0test_accTop5: 77.433 ; stu1test_accTop1: 42.623 ; stu1test_accTop5: 74.199 ; stu2test_accTop1: 43.147 ; stu2test_accTop5: 75.138
2025-10-30 00:11:29,577:INFO: - Updated epoch history. Epoch count: 9
2025-10-30 00:11:29,621:INFO: - Found better accuracy
2025-10-30 00:11:29,629:INFO: Epoch 10/300
2025-10-30 00:11:59,400:INFO: - Train metrics: train_loss: 7.094 ; train_true_loss: 5.309 ; train_group_loss: 0.196 ; mean_train_accTop1: 50.480 ; mean_train_accTop5: 50.480 ; stu_train_accTop1: 50.360 ; stu_train_accTop5: 82.168 ; train_accTop1: 53.220 ; train_accTop5: 84.053 ; time: 29.770 ; stu0train_accTop1: 50.628 ; stu0train_accTop5: 82.097 ; stu1train_accTop1: 50.588 ; stu1train_accTop5: 82.127 ; stu2train_accTop1: 50.225 ; stu2train_accTop5: 82.048
2025-10-30 00:12:01,990:INFO: - Test metrics: test_loss: 8.163 ; test_true_loss: 6.157 ; test_group_loss: 0.347 ; mean_test_accTop1: 45.316 ; mean_test_accTop5: 77.416 ; test_accTop1: 48.388 ; test_accTop5: 80.162 ; stu_test_accTop1: 46.924 ; stu_test_accTop5: 78.184 ; dist: 0.289 ; time: 2.588 ; stu0test_accTop1: 46.915 ; stu0test_accTop5: 78.926 ; stu1test_accTop1: 44.986 ; stu1test_accTop5: 77.383 ; stu2test_accTop1: 44.047 ; stu2test_accTop5: 75.939
2025-10-30 00:12:02,016:INFO: - Updated epoch history. Epoch count: 10
2025-10-30 00:12:02,043:INFO: - Found better accuracy
2025-10-30 00:12:02,050:INFO: Epoch 11/300
2025-10-30 00:12:31,790:INFO: - Train metrics: train_loss: 6.884 ; train_true_loss: 5.149 ; train_group_loss: 0.201 ; mean_train_accTop1: 51.862 ; mean_train_accTop5: 51.862 ; stu_train_accTop1: 51.694 ; stu_train_accTop5: 82.885 ; train_accTop1: 54.620 ; train_accTop5: 84.962 ; time: 29.740 ; stu0train_accTop1: 51.745 ; stu0train_accTop5: 83.021 ; stu1train_accTop1: 51.990 ; stu1train_accTop5: 83.112 ; stu2train_accTop1: 51.852 ; stu2train_accTop5: 82.994
2025-10-30 00:12:34,439:INFO: - Test metrics: test_loss: 8.261 ; test_true_loss: 6.110 ; test_group_loss: 0.378 ; mean_test_accTop1: 46.588 ; mean_test_accTop5: 77.963 ; test_accTop1: 50.010 ; test_accTop5: 81.042 ; stu_test_accTop1: 45.214 ; stu_test_accTop5: 77.522 ; dist: 0.310 ; time: 2.647 ; stu0test_accTop1: 46.361 ; stu0test_accTop5: 77.917 ; stu1test_accTop1: 47.013 ; stu1test_accTop5: 77.660 ; stu2test_accTop1: 46.390 ; stu2test_accTop5: 78.313
2025-10-30 00:12:34,463:INFO: - Updated epoch history. Epoch count: 11
2025-10-30 00:12:34,489:INFO: Epoch 12/300
2025-10-30 00:13:04,228:INFO: - Train metrics: train_loss: 6.755 ; train_true_loss: 5.054 ; train_group_loss: 0.201 ; mean_train_accTop1: 52.763 ; mean_train_accTop5: 52.763 ; stu_train_accTop1: 52.656 ; stu_train_accTop5: 83.441 ; train_accTop1: 55.513 ; train_accTop5: 85.414 ; time: 29.738 ; stu0train_accTop1: 52.912 ; stu0train_accTop5: 83.523 ; stu1train_accTop1: 52.886 ; stu1train_accTop5: 83.526 ; stu2train_accTop1: 52.492 ; stu2train_accTop5: 83.518
2025-10-30 00:13:06,827:INFO: - Test metrics: test_loss: 7.736 ; test_true_loss: 5.786 ; test_group_loss: 0.325 ; mean_test_accTop1: 47.633 ; mean_test_accTop5: 79.856 ; test_accTop1: 50.663 ; test_accTop5: 82.081 ; stu_test_accTop1: 47.666 ; stu_test_accTop5: 79.717 ; dist: 0.287 ; time: 2.597 ; stu0test_accTop1: 49.832 ; stu0test_accTop5: 81.250 ; stu1test_accTop1: 47.478 ; stu1test_accTop5: 80.380 ; stu2test_accTop1: 45.589 ; stu2test_accTop5: 77.937
2025-10-30 00:13:06,850:INFO: - Updated epoch history. Epoch count: 12
2025-10-30 00:13:06,876:INFO: - Found better accuracy
2025-10-30 00:13:06,882:INFO: Epoch 13/300
2025-10-30 00:13:36,733:INFO: - Train metrics: train_loss: 6.638 ; train_true_loss: 4.966 ; train_group_loss: 0.201 ; mean_train_accTop1: 53.492 ; mean_train_accTop5: 53.492 ; stu_train_accTop1: 53.403 ; stu_train_accTop5: 84.046 ; train_accTop1: 56.334 ; train_accTop5: 86.053 ; time: 29.851 ; stu0train_accTop1: 53.661 ; stu0train_accTop5: 84.129 ; stu1train_accTop1: 53.456 ; stu1train_accTop5: 83.917 ; stu2train_accTop1: 53.360 ; stu2train_accTop5: 84.014
2025-10-30 00:13:39,375:INFO: - Test metrics: test_loss: 8.054 ; test_true_loss: 5.973 ; test_group_loss: 0.338 ; mean_test_accTop1: 47.208 ; mean_test_accTop5: 78.296 ; test_accTop1: 50.326 ; test_accTop5: 80.953 ; stu_test_accTop1: 46.034 ; stu_test_accTop5: 77.611 ; dist: 0.293 ; time: 2.640 ; stu0test_accTop1: 45.965 ; stu0test_accTop5: 78.313 ; stu1test_accTop1: 46.786 ; stu1test_accTop5: 77.957 ; stu2test_accTop1: 48.873 ; stu2test_accTop5: 78.619
2025-10-30 00:13:39,399:INFO: - Updated epoch history. Epoch count: 13
2025-10-30 00:13:39,426:INFO: Epoch 14/300
2025-10-30 00:14:09,160:INFO: - Train metrics: train_loss: 6.542 ; train_true_loss: 4.892 ; train_group_loss: 0.201 ; mean_train_accTop1: 53.984 ; mean_train_accTop5: 53.984 ; stu_train_accTop1: 53.951 ; stu_train_accTop5: 84.408 ; train_accTop1: 56.868 ; train_accTop5: 86.260 ; time: 29.734 ; stu0train_accTop1: 54.074 ; stu0train_accTop5: 84.381 ; stu1train_accTop1: 54.120 ; stu1train_accTop5: 84.230 ; stu2train_accTop1: 53.757 ; stu2train_accTop5: 84.223
2025-10-30 00:14:11,790:INFO: - Test metrics: test_loss: 7.818 ; test_true_loss: 5.809 ; test_group_loss: 0.344 ; mean_test_accTop1: 48.559 ; mean_test_accTop5: 79.536 ; test_accTop1: 52.462 ; test_accTop5: 82.269 ; stu_test_accTop1: 48.062 ; stu_test_accTop5: 79.312 ; dist: 0.300 ; time: 2.627 ; stu0test_accTop1: 47.795 ; stu0test_accTop5: 79.094 ; stu1test_accTop1: 49.070 ; stu1test_accTop5: 79.401 ; stu2test_accTop1: 48.813 ; stu2test_accTop5: 80.113
2025-10-30 00:14:11,814:INFO: - Updated epoch history. Epoch count: 14
2025-10-30 00:14:11,840:INFO: - Found better accuracy
2025-10-30 00:14:11,846:INFO: Epoch 15/300
2025-10-30 00:14:41,545:INFO: - Train metrics: train_loss: 6.429 ; train_true_loss: 4.801 ; train_group_loss: 0.205 ; mean_train_accTop1: 54.857 ; mean_train_accTop5: 54.857 ; stu_train_accTop1: 54.842 ; stu_train_accTop5: 85.007 ; train_accTop1: 57.860 ; train_accTop5: 86.957 ; time: 29.698 ; stu0train_accTop1: 54.732 ; stu0train_accTop5: 85.086 ; stu1train_accTop1: 55.127 ; stu1train_accTop5: 84.995 ; stu2train_accTop1: 54.712 ; stu2train_accTop5: 85.086
2025-10-30 00:14:44,151:INFO: - Test metrics: test_loss: 7.825 ; test_true_loss: 5.840 ; test_group_loss: 0.320 ; mean_test_accTop1: 47.683 ; mean_test_accTop5: 79.391 ; test_accTop1: 50.524 ; test_accTop5: 81.922 ; stu_test_accTop1: 47.587 ; stu_test_accTop5: 79.045 ; dist: 0.295 ; time: 2.604 ; stu0test_accTop1: 47.221 ; stu0test_accTop5: 78.936 ; stu1test_accTop1: 46.598 ; stu1test_accTop5: 78.916 ; stu2test_accTop1: 49.229 ; stu2test_accTop5: 80.320
2025-10-30 00:14:44,175:INFO: - Updated epoch history. Epoch count: 15
2025-10-30 00:14:44,212:INFO: Epoch 16/300
2025-10-30 00:15:14,113:INFO: - Train metrics: train_loss: 6.358 ; train_true_loss: 4.751 ; train_group_loss: 0.204 ; mean_train_accTop1: 55.277 ; mean_train_accTop5: 55.277 ; stu_train_accTop1: 55.229 ; stu_train_accTop5: 85.084 ; train_accTop1: 58.348 ; train_accTop5: 86.998 ; time: 29.900 ; stu0train_accTop1: 55.469 ; stu0train_accTop5: 85.062 ; stu1train_accTop1: 55.395 ; stu1train_accTop5: 85.370 ; stu2train_accTop1: 54.968 ; stu2train_accTop5: 85.081
2025-10-30 00:15:16,734:INFO: - Test metrics: test_loss: 7.987 ; test_true_loss: 6.063 ; test_group_loss: 0.390 ; mean_test_accTop1: 46.446 ; mean_test_accTop5: 78.606 ; test_accTop1: 50.396 ; test_accTop5: 81.932 ; stu_test_accTop1: 48.932 ; stu_test_accTop5: 80.073 ; dist: 0.334 ; time: 2.619 ; stu0test_accTop1: 45.876 ; stu0test_accTop5: 77.759 ; stu1test_accTop1: 46.301 ; stu1test_accTop5: 78.382 ; stu2test_accTop1: 47.162 ; stu2test_accTop5: 79.678
2025-10-30 00:15:16,759:INFO: - Updated epoch history. Epoch count: 16
2025-10-30 00:15:16,786:INFO: - Found better accuracy
2025-10-30 00:15:16,792:INFO: Epoch 17/300
2025-10-30 00:15:46,532:INFO: - Train metrics: train_loss: 6.267 ; train_true_loss: 4.682 ; train_group_loss: 0.205 ; mean_train_accTop1: 56.023 ; mean_train_accTop5: 56.023 ; stu_train_accTop1: 56.129 ; stu_train_accTop5: 85.612 ; train_accTop1: 58.943 ; train_accTop5: 87.531 ; time: 29.739 ; stu0train_accTop1: 56.138 ; stu0train_accTop5: 85.649 ; stu1train_accTop1: 55.946 ; stu1train_accTop5: 85.658 ; stu2train_accTop1: 55.984 ; stu2train_accTop5: 85.671
2025-10-30 00:15:49,156:INFO: - Test metrics: test_loss: 8.753 ; test_true_loss: 6.614 ; test_group_loss: 0.453 ; mean_test_accTop1: 45.151 ; mean_test_accTop5: 76.645 ; test_accTop1: 48.655 ; test_accTop5: 79.549 ; stu_test_accTop1: 47.221 ; stu_test_accTop5: 77.542 ; dist: 0.346 ; time: 2.622 ; stu0test_accTop1: 46.153 ; stu0test_accTop5: 78.066 ; stu1test_accTop1: 44.422 ; stu1test_accTop5: 75.297 ; stu2test_accTop1: 44.877 ; stu2test_accTop5: 76.572
2025-10-30 00:15:49,180:INFO: - Updated epoch history. Epoch count: 17
2025-10-30 00:15:49,207:INFO: Epoch 18/300
2025-10-30 00:16:19,173:INFO: - Train metrics: train_loss: 6.210 ; train_true_loss: 4.636 ; train_group_loss: 0.205 ; mean_train_accTop1: 56.090 ; mean_train_accTop5: 56.090 ; stu_train_accTop1: 56.260 ; stu_train_accTop5: 85.804 ; train_accTop1: 59.225 ; train_accTop5: 87.778 ; time: 29.966 ; stu0train_accTop1: 56.028 ; stu0train_accTop5: 85.727 ; stu1train_accTop1: 56.238 ; stu1train_accTop5: 85.649 ; stu2train_accTop1: 56.003 ; stu2train_accTop5: 85.775
2025-10-30 00:16:21,816:INFO: - Test metrics: test_loss: 7.583 ; test_true_loss: 5.629 ; test_group_loss: 0.347 ; mean_test_accTop1: 49.070 ; mean_test_accTop5: 80.617 ; test_accTop1: 52.670 ; test_accTop5: 83.287 ; stu_test_accTop1: 48.734 ; stu_test_accTop5: 80.034 ; dist: 0.299 ; time: 2.641 ; stu0test_accTop1: 48.220 ; stu0test_accTop5: 79.806 ; stu1test_accTop1: 49.960 ; stu1test_accTop5: 81.487 ; stu2test_accTop1: 49.031 ; stu2test_accTop5: 80.558
2025-10-30 00:16:21,841:INFO: - Updated epoch history. Epoch count: 18
2025-10-30 00:16:21,869:INFO: Epoch 19/300
2025-10-30 00:16:51,600:INFO: - Train metrics: train_loss: 6.192 ; train_true_loss: 4.619 ; train_group_loss: 0.204 ; mean_train_accTop1: 56.451 ; mean_train_accTop5: 56.451 ; stu_train_accTop1: 56.484 ; stu_train_accTop5: 85.881 ; train_accTop1: 59.642 ; train_accTop5: 87.824 ; time: 29.731 ; stu0train_accTop1: 56.605 ; stu0train_accTop5: 85.862 ; stu1train_accTop1: 56.479 ; stu1train_accTop5: 85.993 ; stu2train_accTop1: 56.269 ; stu2train_accTop5: 85.802
2025-10-30 00:16:54,222:INFO: - Test metrics: test_loss: 7.820 ; test_true_loss: 5.776 ; test_group_loss: 0.374 ; mean_test_accTop1: 48.236 ; mean_test_accTop5: 80.116 ; test_accTop1: 52.324 ; test_accTop5: 82.694 ; stu_test_accTop1: 46.470 ; stu_test_accTop5: 79.529 ; dist: 0.312 ; time: 2.620 ; stu0test_accTop1: 47.567 ; stu0test_accTop5: 80.083 ; stu1test_accTop1: 49.150 ; stu1test_accTop5: 80.113 ; stu2test_accTop1: 47.992 ; stu2test_accTop5: 80.152
2025-10-30 00:16:54,247:INFO: - Updated epoch history. Epoch count: 19
2025-10-30 00:16:54,285:INFO: Epoch 20/300
2025-10-30 00:17:24,016:INFO: - Train metrics: train_loss: 6.109 ; train_true_loss: 4.560 ; train_group_loss: 0.205 ; mean_train_accTop1: 56.933 ; mean_train_accTop5: 56.933 ; stu_train_accTop1: 56.916 ; stu_train_accTop5: 86.424 ; train_accTop1: 60.221 ; train_accTop5: 88.087 ; time: 29.730 ; stu0train_accTop1: 56.929 ; stu0train_accTop5: 86.105 ; stu1train_accTop1: 57.006 ; stu1train_accTop5: 86.143 ; stu2train_accTop1: 56.864 ; stu2train_accTop5: 86.097
2025-10-30 00:17:26,618:INFO: - Test metrics: test_loss: 7.663 ; test_true_loss: 5.684 ; test_group_loss: 0.381 ; mean_test_accTop1: 49.413 ; mean_test_accTop5: 80.050 ; test_accTop1: 53.501 ; test_accTop5: 83.080 ; stu_test_accTop1: 49.130 ; stu_test_accTop5: 80.657 ; dist: 0.311 ; time: 2.601 ; stu0test_accTop1: 50.336 ; stu0test_accTop5: 81.349 ; stu1test_accTop1: 50.049 ; stu1test_accTop5: 80.775 ; stu2test_accTop1: 47.854 ; stu2test_accTop5: 78.026
2025-10-30 00:17:26,642:INFO: - Updated epoch history. Epoch count: 20
2025-10-30 00:17:26,680:INFO: - Found better accuracy
2025-10-30 00:17:26,687:INFO: Epoch 21/300
2025-10-30 00:17:56,505:INFO: - Train metrics: train_loss: 6.069 ; train_true_loss: 4.524 ; train_group_loss: 0.206 ; mean_train_accTop1: 57.118 ; mean_train_accTop5: 57.118 ; stu_train_accTop1: 57.193 ; stu_train_accTop5: 86.519 ; train_accTop1: 60.107 ; train_accTop5: 88.291 ; time: 29.818 ; stu0train_accTop1: 57.238 ; stu0train_accTop5: 86.448 ; stu1train_accTop1: 57.046 ; stu1train_accTop5: 86.371 ; stu2train_accTop1: 57.070 ; stu2train_accTop5: 86.353
2025-10-30 00:17:59,127:INFO: - Test metrics: test_loss: 8.057 ; test_true_loss: 5.900 ; test_group_loss: 0.380 ; mean_test_accTop1: 48.299 ; mean_test_accTop5: 79.526 ; test_accTop1: 52.373 ; test_accTop5: 82.427 ; stu_test_accTop1: 46.944 ; stu_test_accTop5: 78.352 ; dist: 0.313 ; time: 2.620 ; stu0test_accTop1: 47.646 ; stu0test_accTop5: 78.956 ; stu1test_accTop1: 48.032 ; stu1test_accTop5: 79.529 ; stu2test_accTop1: 49.219 ; stu2test_accTop5: 80.093
2025-10-30 00:17:59,151:INFO: - Updated epoch history. Epoch count: 21
2025-10-30 00:17:59,181:INFO: Epoch 22/300
2025-10-30 00:18:28,904:INFO: - Train metrics: train_loss: 6.038 ; train_true_loss: 4.499 ; train_group_loss: 0.202 ; mean_train_accTop1: 57.327 ; mean_train_accTop5: 57.327 ; stu_train_accTop1: 57.723 ; stu_train_accTop5: 86.580 ; train_accTop1: 60.508 ; train_accTop5: 88.436 ; time: 29.723 ; stu0train_accTop1: 57.278 ; stu0train_accTop5: 86.500 ; stu1train_accTop1: 57.498 ; stu1train_accTop5: 86.499 ; stu2train_accTop1: 57.204 ; stu2train_accTop5: 86.586
2025-10-30 00:18:31,512:INFO: - Test metrics: test_loss: 7.949 ; test_true_loss: 5.962 ; test_group_loss: 0.370 ; mean_test_accTop1: 48.312 ; mean_test_accTop5: 79.717 ; test_accTop1: 51.464 ; test_accTop5: 82.110 ; stu_test_accTop1: 49.852 ; stu_test_accTop5: 80.133 ; dist: 0.317 ; time: 2.606 ; stu0test_accTop1: 48.744 ; stu0test_accTop5: 79.470 ; stu1test_accTop1: 47.745 ; stu1test_accTop5: 79.786 ; stu2test_accTop1: 48.447 ; stu2test_accTop5: 79.895
2025-10-30 00:18:31,536:INFO: - Updated epoch history. Epoch count: 22
2025-10-30 00:18:31,561:INFO: - Found better accuracy
2025-10-30 00:18:31,567:INFO: Epoch 23/300
2025-10-30 00:19:01,275:INFO: - Train metrics: train_loss: 6.002 ; train_true_loss: 4.475 ; train_group_loss: 0.203 ; mean_train_accTop1: 57.653 ; mean_train_accTop5: 57.653 ; stu_train_accTop1: 57.916 ; stu_train_accTop5: 86.710 ; train_accTop1: 60.806 ; train_accTop5: 88.586 ; time: 29.708 ; stu0train_accTop1: 57.670 ; stu0train_accTop5: 86.507 ; stu1train_accTop1: 57.734 ; stu1train_accTop5: 86.764 ; stu2train_accTop1: 57.554 ; stu2train_accTop5: 86.489
2025-10-30 00:19:03,913:INFO: - Test metrics: test_loss: 8.361 ; test_true_loss: 6.067 ; test_group_loss: 0.375 ; mean_test_accTop1: 48.174 ; mean_test_accTop5: 79.183 ; test_accTop1: 51.384 ; test_accTop5: 81.527 ; stu_test_accTop1: 45.303 ; stu_test_accTop5: 77.957 ; dist: 0.320 ; time: 2.635 ; stu0test_accTop1: 47.429 ; stu0test_accTop5: 79.500 ; stu1test_accTop1: 48.269 ; stu1test_accTop5: 79.035 ; stu2test_accTop1: 48.823 ; stu2test_accTop5: 79.015
2025-10-30 00:19:03,938:INFO: - Updated epoch history. Epoch count: 23
2025-10-30 00:19:03,975:INFO: Epoch 24/300
2025-10-30 00:19:33,805:INFO: - Train metrics: train_loss: 5.972 ; train_true_loss: 4.444 ; train_group_loss: 0.200 ; mean_train_accTop1: 57.925 ; mean_train_accTop5: 57.925 ; stu_train_accTop1: 57.896 ; stu_train_accTop5: 86.917 ; train_accTop1: 61.127 ; train_accTop5: 88.635 ; time: 29.830 ; stu0train_accTop1: 57.787 ; stu0train_accTop5: 86.775 ; stu1train_accTop1: 58.018 ; stu1train_accTop5: 86.786 ; stu2train_accTop1: 57.969 ; stu2train_accTop5: 86.704
2025-10-30 00:19:36,422:INFO: - Test metrics: test_loss: 8.246 ; test_true_loss: 5.956 ; test_group_loss: 0.400 ; mean_test_accTop1: 48.470 ; mean_test_accTop5: 80.053 ; test_accTop1: 52.255 ; test_accTop5: 83.030 ; stu_test_accTop1: 45.540 ; stu_test_accTop5: 78.768 ; dist: 0.319 ; time: 2.615 ; stu0test_accTop1: 50.850 ; stu0test_accTop5: 81.507 ; stu1test_accTop1: 47.004 ; stu1test_accTop5: 79.598 ; stu2test_accTop1: 47.557 ; stu2test_accTop5: 79.055
2025-10-30 00:19:36,446:INFO: - Updated epoch history. Epoch count: 24
2025-10-30 00:19:36,488:INFO: Epoch 25/300
2025-10-30 00:20:06,166:INFO: - Train metrics: train_loss: 5.943 ; train_true_loss: 4.418 ; train_group_loss: 0.204 ; mean_train_accTop1: 58.157 ; mean_train_accTop5: 58.157 ; stu_train_accTop1: 58.122 ; stu_train_accTop5: 87.255 ; train_accTop1: 61.372 ; train_accTop5: 88.987 ; time: 29.677 ; stu0train_accTop1: 58.014 ; stu0train_accTop5: 86.918 ; stu1train_accTop1: 58.385 ; stu1train_accTop5: 87.149 ; stu2train_accTop1: 58.071 ; stu2train_accTop5: 87.012
2025-10-30 00:20:08,775:INFO: - Test metrics: test_loss: 8.345 ; test_true_loss: 6.161 ; test_group_loss: 0.444 ; mean_test_accTop1: 46.641 ; mean_test_accTop5: 78.287 ; test_accTop1: 50.811 ; test_accTop5: 81.833 ; stu_test_accTop1: 46.460 ; stu_test_accTop5: 78.145 ; dist: 0.351 ; time: 2.607 ; stu0test_accTop1: 44.136 ; stu0test_accTop5: 75.801 ; stu1test_accTop1: 48.190 ; stu1test_accTop5: 80.479 ; stu2test_accTop1: 47.597 ; stu2test_accTop5: 78.580
2025-10-30 00:20:08,800:INFO: - Updated epoch history. Epoch count: 25
2025-10-30 00:20:08,834:INFO: Epoch 26/300
2025-10-30 00:20:38,617:INFO: - Train metrics: train_loss: 5.911 ; train_true_loss: 4.394 ; train_group_loss: 0.200 ; mean_train_accTop1: 58.156 ; mean_train_accTop5: 58.156 ; stu_train_accTop1: 58.411 ; stu_train_accTop5: 87.233 ; train_accTop1: 61.354 ; train_accTop5: 89.110 ; time: 29.783 ; stu0train_accTop1: 58.107 ; stu0train_accTop5: 87.062 ; stu1train_accTop1: 58.341 ; stu1train_accTop5: 87.251 ; stu2train_accTop1: 58.020 ; stu2train_accTop5: 87.066
2025-10-30 00:20:41,244:INFO: - Test metrics: test_loss: 7.599 ; test_true_loss: 5.673 ; test_group_loss: 0.340 ; mean_test_accTop1: 49.690 ; mean_test_accTop5: 80.871 ; test_accTop1: 53.244 ; test_accTop5: 83.386 ; stu_test_accTop1: 51.295 ; stu_test_accTop5: 81.428 ; dist: 0.306 ; time: 2.625 ; stu0test_accTop1: 48.892 ; stu0test_accTop5: 80.469 ; stu1test_accTop1: 51.019 ; stu1test_accTop5: 82.041 ; stu2test_accTop1: 49.159 ; stu2test_accTop5: 80.103
2025-10-30 00:20:41,268:INFO: - Updated epoch history. Epoch count: 26
2025-10-30 00:20:41,313:INFO: - Found better accuracy
2025-10-30 00:20:41,320:INFO: Epoch 27/300
2025-10-30 00:21:11,055:INFO: - Train metrics: train_loss: 5.878 ; train_true_loss: 4.364 ; train_group_loss: 0.200 ; mean_train_accTop1: 58.437 ; mean_train_accTop5: 58.437 ; stu_train_accTop1: 58.908 ; stu_train_accTop5: 87.150 ; train_accTop1: 61.651 ; train_accTop5: 89.097 ; time: 29.734 ; stu0train_accTop1: 58.411 ; stu0train_accTop5: 87.160 ; stu1train_accTop1: 58.618 ; stu1train_accTop5: 87.285 ; stu2train_accTop1: 58.282 ; stu2train_accTop5: 87.302
2025-10-30 00:21:13,663:INFO: - Test metrics: test_loss: 8.012 ; test_true_loss: 5.948 ; test_group_loss: 0.368 ; mean_test_accTop1: 48.190 ; mean_test_accTop5: 79.318 ; test_accTop1: 51.671 ; test_accTop5: 82.249 ; stu_test_accTop1: 49.130 ; stu_test_accTop5: 79.955 ; dist: 0.320 ; time: 2.605 ; stu0test_accTop1: 47.449 ; stu0test_accTop5: 78.936 ; stu1test_accTop1: 49.120 ; stu1test_accTop5: 80.014 ; stu2test_accTop1: 48.002 ; stu2test_accTop5: 79.005
2025-10-30 00:21:13,686:INFO: - Updated epoch history. Epoch count: 27
2025-10-30 00:21:13,714:INFO: Epoch 28/300
2025-10-30 00:21:43,544:INFO: - Train metrics: train_loss: 5.854 ; train_true_loss: 4.340 ; train_group_loss: 0.199 ; mean_train_accTop1: 58.808 ; mean_train_accTop5: 58.808 ; stu_train_accTop1: 59.003 ; stu_train_accTop5: 87.253 ; train_accTop1: 62.003 ; train_accTop5: 89.176 ; time: 29.829 ; stu0train_accTop1: 58.576 ; stu0train_accTop5: 87.231 ; stu1train_accTop1: 58.858 ; stu1train_accTop5: 87.275 ; stu2train_accTop1: 58.989 ; stu2train_accTop5: 87.369
2025-10-30 00:21:46,163:INFO: - Test metrics: test_loss: 7.870 ; test_true_loss: 5.720 ; test_group_loss: 0.360 ; mean_test_accTop1: 49.489 ; mean_test_accTop5: 80.541 ; test_accTop1: 53.194 ; test_accTop5: 83.386 ; stu_test_accTop1: 47.656 ; stu_test_accTop5: 79.598 ; dist: 0.315 ; time: 2.617 ; stu0test_accTop1: 50.870 ; stu0test_accTop5: 81.626 ; stu1test_accTop1: 48.794 ; stu1test_accTop5: 79.885 ; stu2test_accTop1: 48.803 ; stu2test_accTop5: 80.113
2025-10-30 00:21:46,187:INFO: - Updated epoch history. Epoch count: 28
2025-10-30 00:21:46,213:INFO: Epoch 29/300
2025-10-30 00:22:15,930:INFO: - Train metrics: train_loss: 5.819 ; train_true_loss: 4.313 ; train_group_loss: 0.198 ; mean_train_accTop1: 58.986 ; mean_train_accTop5: 58.986 ; stu_train_accTop1: 59.308 ; stu_train_accTop5: 87.557 ; train_accTop1: 62.201 ; train_accTop5: 89.345 ; time: 29.717 ; stu0train_accTop1: 59.004 ; stu0train_accTop5: 87.378 ; stu1train_accTop1: 59.016 ; stu1train_accTop5: 87.368 ; stu2train_accTop1: 58.939 ; stu2train_accTop5: 87.361
2025-10-30 00:22:18,542:INFO: - Test metrics: test_loss: 8.858 ; test_true_loss: 6.502 ; test_group_loss: 0.389 ; mean_test_accTop1: 46.146 ; mean_test_accTop5: 76.533 ; test_accTop1: 49.130 ; test_accTop5: 79.331 ; stu_test_accTop1: 45.609 ; stu_test_accTop5: 75.831 ; dist: 0.336 ; time: 2.610 ; stu0test_accTop1: 47.231 ; stu0test_accTop5: 77.561 ; stu1test_accTop1: 44.343 ; stu1test_accTop5: 74.842 ; stu2test_accTop1: 46.865 ; stu2test_accTop5: 77.195
2025-10-30 00:22:18,566:INFO: - Updated epoch history. Epoch count: 29
2025-10-30 00:22:18,592:INFO: Epoch 30/300
2025-10-30 00:22:48,292:INFO: - Train metrics: train_loss: 5.803 ; train_true_loss: 4.292 ; train_group_loss: 0.197 ; mean_train_accTop1: 59.348 ; mean_train_accTop5: 59.348 ; stu_train_accTop1: 59.249 ; stu_train_accTop5: 87.614 ; train_accTop1: 62.561 ; train_accTop5: 89.520 ; time: 29.700 ; stu0train_accTop1: 59.327 ; stu0train_accTop5: 87.466 ; stu1train_accTop1: 59.482 ; stu1train_accTop5: 87.600 ; stu2train_accTop1: 59.233 ; stu2train_accTop5: 87.655
2025-10-30 00:22:50,912:INFO: - Test metrics: test_loss: 8.160 ; test_true_loss: 6.074 ; test_group_loss: 0.394 ; mean_test_accTop1: 48.243 ; mean_test_accTop5: 79.483 ; test_accTop1: 52.176 ; test_accTop5: 81.853 ; stu_test_accTop1: 49.407 ; stu_test_accTop5: 80.765 ; dist: 0.335 ; time: 2.618 ; stu0test_accTop1: 46.924 ; stu0test_accTop5: 77.166 ; stu1test_accTop1: 50.148 ; stu1test_accTop5: 80.904 ; stu2test_accTop1: 47.656 ; stu2test_accTop5: 80.380
2025-10-30 00:22:50,935:INFO: - Updated epoch history. Epoch count: 30
2025-10-30 00:22:50,963:INFO: Epoch 31/300
2025-10-30 00:23:20,743:INFO: - Train metrics: train_loss: 5.796 ; train_true_loss: 4.291 ; train_group_loss: 0.197 ; mean_train_accTop1: 59.237 ; mean_train_accTop5: 59.237 ; stu_train_accTop1: 59.460 ; stu_train_accTop5: 87.739 ; train_accTop1: 62.278 ; train_accTop5: 89.622 ; time: 29.779 ; stu0train_accTop1: 59.224 ; stu0train_accTop5: 87.593 ; stu1train_accTop1: 59.375 ; stu1train_accTop5: 87.728 ; stu2train_accTop1: 59.113 ; stu2train_accTop5: 87.733
2025-10-30 00:23:23,362:INFO: - Test metrics: test_loss: 7.223 ; test_true_loss: 5.209 ; test_group_loss: 0.344 ; mean_test_accTop1: 52.921 ; mean_test_accTop5: 82.793 ; test_accTop1: 56.319 ; test_accTop5: 85.581 ; stu_test_accTop1: 50.148 ; stu_test_accTop5: 81.606 ; dist: 0.299 ; time: 2.617 ; stu0test_accTop1: 52.304 ; stu0test_accTop5: 82.397 ; stu1test_accTop1: 53.906 ; stu1test_accTop5: 83.149 ; stu2test_accTop1: 52.551 ; stu2test_accTop5: 82.832
2025-10-30 00:23:23,387:INFO: - Updated epoch history. Epoch count: 31
2025-10-30 00:23:23,413:INFO: Epoch 32/300
2025-10-30 00:23:53,331:INFO: - Train metrics: train_loss: 5.770 ; train_true_loss: 4.266 ; train_group_loss: 0.195 ; mean_train_accTop1: 59.484 ; mean_train_accTop5: 59.484 ; stu_train_accTop1: 59.640 ; stu_train_accTop5: 87.966 ; train_accTop1: 62.759 ; train_accTop5: 89.626 ; time: 29.917 ; stu0train_accTop1: 59.521 ; stu0train_accTop5: 87.615 ; stu1train_accTop1: 59.443 ; stu1train_accTop5: 87.806 ; stu2train_accTop1: 59.490 ; stu2train_accTop5: 87.749
2025-10-30 00:23:55,969:INFO: - Test metrics: test_loss: 8.872 ; test_true_loss: 6.496 ; test_group_loss: 0.302 ; mean_test_accTop1: 44.122 ; mean_test_accTop5: 75.241 ; test_accTop1: 46.915 ; test_accTop5: 78.095 ; stu_test_accTop1: 43.285 ; stu_test_accTop5: 74.931 ; dist: 0.300 ; time: 2.636 ; stu0test_accTop1: 43.345 ; stu0test_accTop5: 74.070 ; stu1test_accTop1: 43.542 ; stu1test_accTop5: 74.417 ; stu2test_accTop1: 45.481 ; stu2test_accTop5: 77.235
2025-10-30 00:23:55,994:INFO: - Updated epoch history. Epoch count: 32
2025-10-30 00:23:56,031:INFO: Epoch 33/300
2025-10-30 00:24:25,827:INFO: - Train metrics: train_loss: 5.762 ; train_true_loss: 4.253 ; train_group_loss: 0.192 ; mean_train_accTop1: 59.405 ; mean_train_accTop5: 59.405 ; stu_train_accTop1: 59.540 ; stu_train_accTop5: 88.028 ; train_accTop1: 62.568 ; train_accTop5: 89.704 ; time: 29.796 ; stu0train_accTop1: 59.373 ; stu0train_accTop5: 87.723 ; stu1train_accTop1: 59.393 ; stu1train_accTop5: 87.924 ; stu2train_accTop1: 59.448 ; stu2train_accTop5: 87.810
2025-10-30 00:24:28,461:INFO: - Test metrics: test_loss: 7.526 ; test_true_loss: 5.558 ; test_group_loss: 0.330 ; mean_test_accTop1: 50.138 ; mean_test_accTop5: 80.680 ; test_accTop1: 53.827 ; test_accTop5: 83.347 ; stu_test_accTop1: 51.523 ; stu_test_accTop5: 81.547 ; dist: 0.299 ; time: 2.631 ; stu0test_accTop1: 51.919 ; stu0test_accTop5: 82.199 ; stu1test_accTop1: 48.408 ; stu1test_accTop5: 79.252 ; stu2test_accTop1: 50.089 ; stu2test_accTop5: 80.587
2025-10-30 00:24:28,485:INFO: - Updated epoch history. Epoch count: 33
2025-10-30 00:24:28,511:INFO: - Found better accuracy
2025-10-30 00:24:28,517:INFO: Epoch 34/300
2025-10-30 00:24:58,316:INFO: - Train metrics: train_loss: 5.738 ; train_true_loss: 4.231 ; train_group_loss: 0.192 ; mean_train_accTop1: 59.840 ; mean_train_accTop5: 59.840 ; stu_train_accTop1: 59.961 ; stu_train_accTop5: 88.085 ; train_accTop1: 63.079 ; train_accTop5: 89.750 ; time: 29.798 ; stu0train_accTop1: 59.776 ; stu0train_accTop5: 87.885 ; stu1train_accTop1: 59.833 ; stu1train_accTop5: 87.944 ; stu2train_accTop1: 59.911 ; stu2train_accTop5: 87.987
2025-10-30 00:25:00,937:INFO: - Test metrics: test_loss: 9.628 ; test_true_loss: 7.021 ; test_group_loss: 0.337 ; mean_test_accTop1: 43.760 ; mean_test_accTop5: 74.057 ; test_accTop1: 46.341 ; test_accTop5: 76.404 ; stu_test_accTop1: 43.602 ; stu_test_accTop5: 73.240 ; dist: 0.316 ; time: 2.619 ; stu0test_accTop1: 44.818 ; stu0test_accTop5: 74.862 ; stu1test_accTop1: 45.283 ; stu1test_accTop5: 75.376 ; stu2test_accTop1: 41.179 ; stu2test_accTop5: 71.934
2025-10-30 00:25:00,962:INFO: - Updated epoch history. Epoch count: 34
2025-10-30 00:25:00,988:INFO: Epoch 35/300
2025-10-30 00:25:30,897:INFO: - Train metrics: train_loss: 5.731 ; train_true_loss: 4.222 ; train_group_loss: 0.189 ; mean_train_accTop1: 59.936 ; mean_train_accTop5: 59.936 ; stu_train_accTop1: 60.078 ; stu_train_accTop5: 87.974 ; train_accTop1: 62.993 ; train_accTop5: 89.696 ; time: 29.908 ; stu0train_accTop1: 59.865 ; stu0train_accTop5: 87.895 ; stu1train_accTop1: 59.991 ; stu1train_accTop5: 87.954 ; stu2train_accTop1: 59.951 ; stu2train_accTop5: 87.923
2025-10-30 00:25:33,514:INFO: - Test metrics: test_loss: 7.981 ; test_true_loss: 5.803 ; test_group_loss: 0.400 ; mean_test_accTop1: 50.066 ; mean_test_accTop5: 80.462 ; test_accTop1: 53.778 ; test_accTop5: 83.099 ; stu_test_accTop1: 49.852 ; stu_test_accTop5: 80.281 ; dist: 0.325 ; time: 2.615 ; stu0test_accTop1: 49.486 ; stu0test_accTop5: 80.222 ; stu1test_accTop1: 52.334 ; stu1test_accTop5: 82.486 ; stu2test_accTop1: 48.378 ; stu2test_accTop5: 78.679
2025-10-30 00:25:33,538:INFO: - Updated epoch history. Epoch count: 35
2025-10-30 00:25:33,566:INFO: Epoch 36/300
2025-10-30 00:26:03,285:INFO: - Train metrics: train_loss: 5.710 ; train_true_loss: 4.199 ; train_group_loss: 0.189 ; mean_train_accTop1: 59.949 ; mean_train_accTop5: 59.949 ; stu_train_accTop1: 60.087 ; stu_train_accTop5: 88.175 ; train_accTop1: 63.013 ; train_accTop5: 89.838 ; time: 29.719 ; stu0train_accTop1: 60.070 ; stu0train_accTop5: 87.866 ; stu1train_accTop1: 59.798 ; stu1train_accTop5: 87.911 ; stu2train_accTop1: 59.979 ; stu2train_accTop5: 88.140
2025-10-30 00:26:05,927:INFO: - Test metrics: test_loss: 7.648 ; test_true_loss: 5.605 ; test_group_loss: 0.386 ; mean_test_accTop1: 51.249 ; mean_test_accTop5: 81.415 ; test_accTop1: 54.984 ; test_accTop5: 83.772 ; stu_test_accTop1: 51.839 ; stu_test_accTop5: 81.280 ; dist: 0.320 ; time: 2.640 ; stu0test_accTop1: 52.077 ; stu0test_accTop5: 82.120 ; stu1test_accTop1: 51.839 ; stu1test_accTop5: 81.744 ; stu2test_accTop1: 49.832 ; stu2test_accTop5: 80.380
2025-10-30 00:26:05,952:INFO: - Updated epoch history. Epoch count: 36
2025-10-30 00:26:05,978:INFO: - Found better accuracy
2025-10-30 00:26:05,984:INFO: Epoch 37/300
2025-10-30 00:26:35,736:INFO: - Train metrics: train_loss: 5.693 ; train_true_loss: 4.186 ; train_group_loss: 0.187 ; mean_train_accTop1: 60.270 ; mean_train_accTop5: 60.270 ; stu_train_accTop1: 60.511 ; stu_train_accTop5: 88.394 ; train_accTop1: 63.427 ; train_accTop5: 89.832 ; time: 29.751 ; stu0train_accTop1: 60.274 ; stu0train_accTop5: 88.100 ; stu1train_accTop1: 60.273 ; stu1train_accTop5: 87.919 ; stu2train_accTop1: 60.264 ; stu2train_accTop5: 88.065
2025-10-30 00:26:38,373:INFO: - Test metrics: test_loss: 6.969 ; test_true_loss: 5.091 ; test_group_loss: 0.367 ; mean_test_accTop1: 53.066 ; mean_test_accTop5: 83.679 ; test_accTop1: 57.684 ; test_accTop5: 86.521 ; stu_test_accTop1: 54.094 ; stu_test_accTop5: 83.515 ; dist: 0.316 ; time: 2.635 ; stu0test_accTop1: 52.522 ; stu0test_accTop5: 83.080 ; stu1test_accTop1: 52.858 ; stu1test_accTop5: 83.534 ; stu2test_accTop1: 53.817 ; stu2test_accTop5: 84.424
2025-10-30 00:26:38,398:INFO: - Updated epoch history. Epoch count: 37
2025-10-30 00:26:38,426:INFO: - Found better accuracy
2025-10-30 00:26:38,432:INFO: Epoch 38/300
2025-10-30 00:27:08,313:INFO: - Train metrics: train_loss: 5.712 ; train_true_loss: 4.196 ; train_group_loss: 0.183 ; mean_train_accTop1: 60.000 ; mean_train_accTop5: 60.000 ; stu_train_accTop1: 60.046 ; stu_train_accTop5: 88.359 ; train_accTop1: 63.257 ; train_accTop5: 89.889 ; time: 29.881 ; stu0train_accTop1: 59.928 ; stu0train_accTop5: 88.078 ; stu1train_accTop1: 60.127 ; stu1train_accTop5: 88.049 ; stu2train_accTop1: 59.946 ; stu2train_accTop5: 88.137
2025-10-30 00:27:10,941:INFO: - Test metrics: test_loss: 7.758 ; test_true_loss: 5.577 ; test_group_loss: 0.321 ; mean_test_accTop1: 50.752 ; mean_test_accTop5: 80.581 ; test_accTop1: 53.975 ; test_accTop5: 83.386 ; stu_test_accTop1: 49.515 ; stu_test_accTop5: 78.936 ; dist: 0.298 ; time: 2.626 ; stu0test_accTop1: 51.473 ; stu0test_accTop5: 80.409 ; stu1test_accTop1: 49.061 ; stu1test_accTop5: 79.519 ; stu2test_accTop1: 51.721 ; stu2test_accTop5: 81.814
2025-10-30 00:27:10,965:INFO: - Updated epoch history. Epoch count: 38
2025-10-30 00:27:11,002:INFO: Epoch 39/300
2025-10-30 00:27:40,742:INFO: - Train metrics: train_loss: 5.696 ; train_true_loss: 4.180 ; train_group_loss: 0.182 ; mean_train_accTop1: 60.259 ; mean_train_accTop5: 60.259 ; stu_train_accTop1: 60.403 ; stu_train_accTop5: 88.582 ; train_accTop1: 63.369 ; train_accTop5: 89.958 ; time: 29.740 ; stu0train_accTop1: 60.429 ; stu0train_accTop5: 88.161 ; stu1train_accTop1: 60.280 ; stu1train_accTop5: 88.269 ; stu2train_accTop1: 60.066 ; stu2train_accTop5: 88.157
2025-10-30 00:27:43,376:INFO: - Test metrics: test_loss: 7.850 ; test_true_loss: 5.760 ; test_group_loss: 0.301 ; mean_test_accTop1: 49.328 ; mean_test_accTop5: 80.149 ; test_accTop1: 52.838 ; test_accTop5: 82.694 ; stu_test_accTop1: 50.910 ; stu_test_accTop5: 80.123 ; dist: 0.301 ; time: 2.632 ; stu0test_accTop1: 48.942 ; stu0test_accTop5: 79.688 ; stu1test_accTop1: 47.973 ; stu1test_accTop5: 78.847 ; stu2test_accTop1: 51.068 ; stu2test_accTop5: 81.913
2025-10-30 00:27:43,400:INFO: - Updated epoch history. Epoch count: 39
2025-10-30 00:27:43,426:INFO: Epoch 40/300
2025-10-30 00:28:13,134:INFO: - Train metrics: train_loss: 5.679 ; train_true_loss: 4.161 ; train_group_loss: 0.180 ; mean_train_accTop1: 60.389 ; mean_train_accTop5: 60.389 ; stu_train_accTop1: 60.655 ; stu_train_accTop5: 88.443 ; train_accTop1: 63.436 ; train_accTop5: 90.054 ; time: 29.707 ; stu0train_accTop1: 60.455 ; stu0train_accTop5: 88.356 ; stu1train_accTop1: 60.319 ; stu1train_accTop5: 88.398 ; stu2train_accTop1: 60.393 ; stu2train_accTop5: 88.224
2025-10-30 00:28:15,757:INFO: - Test metrics: test_loss: 7.200 ; test_true_loss: 5.129 ; test_group_loss: 0.280 ; mean_test_accTop1: 53.652 ; mean_test_accTop5: 83.060 ; test_accTop1: 57.002 ; test_accTop5: 85.206 ; stu_test_accTop1: 51.553 ; stu_test_accTop5: 82.031 ; dist: 0.280 ; time: 2.622 ; stu0test_accTop1: 53.194 ; stu0test_accTop5: 82.842 ; stu1test_accTop1: 55.103 ; stu1test_accTop5: 84.088 ; stu2test_accTop1: 52.660 ; stu2test_accTop5: 82.249
2025-10-30 00:28:15,782:INFO: - Updated epoch history. Epoch count: 40
2025-10-30 00:28:15,808:INFO: Epoch 41/300
2025-10-30 00:28:45,655:INFO: - Train metrics: train_loss: 5.660 ; train_true_loss: 4.143 ; train_group_loss: 0.179 ; mean_train_accTop1: 60.640 ; mean_train_accTop5: 60.640 ; stu_train_accTop1: 60.713 ; stu_train_accTop5: 88.605 ; train_accTop1: 63.814 ; train_accTop5: 90.128 ; time: 29.846 ; stu0train_accTop1: 60.647 ; stu0train_accTop5: 88.318 ; stu1train_accTop1: 60.634 ; stu1train_accTop5: 88.488 ; stu2train_accTop1: 60.638 ; stu2train_accTop5: 88.346
2025-10-30 00:28:48,293:INFO: - Test metrics: test_loss: 8.174 ; test_true_loss: 5.881 ; test_group_loss: 0.355 ; mean_test_accTop1: 49.041 ; mean_test_accTop5: 80.205 ; test_accTop1: 52.166 ; test_accTop5: 82.892 ; stu_test_accTop1: 48.269 ; stu_test_accTop5: 79.272 ; dist: 0.325 ; time: 2.637 ; stu0test_accTop1: 49.209 ; stu0test_accTop5: 80.409 ; stu1test_accTop1: 48.378 ; stu1test_accTop5: 79.500 ; stu2test_accTop1: 49.535 ; stu2test_accTop5: 80.706
2025-10-30 00:28:48,318:INFO: - Updated epoch history. Epoch count: 41
2025-10-30 00:28:48,350:INFO: Epoch 42/300
2025-10-30 00:29:18,154:INFO: - Train metrics: train_loss: 5.642 ; train_true_loss: 4.125 ; train_group_loss: 0.175 ; mean_train_accTop1: 60.625 ; mean_train_accTop5: 60.625 ; stu_train_accTop1: 61.226 ; stu_train_accTop5: 88.717 ; train_accTop1: 63.724 ; train_accTop5: 90.229 ; time: 29.804 ; stu0train_accTop1: 60.632 ; stu0train_accTop5: 88.453 ; stu1train_accTop1: 60.543 ; stu1train_accTop5: 88.487 ; stu2train_accTop1: 60.699 ; stu2train_accTop5: 88.565
2025-10-30 00:29:20,765:INFO: - Test metrics: test_loss: 8.676 ; test_true_loss: 6.353 ; test_group_loss: 0.391 ; mean_test_accTop1: 47.485 ; mean_test_accTop5: 79.440 ; test_accTop1: 50.554 ; test_accTop5: 81.922 ; stu_test_accTop1: 49.308 ; stu_test_accTop5: 80.212 ; dist: 0.337 ; time: 2.609 ; stu0test_accTop1: 47.063 ; stu0test_accTop5: 79.223 ; stu1test_accTop1: 47.725 ; stu1test_accTop5: 79.707 ; stu2test_accTop1: 47.666 ; stu2test_accTop5: 79.391
2025-10-30 00:29:20,790:INFO: - Updated epoch history. Epoch count: 42
2025-10-30 00:29:20,816:INFO: Epoch 43/300
2025-10-30 00:29:50,690:INFO: - Train metrics: train_loss: 5.656 ; train_true_loss: 4.129 ; train_group_loss: 0.174 ; mean_train_accTop1: 60.738 ; mean_train_accTop5: 60.738 ; stu_train_accTop1: 61.142 ; stu_train_accTop5: 88.762 ; train_accTop1: 63.678 ; train_accTop5: 90.097 ; time: 29.873 ; stu0train_accTop1: 60.617 ; stu0train_accTop5: 88.291 ; stu1train_accTop1: 60.693 ; stu1train_accTop5: 88.505 ; stu2train_accTop1: 60.906 ; stu2train_accTop5: 88.542
2025-10-30 00:29:53,296:INFO: - Test metrics: test_loss: 7.386 ; test_true_loss: 5.391 ; test_group_loss: 0.354 ; mean_test_accTop1: 51.602 ; mean_test_accTop5: 82.008 ; test_accTop1: 55.409 ; test_accTop5: 84.553 ; stu_test_accTop1: 53.046 ; stu_test_accTop5: 83.030 ; dist: 0.314 ; time: 2.604 ; stu0test_accTop1: 51.681 ; stu0test_accTop5: 82.278 ; stu1test_accTop1: 51.760 ; stu1test_accTop5: 82.269 ; stu2test_accTop1: 51.365 ; stu2test_accTop5: 81.477
2025-10-30 00:29:53,320:INFO: - Updated epoch history. Epoch count: 43
2025-10-30 00:29:53,347:INFO: Epoch 44/300
2025-10-30 00:30:23,261:INFO: - Train metrics: train_loss: 5.654 ; train_true_loss: 4.122 ; train_group_loss: 0.173 ; mean_train_accTop1: 60.790 ; mean_train_accTop5: 60.790 ; stu_train_accTop1: 61.108 ; stu_train_accTop5: 88.692 ; train_accTop1: 63.821 ; train_accTop5: 90.167 ; time: 29.914 ; stu0train_accTop1: 60.658 ; stu0train_accTop5: 88.438 ; stu1train_accTop1: 61.003 ; stu1train_accTop5: 88.245 ; stu2train_accTop1: 60.709 ; stu2train_accTop5: 88.513
2025-10-30 00:30:25,897:INFO: - Test metrics: test_loss: 8.174 ; test_true_loss: 6.024 ; test_group_loss: 0.346 ; mean_test_accTop1: 47.861 ; mean_test_accTop5: 79.299 ; test_accTop1: 51.622 ; test_accTop5: 82.170 ; stu_test_accTop1: 50.880 ; stu_test_accTop5: 81.240 ; dist: 0.327 ; time: 2.634 ; stu0test_accTop1: 45.787 ; stu0test_accTop5: 78.115 ; stu1test_accTop1: 49.031 ; stu1test_accTop5: 80.083 ; stu2test_accTop1: 48.764 ; stu2test_accTop5: 79.697
2025-10-30 00:30:25,922:INFO: - Updated epoch history. Epoch count: 44
2025-10-30 00:30:25,950:INFO: Epoch 45/300
2025-10-30 00:30:55,676:INFO: - Train metrics: train_loss: 5.643 ; train_true_loss: 4.108 ; train_group_loss: 0.171 ; mean_train_accTop1: 60.854 ; mean_train_accTop5: 60.854 ; stu_train_accTop1: 61.278 ; stu_train_accTop5: 88.742 ; train_accTop1: 63.940 ; train_accTop5: 90.094 ; time: 29.725 ; stu0train_accTop1: 60.776 ; stu0train_accTop5: 88.476 ; stu1train_accTop1: 60.900 ; stu1train_accTop5: 88.631 ; stu2train_accTop1: 60.885 ; stu2train_accTop5: 88.489
2025-10-30 00:30:58,312:INFO: - Test metrics: test_loss: 8.374 ; test_true_loss: 6.042 ; test_group_loss: 0.358 ; mean_test_accTop1: 48.197 ; mean_test_accTop5: 79.203 ; test_accTop1: 51.741 ; test_accTop5: 82.051 ; stu_test_accTop1: 47.814 ; stu_test_accTop5: 78.867 ; dist: 0.331 ; time: 2.634 ; stu0test_accTop1: 48.081 ; stu0test_accTop5: 78.807 ; stu1test_accTop1: 46.341 ; stu1test_accTop5: 78.046 ; stu2test_accTop1: 50.168 ; stu2test_accTop5: 80.756
2025-10-30 00:30:58,336:INFO: - Updated epoch history. Epoch count: 45
2025-10-30 00:30:58,363:INFO: Epoch 46/300
2025-10-30 00:31:28,219:INFO: - Train metrics: train_loss: 5.634 ; train_true_loss: 4.097 ; train_group_loss: 0.168 ; mean_train_accTop1: 60.937 ; mean_train_accTop5: 60.937 ; stu_train_accTop1: 61.220 ; stu_train_accTop5: 88.616 ; train_accTop1: 64.021 ; train_accTop5: 90.285 ; time: 29.856 ; stu0train_accTop1: 60.839 ; stu0train_accTop5: 88.493 ; stu1train_accTop1: 60.809 ; stu1train_accTop5: 88.666 ; stu2train_accTop1: 61.163 ; stu2train_accTop5: 88.667
2025-10-30 00:31:30,841:INFO: - Test metrics: test_loss: 7.713 ; test_true_loss: 5.356 ; test_group_loss: 0.318 ; mean_test_accTop1: 52.739 ; mean_test_accTop5: 82.615 ; test_accTop1: 56.072 ; test_accTop5: 84.949 ; stu_test_accTop1: 50.059 ; stu_test_accTop5: 80.281 ; dist: 0.300 ; time: 2.619 ; stu0test_accTop1: 52.957 ; stu0test_accTop5: 81.992 ; stu1test_accTop1: 54.589 ; stu1test_accTop5: 83.900 ; stu2test_accTop1: 50.672 ; stu2test_accTop5: 81.952
2025-10-30 00:31:30,864:INFO: - Updated epoch history. Epoch count: 46
2025-10-30 00:31:30,894:INFO: Epoch 47/300
2025-10-30 00:32:00,671:INFO: - Train metrics: train_loss: 5.602 ; train_true_loss: 4.070 ; train_group_loss: 0.166 ; mean_train_accTop1: 61.317 ; mean_train_accTop5: 61.317 ; stu_train_accTop1: 61.417 ; stu_train_accTop5: 88.890 ; train_accTop1: 64.170 ; train_accTop5: 90.251 ; time: 29.777 ; stu0train_accTop1: 61.280 ; stu0train_accTop5: 88.631 ; stu1train_accTop1: 61.206 ; stu1train_accTop5: 88.774 ; stu2train_accTop1: 61.465 ; stu2train_accTop5: 88.639
2025-10-30 00:32:03,302:INFO: - Test metrics: test_loss: 7.913 ; test_true_loss: 5.729 ; test_group_loss: 0.287 ; mean_test_accTop1: 49.720 ; mean_test_accTop5: 79.941 ; test_accTop1: 53.036 ; test_accTop5: 82.150 ; stu_test_accTop1: 51.384 ; stu_test_accTop5: 81.873 ; dist: 0.293 ; time: 2.629 ; stu0test_accTop1: 50.455 ; stu0test_accTop5: 80.627 ; stu1test_accTop1: 49.100 ; stu1test_accTop5: 80.162 ; stu2test_accTop1: 49.604 ; stu2test_accTop5: 79.035
2025-10-30 00:32:03,326:INFO: - Updated epoch history. Epoch count: 47
2025-10-30 00:32:03,352:INFO: Epoch 48/300
2025-10-30 00:32:33,219:INFO: - Train metrics: train_loss: 5.649 ; train_true_loss: 4.101 ; train_group_loss: 0.165 ; mean_train_accTop1: 61.040 ; mean_train_accTop5: 61.040 ; stu_train_accTop1: 61.363 ; stu_train_accTop5: 88.819 ; train_accTop1: 63.952 ; train_accTop5: 90.258 ; time: 29.866 ; stu0train_accTop1: 61.068 ; stu0train_accTop5: 88.555 ; stu1train_accTop1: 60.878 ; stu1train_accTop5: 88.603 ; stu2train_accTop1: 61.174 ; stu2train_accTop5: 88.724
2025-10-30 00:32:35,852:INFO: - Test metrics: test_loss: 6.995 ; test_true_loss: 5.030 ; test_group_loss: 0.311 ; mean_test_accTop1: 54.266 ; mean_test_accTop5: 83.993 ; test_accTop1: 57.931 ; test_accTop5: 86.313 ; stu_test_accTop1: 55.686 ; stu_test_accTop5: 83.920 ; dist: 0.294 ; time: 2.632 ; stu0test_accTop1: 55.192 ; stu0test_accTop5: 84.167 ; stu1test_accTop1: 53.234 ; stu1test_accTop5: 83.554 ; stu2test_accTop1: 54.371 ; stu2test_accTop5: 84.256
2025-10-30 00:32:35,877:INFO: - Updated epoch history. Epoch count: 48
2025-10-30 00:32:35,903:INFO: - Found better accuracy
2025-10-30 00:32:35,909:INFO: Epoch 49/300
2025-10-30 00:33:06,056:INFO: - Train metrics: train_loss: 5.611 ; train_true_loss: 4.066 ; train_group_loss: 0.162 ; mean_train_accTop1: 61.132 ; mean_train_accTop5: 61.132 ; stu_train_accTop1: 61.521 ; stu_train_accTop5: 89.086 ; train_accTop1: 64.082 ; train_accTop5: 90.424 ; time: 30.146 ; stu0train_accTop1: 60.908 ; stu0train_accTop5: 88.730 ; stu1train_accTop1: 61.220 ; stu1train_accTop5: 88.800 ; stu2train_accTop1: 61.268 ; stu2train_accTop5: 88.873
2025-10-30 00:33:08,715:INFO: - Test metrics: test_loss: 7.009 ; test_true_loss: 5.016 ; test_group_loss: 0.297 ; mean_test_accTop1: 54.101 ; mean_test_accTop5: 83.933 ; test_accTop1: 57.664 ; test_accTop5: 86.452 ; stu_test_accTop1: 54.470 ; stu_test_accTop5: 84.444 ; dist: 0.284 ; time: 2.657 ; stu0test_accTop1: 55.775 ; stu0test_accTop5: 85.225 ; stu1test_accTop1: 53.699 ; stu1test_accTop5: 83.732 ; stu2test_accTop1: 52.828 ; stu2test_accTop5: 82.842
2025-10-30 00:33:08,739:INFO: - Updated epoch history. Epoch count: 49
2025-10-30 00:33:08,767:INFO: Epoch 50/300
2025-10-30 00:33:38,806:INFO: - Train metrics: train_loss: 5.637 ; train_true_loss: 4.082 ; train_group_loss: 0.160 ; mean_train_accTop1: 60.971 ; mean_train_accTop5: 60.971 ; stu_train_accTop1: 61.523 ; stu_train_accTop5: 88.863 ; train_accTop1: 63.917 ; train_accTop5: 90.226 ; time: 30.039 ; stu0train_accTop1: 60.960 ; stu0train_accTop5: 88.724 ; stu1train_accTop1: 60.924 ; stu1train_accTop5: 88.706 ; stu2train_accTop1: 61.030 ; stu2train_accTop5: 88.805
2025-10-30 00:33:41,452:INFO: - Test metrics: test_loss: 7.148 ; test_true_loss: 5.165 ; test_group_loss: 0.280 ; mean_test_accTop1: 53.517 ; mean_test_accTop5: 83.014 ; test_accTop1: 56.675 ; test_accTop5: 85.522 ; stu_test_accTop1: 56.507 ; stu_test_accTop5: 84.335 ; dist: 0.281 ; time: 2.644 ; stu0test_accTop1: 53.936 ; stu0test_accTop5: 83.030 ; stu1test_accTop1: 52.047 ; stu1test_accTop5: 82.219 ; stu2test_accTop1: 54.569 ; stu2test_accTop5: 83.792
2025-10-30 00:33:41,476:INFO: - Updated epoch history. Epoch count: 50
2025-10-30 00:33:41,503:INFO: - Found better accuracy
2025-10-30 00:33:41,510:INFO: Epoch 51/300
2025-10-30 00:34:12,612:INFO: - Train metrics: train_loss: 5.609 ; train_true_loss: 4.052 ; train_group_loss: 0.159 ; mean_train_accTop1: 61.430 ; mean_train_accTop5: 61.430 ; stu_train_accTop1: 61.564 ; stu_train_accTop5: 89.194 ; train_accTop1: 64.263 ; train_accTop5: 90.540 ; time: 31.102 ; stu0train_accTop1: 61.474 ; stu0train_accTop5: 88.844 ; stu1train_accTop1: 61.387 ; stu1train_accTop5: 88.838 ; stu2train_accTop1: 61.429 ; stu2train_accTop5: 88.991
2025-10-30 00:34:15,274:INFO: - Test metrics: test_loss: 6.917 ; test_true_loss: 4.946 ; test_group_loss: 0.275 ; mean_test_accTop1: 54.961 ; mean_test_accTop5: 83.693 ; test_accTop1: 57.961 ; test_accTop5: 86.036 ; stu_test_accTop1: 55.202 ; stu_test_accTop5: 84.879 ; dist: 0.272 ; time: 2.660 ; stu0test_accTop1: 55.320 ; stu0test_accTop5: 83.801 ; stu1test_accTop1: 55.212 ; stu1test_accTop5: 84.434 ; stu2test_accTop1: 54.351 ; stu2test_accTop5: 82.842
2025-10-30 00:34:15,298:INFO: - Updated epoch history. Epoch count: 51
2025-10-30 00:34:15,325:INFO: Epoch 52/300
2025-10-30 00:34:46,075:INFO: - Train metrics: train_loss: 5.600 ; train_true_loss: 4.043 ; train_group_loss: 0.156 ; mean_train_accTop1: 61.492 ; mean_train_accTop5: 61.492 ; stu_train_accTop1: 61.955 ; stu_train_accTop5: 89.225 ; train_accTop1: 64.374 ; train_accTop5: 90.627 ; time: 30.750 ; stu0train_accTop1: 61.348 ; stu0train_accTop5: 89.005 ; stu1train_accTop1: 61.611 ; stu1train_accTop5: 88.962 ; stu2train_accTop1: 61.517 ; stu2train_accTop5: 88.893
2025-10-30 00:34:48,678:INFO: - Test metrics: test_loss: 7.152 ; test_true_loss: 5.165 ; test_group_loss: 0.242 ; mean_test_accTop1: 52.848 ; mean_test_accTop5: 83.020 ; test_accTop1: 55.459 ; test_accTop5: 84.840 ; stu_test_accTop1: 54.104 ; stu_test_accTop5: 84.108 ; dist: 0.269 ; time: 2.601 ; stu0test_accTop1: 52.581 ; stu0test_accTop5: 82.011 ; stu1test_accTop1: 53.699 ; stu1test_accTop5: 83.841 ; stu2test_accTop1: 52.265 ; stu2test_accTop5: 83.208
2025-10-30 00:34:48,704:INFO: - Updated epoch history. Epoch count: 52
2025-10-30 00:34:48,733:INFO: Epoch 53/300
2025-10-30 00:35:19,700:INFO: - Train metrics: train_loss: 5.594 ; train_true_loss: 4.034 ; train_group_loss: 0.154 ; mean_train_accTop1: 61.655 ; mean_train_accTop5: 61.655 ; stu_train_accTop1: 61.698 ; stu_train_accTop5: 89.024 ; train_accTop1: 64.390 ; train_accTop5: 90.359 ; time: 30.966 ; stu0train_accTop1: 61.498 ; stu0train_accTop5: 88.975 ; stu1train_accTop1: 61.651 ; stu1train_accTop5: 88.814 ; stu2train_accTop1: 61.815 ; stu2train_accTop5: 88.885
2025-10-30 00:35:22,523:INFO: - Test metrics: test_loss: 7.064 ; test_true_loss: 5.086 ; test_group_loss: 0.255 ; mean_test_accTop1: 53.821 ; mean_test_accTop5: 82.529 ; test_accTop1: 56.942 ; test_accTop5: 85.047 ; stu_test_accTop1: 55.736 ; stu_test_accTop5: 84.306 ; dist: 0.274 ; time: 2.821 ; stu0test_accTop1: 54.371 ; stu0test_accTop5: 82.872 ; stu1test_accTop1: 53.056 ; stu1test_accTop5: 82.298 ; stu2test_accTop1: 54.035 ; stu2test_accTop5: 82.417
2025-10-30 00:35:22,547:INFO: - Updated epoch history. Epoch count: 53
2025-10-30 00:35:22,573:INFO: Epoch 54/300
2025-10-30 00:35:53,718:INFO: - Train metrics: train_loss: 5.590 ; train_true_loss: 4.029 ; train_group_loss: 0.152 ; mean_train_accTop1: 61.761 ; mean_train_accTop5: 61.761 ; stu_train_accTop1: 61.985 ; stu_train_accTop5: 89.047 ; train_accTop1: 64.482 ; train_accTop5: 90.474 ; time: 31.144 ; stu0train_accTop1: 61.658 ; stu0train_accTop5: 88.883 ; stu1train_accTop1: 61.821 ; stu1train_accTop5: 89.019 ; stu2train_accTop1: 61.805 ; stu2train_accTop5: 88.971
2025-10-30 00:35:56,514:INFO: - Test metrics: test_loss: 6.907 ; test_true_loss: 4.993 ; test_group_loss: 0.240 ; mean_test_accTop1: 54.345 ; mean_test_accTop5: 83.557 ; test_accTop1: 57.536 ; test_accTop5: 85.255 ; stu_test_accTop1: 57.130 ; stu_test_accTop5: 85.235 ; dist: 0.266 ; time: 2.794 ; stu0test_accTop1: 54.460 ; stu0test_accTop5: 83.673 ; stu1test_accTop1: 54.361 ; stu1test_accTop5: 83.614 ; stu2test_accTop1: 54.213 ; stu2test_accTop5: 83.386
2025-10-30 00:35:56,538:INFO: - Updated epoch history. Epoch count: 54
2025-10-30 00:35:56,566:INFO: - Found better accuracy
2025-10-30 00:35:56,572:INFO: Epoch 55/300
2025-10-30 00:36:27,282:INFO: - Train metrics: train_loss: 5.625 ; train_true_loss: 4.049 ; train_group_loss: 0.149 ; mean_train_accTop1: 61.394 ; mean_train_accTop5: 61.394 ; stu_train_accTop1: 61.601 ; stu_train_accTop5: 88.895 ; train_accTop1: 64.139 ; train_accTop5: 90.231 ; time: 30.709 ; stu0train_accTop1: 61.213 ; stu0train_accTop5: 88.792 ; stu1train_accTop1: 61.481 ; stu1train_accTop5: 88.840 ; stu2train_accTop1: 61.489 ; stu2train_accTop5: 88.875
2025-10-30 00:36:29,998:INFO: - Test metrics: test_loss: 7.423 ; test_true_loss: 5.245 ; test_group_loss: 0.293 ; mean_test_accTop1: 52.792 ; mean_test_accTop5: 82.493 ; test_accTop1: 56.438 ; test_accTop5: 85.314 ; stu_test_accTop1: 53.135 ; stu_test_accTop5: 81.883 ; dist: 0.303 ; time: 2.714 ; stu0test_accTop1: 51.434 ; stu0test_accTop5: 82.209 ; stu1test_accTop1: 53.412 ; stu1test_accTop5: 83.070 ; stu2test_accTop1: 53.530 ; stu2test_accTop5: 82.199
2025-10-30 00:36:30,022:INFO: - Updated epoch history. Epoch count: 55
2025-10-30 00:36:30,050:INFO: Epoch 56/300
2025-10-30 00:37:00,371:INFO: - Train metrics: train_loss: 5.597 ; train_true_loss: 4.024 ; train_group_loss: 0.148 ; mean_train_accTop1: 61.690 ; mean_train_accTop5: 61.690 ; stu_train_accTop1: 61.797 ; stu_train_accTop5: 89.267 ; train_accTop1: 64.534 ; train_accTop5: 90.541 ; time: 30.321 ; stu0train_accTop1: 61.711 ; stu0train_accTop5: 88.904 ; stu1train_accTop1: 61.736 ; stu1train_accTop5: 89.044 ; stu2train_accTop1: 61.624 ; stu2train_accTop5: 89.098
2025-10-30 00:37:02,985:INFO: - Test metrics: test_loss: 8.663 ; test_true_loss: 6.234 ; test_group_loss: 0.307 ; mean_test_accTop1: 48.484 ; mean_test_accTop5: 77.532 ; test_accTop1: 51.394 ; test_accTop5: 79.846 ; stu_test_accTop1: 50.386 ; stu_test_accTop5: 79.509 ; dist: 0.294 ; time: 2.612 ; stu0test_accTop1: 48.803 ; stu0test_accTop5: 77.294 ; stu1test_accTop1: 46.667 ; stu1test_accTop5: 76.157 ; stu2test_accTop1: 49.980 ; stu2test_accTop5: 79.144
2025-10-30 00:37:03,010:INFO: - Updated epoch history. Epoch count: 56
2025-10-30 00:37:03,048:INFO: Epoch 57/300
2025-10-30 00:37:33,074:INFO: - Train metrics: train_loss: 5.595 ; train_true_loss: 4.016 ; train_group_loss: 0.147 ; mean_train_accTop1: 61.796 ; mean_train_accTop5: 61.796 ; stu_train_accTop1: 62.086 ; stu_train_accTop5: 89.341 ; train_accTop1: 64.519 ; train_accTop5: 90.575 ; time: 30.025 ; stu0train_accTop1: 61.608 ; stu0train_accTop5: 88.965 ; stu1train_accTop1: 61.812 ; stu1train_accTop5: 89.174 ; stu2train_accTop1: 61.968 ; stu2train_accTop5: 89.170
2025-10-30 00:37:35,712:INFO: - Test metrics: test_loss: 7.708 ; test_true_loss: 5.452 ; test_group_loss: 0.257 ; mean_test_accTop1: 51.635 ; mean_test_accTop5: 82.025 ; test_accTop1: 54.420 ; test_accTop5: 84.059 ; stu_test_accTop1: 51.533 ; stu_test_accTop5: 81.942 ; dist: 0.282 ; time: 2.636 ; stu0test_accTop1: 51.226 ; stu0test_accTop5: 81.487 ; stu1test_accTop1: 52.314 ; stu1test_accTop5: 82.714 ; stu2test_accTop1: 51.365 ; stu2test_accTop5: 81.873
2025-10-30 00:37:35,736:INFO: - Updated epoch history. Epoch count: 57
2025-10-30 00:37:35,774:INFO: Epoch 58/300
2025-10-30 00:38:05,936:INFO: - Train metrics: train_loss: 5.617 ; train_true_loss: 4.033 ; train_group_loss: 0.143 ; mean_train_accTop1: 61.492 ; mean_train_accTop5: 61.492 ; stu_train_accTop1: 61.939 ; stu_train_accTop5: 89.342 ; train_accTop1: 64.484 ; train_accTop5: 90.500 ; time: 30.162 ; stu0train_accTop1: 61.447 ; stu0train_accTop5: 88.854 ; stu1train_accTop1: 61.490 ; stu1train_accTop5: 89.040 ; stu2train_accTop1: 61.539 ; stu2train_accTop5: 89.148
2025-10-30 00:38:08,604:INFO: - Test metrics: test_loss: 8.430 ; test_true_loss: 5.981 ; test_group_loss: 0.299 ; mean_test_accTop1: 47.966 ; mean_test_accTop5: 79.651 ; test_accTop1: 50.850 ; test_accTop5: 82.002 ; stu_test_accTop1: 49.684 ; stu_test_accTop5: 80.271 ; dist: 0.304 ; time: 2.665 ; stu0test_accTop1: 47.221 ; stu0test_accTop5: 79.173 ; stu1test_accTop1: 48.428 ; stu1test_accTop5: 79.875 ; stu2test_accTop1: 48.250 ; stu2test_accTop5: 79.905
2025-10-30 00:38:08,628:INFO: - Updated epoch history. Epoch count: 58
2025-10-30 00:38:08,658:INFO: Epoch 59/300
2025-10-30 00:38:38,660:INFO: - Train metrics: train_loss: 5.605 ; train_true_loss: 4.014 ; train_group_loss: 0.142 ; mean_train_accTop1: 61.754 ; mean_train_accTop5: 61.754 ; stu_train_accTop1: 61.911 ; stu_train_accTop5: 89.158 ; train_accTop1: 64.338 ; train_accTop5: 90.567 ; time: 30.001 ; stu0train_accTop1: 61.806 ; stu0train_accTop5: 89.031 ; stu1train_accTop1: 61.807 ; stu1train_accTop5: 89.162 ; stu2train_accTop1: 61.648 ; stu2train_accTop5: 89.196
2025-10-30 00:38:41,308:INFO: - Test metrics: test_loss: 7.737 ; test_true_loss: 5.356 ; test_group_loss: 0.306 ; mean_test_accTop1: 52.555 ; mean_test_accTop5: 82.473 ; test_accTop1: 55.449 ; test_accTop5: 84.612 ; stu_test_accTop1: 51.938 ; stu_test_accTop5: 81.774 ; dist: 0.298 ; time: 2.646 ; stu0test_accTop1: 53.382 ; stu0test_accTop5: 82.931 ; stu1test_accTop1: 51.533 ; stu1test_accTop5: 82.219 ; stu2test_accTop1: 52.749 ; stu2test_accTop5: 82.269
2025-10-30 00:38:41,332:INFO: - Updated epoch history. Epoch count: 59
2025-10-30 00:38:41,362:INFO: Epoch 60/300
2025-10-30 00:39:11,441:INFO: - Train metrics: train_loss: 5.607 ; train_true_loss: 4.012 ; train_group_loss: 0.142 ; mean_train_accTop1: 61.708 ; mean_train_accTop5: 61.708 ; stu_train_accTop1: 61.959 ; stu_train_accTop5: 89.242 ; train_accTop1: 64.295 ; train_accTop5: 90.535 ; time: 30.078 ; stu0train_accTop1: 61.597 ; stu0train_accTop5: 88.961 ; stu1train_accTop1: 61.728 ; stu1train_accTop5: 89.125 ; stu2train_accTop1: 61.801 ; stu2train_accTop5: 89.166
2025-10-30 00:39:14,080:INFO: - Test metrics: test_loss: 7.687 ; test_true_loss: 5.398 ; test_group_loss: 0.254 ; mean_test_accTop1: 51.193 ; mean_test_accTop5: 82.133 ; test_accTop1: 54.233 ; test_accTop5: 84.593 ; stu_test_accTop1: 50.613 ; stu_test_accTop5: 82.091 ; dist: 0.282 ; time: 2.638 ; stu0test_accTop1: 51.108 ; stu0test_accTop5: 82.021 ; stu1test_accTop1: 51.256 ; stu1test_accTop5: 82.921 ; stu2test_accTop1: 51.216 ; stu2test_accTop5: 81.458
2025-10-30 00:39:14,104:INFO: - Updated epoch history. Epoch count: 60
2025-10-30 00:39:14,139:INFO: Epoch 61/300
2025-10-30 00:39:44,152:INFO: - Train metrics: train_loss: 5.600 ; train_true_loss: 4.002 ; train_group_loss: 0.139 ; mean_train_accTop1: 61.927 ; mean_train_accTop5: 61.927 ; stu_train_accTop1: 61.975 ; stu_train_accTop5: 89.409 ; train_accTop1: 64.463 ; train_accTop5: 90.576 ; time: 30.012 ; stu0train_accTop1: 61.985 ; stu0train_accTop5: 89.082 ; stu1train_accTop1: 61.903 ; stu1train_accTop5: 89.261 ; stu2train_accTop1: 61.892 ; stu2train_accTop5: 89.139
2025-10-30 00:39:46,779:INFO: - Test metrics: test_loss: 7.313 ; test_true_loss: 5.178 ; test_group_loss: 0.272 ; mean_test_accTop1: 53.435 ; mean_test_accTop5: 83.287 ; test_accTop1: 56.388 ; test_accTop5: 85.453 ; stu_test_accTop1: 56.250 ; stu_test_accTop5: 84.968 ; dist: 0.283 ; time: 2.625 ; stu0test_accTop1: 53.540 ; stu0test_accTop5: 83.614 ; stu1test_accTop1: 53.550 ; stu1test_accTop5: 83.465 ; stu2test_accTop1: 53.214 ; stu2test_accTop5: 82.783
2025-10-30 00:39:46,804:INFO: - Updated epoch history. Epoch count: 61
2025-10-30 00:39:46,830:INFO: Epoch 62/300
2025-10-30 00:40:16,922:INFO: - Train metrics: train_loss: 5.599 ; train_true_loss: 4.001 ; train_group_loss: 0.138 ; mean_train_accTop1: 61.757 ; mean_train_accTop5: 61.757 ; stu_train_accTop1: 62.027 ; stu_train_accTop5: 89.357 ; train_accTop1: 64.436 ; train_accTop5: 90.699 ; time: 30.091 ; stu0train_accTop1: 61.629 ; stu0train_accTop5: 89.148 ; stu1train_accTop1: 61.885 ; stu1train_accTop5: 89.248 ; stu2train_accTop1: 61.756 ; stu2train_accTop5: 89.133
2025-10-30 00:40:19,576:INFO: - Test metrics: test_loss: 7.853 ; test_true_loss: 5.557 ; test_group_loss: 0.278 ; mean_test_accTop1: 50.527 ; mean_test_accTop5: 80.831 ; test_accTop1: 53.778 ; test_accTop5: 82.783 ; stu_test_accTop1: 52.245 ; stu_test_accTop5: 82.348 ; dist: 0.292 ; time: 2.652 ; stu0test_accTop1: 50.386 ; stu0test_accTop5: 80.627 ; stu1test_accTop1: 49.693 ; stu1test_accTop5: 80.587 ; stu2test_accTop1: 51.503 ; stu2test_accTop5: 81.280
2025-10-30 00:40:19,600:INFO: - Updated epoch history. Epoch count: 62
2025-10-30 00:40:19,626:INFO: Epoch 63/300
2025-10-30 00:40:49,660:INFO: - Train metrics: train_loss: 5.592 ; train_true_loss: 3.996 ; train_group_loss: 0.135 ; mean_train_accTop1: 61.798 ; mean_train_accTop5: 61.798 ; stu_train_accTop1: 62.281 ; stu_train_accTop5: 89.373 ; train_accTop1: 64.493 ; train_accTop5: 90.541 ; time: 30.033 ; stu0train_accTop1: 61.634 ; stu0train_accTop5: 89.202 ; stu1train_accTop1: 61.736 ; stu1train_accTop5: 89.104 ; stu2train_accTop1: 62.024 ; stu2train_accTop5: 89.233
2025-10-30 00:40:52,291:INFO: - Test metrics: test_loss: 7.337 ; test_true_loss: 5.153 ; test_group_loss: 0.269 ; mean_test_accTop1: 53.652 ; mean_test_accTop5: 83.650 ; test_accTop1: 56.764 ; test_accTop5: 85.641 ; stu_test_accTop1: 54.450 ; stu_test_accTop5: 84.652 ; dist: 0.285 ; time: 2.630 ; stu0test_accTop1: 54.430 ; stu0test_accTop5: 84.049 ; stu1test_accTop1: 50.564 ; stu1test_accTop5: 82.377 ; stu2test_accTop1: 55.963 ; stu2test_accTop5: 84.523
2025-10-30 00:40:52,316:INFO: - Updated epoch history. Epoch count: 63
2025-10-30 00:40:52,345:INFO: Epoch 64/300
2025-10-30 00:41:22,345:INFO: - Train metrics: train_loss: 5.581 ; train_true_loss: 3.980 ; train_group_loss: 0.135 ; mean_train_accTop1: 61.984 ; mean_train_accTop5: 61.984 ; stu_train_accTop1: 62.164 ; stu_train_accTop5: 89.421 ; train_accTop1: 64.502 ; train_accTop5: 90.580 ; time: 30.000 ; stu0train_accTop1: 61.969 ; stu0train_accTop5: 89.130 ; stu1train_accTop1: 61.973 ; stu1train_accTop5: 89.178 ; stu2train_accTop1: 62.009 ; stu2train_accTop5: 89.301
2025-10-30 00:41:24,988:INFO: - Test metrics: test_loss: 7.443 ; test_true_loss: 5.235 ; test_group_loss: 0.285 ; mean_test_accTop1: 53.201 ; mean_test_accTop5: 82.740 ; test_accTop1: 56.398 ; test_accTop5: 84.850 ; stu_test_accTop1: 54.341 ; stu_test_accTop5: 83.604 ; dist: 0.287 ; time: 2.641 ; stu0test_accTop1: 54.381 ; stu0test_accTop5: 83.544 ; stu1test_accTop1: 51.958 ; stu1test_accTop5: 81.705 ; stu2test_accTop1: 53.263 ; stu2test_accTop5: 82.971
2025-10-30 00:41:25,013:INFO: - Updated epoch history. Epoch count: 64
2025-10-30 00:41:25,050:INFO: Epoch 65/300
2025-10-30 00:41:54,904:INFO: - Train metrics: train_loss: 5.613 ; train_true_loss: 4.000 ; train_group_loss: 0.133 ; mean_train_accTop1: 61.886 ; mean_train_accTop5: 61.886 ; stu_train_accTop1: 62.042 ; stu_train_accTop5: 89.190 ; train_accTop1: 64.363 ; train_accTop5: 90.586 ; time: 29.853 ; stu0train_accTop1: 61.827 ; stu0train_accTop5: 89.308 ; stu1train_accTop1: 61.909 ; stu1train_accTop5: 89.187 ; stu2train_accTop1: 61.923 ; stu2train_accTop5: 89.237
2025-10-30 00:41:57,533:INFO: - Test metrics: test_loss: 7.698 ; test_true_loss: 5.433 ; test_group_loss: 0.270 ; mean_test_accTop1: 51.760 ; mean_test_accTop5: 81.332 ; test_accTop1: 54.371 ; test_accTop5: 83.663 ; stu_test_accTop1: 53.362 ; stu_test_accTop5: 82.308 ; dist: 0.282 ; time: 2.627 ; stu0test_accTop1: 50.850 ; stu0test_accTop5: 80.765 ; stu1test_accTop1: 53.936 ; stu1test_accTop5: 83.337 ; stu2test_accTop1: 50.494 ; stu2test_accTop5: 79.895
2025-10-30 00:41:57,558:INFO: - Updated epoch history. Epoch count: 65
2025-10-30 00:41:57,584:INFO: Epoch 66/300
2025-10-30 00:42:27,577:INFO: - Train metrics: train_loss: 5.605 ; train_true_loss: 3.992 ; train_group_loss: 0.132 ; mean_train_accTop1: 62.106 ; mean_train_accTop5: 62.106 ; stu_train_accTop1: 62.294 ; stu_train_accTop5: 89.273 ; train_accTop1: 64.709 ; train_accTop5: 90.508 ; time: 29.992 ; stu0train_accTop1: 62.179 ; stu0train_accTop5: 89.270 ; stu1train_accTop1: 62.181 ; stu1train_accTop5: 89.175 ; stu2train_accTop1: 61.957 ; stu2train_accTop5: 89.070
2025-10-30 00:42:30,202:INFO: - Test metrics: test_loss: 7.350 ; test_true_loss: 5.222 ; test_group_loss: 0.222 ; mean_test_accTop1: 52.657 ; mean_test_accTop5: 82.414 ; test_accTop1: 55.469 ; test_accTop5: 84.553 ; stu_test_accTop1: 55.963 ; stu_test_accTop5: 84.148 ; dist: 0.262 ; time: 2.623 ; stu0test_accTop1: 52.878 ; stu0test_accTop5: 81.913 ; stu1test_accTop1: 53.145 ; stu1test_accTop5: 82.694 ; stu2test_accTop1: 51.948 ; stu2test_accTop5: 82.634
2025-10-30 00:42:30,226:INFO: - Updated epoch history. Epoch count: 66
2025-10-30 00:42:30,254:INFO: Epoch 67/300
2025-10-30 00:43:00,164:INFO: - Train metrics: train_loss: 5.581 ; train_true_loss: 3.973 ; train_group_loss: 0.132 ; mean_train_accTop1: 62.144 ; mean_train_accTop5: 62.144 ; stu_train_accTop1: 62.544 ; stu_train_accTop5: 89.523 ; train_accTop1: 64.588 ; train_accTop5: 90.725 ; time: 29.909 ; stu0train_accTop1: 61.892 ; stu0train_accTop5: 89.291 ; stu1train_accTop1: 62.304 ; stu1train_accTop5: 89.280 ; stu2train_accTop1: 62.235 ; stu2train_accTop5: 89.413
2025-10-30 00:43:02,812:INFO: - Test metrics: test_loss: 9.834 ; test_true_loss: 7.182 ; test_group_loss: 0.240 ; mean_test_accTop1: 41.746 ; mean_test_accTop5: 72.056 ; test_accTop1: 44.383 ; test_accTop5: 74.288 ; stu_test_accTop1: 45.718 ; stu_test_accTop5: 76.216 ; dist: 0.297 ; time: 2.647 ; stu0test_accTop1: 44.066 ; stu0test_accTop5: 72.617 ; stu1test_accTop1: 39.557 ; stu1test_accTop5: 70.560 ; stu2test_accTop1: 41.614 ; stu2test_accTop5: 72.992
2025-10-30 00:43:02,836:INFO: - Updated epoch history. Epoch count: 67
2025-10-30 00:43:02,863:INFO: Epoch 68/300
2025-10-30 00:43:32,763:INFO: - Train metrics: train_loss: 5.582 ; train_true_loss: 3.973 ; train_group_loss: 0.129 ; mean_train_accTop1: 62.008 ; mean_train_accTop5: 62.008 ; stu_train_accTop1: 62.231 ; stu_train_accTop5: 89.688 ; train_accTop1: 64.656 ; train_accTop5: 90.793 ; time: 29.899 ; stu0train_accTop1: 61.950 ; stu0train_accTop5: 89.366 ; stu1train_accTop1: 62.057 ; stu1train_accTop5: 89.456 ; stu2train_accTop1: 62.015 ; stu2train_accTop5: 89.303
2025-10-30 00:43:35,397:INFO: - Test metrics: test_loss: 7.833 ; test_true_loss: 5.564 ; test_group_loss: 0.229 ; mean_test_accTop1: 50.636 ; mean_test_accTop5: 80.779 ; test_accTop1: 53.392 ; test_accTop5: 82.714 ; stu_test_accTop1: 52.631 ; stu_test_accTop5: 82.743 ; dist: 0.271 ; time: 2.632 ; stu0test_accTop1: 51.137 ; stu0test_accTop5: 82.209 ; stu1test_accTop1: 50.138 ; stu1test_accTop5: 79.885 ; stu2test_accTop1: 50.633 ; stu2test_accTop5: 80.241
2025-10-30 00:43:35,421:INFO: - Updated epoch history. Epoch count: 68
2025-10-30 00:43:35,460:INFO: Epoch 69/300
2025-10-30 00:44:05,485:INFO: - Train metrics: train_loss: 5.594 ; train_true_loss: 3.979 ; train_group_loss: 0.129 ; mean_train_accTop1: 62.224 ; mean_train_accTop5: 62.224 ; stu_train_accTop1: 62.277 ; stu_train_accTop5: 89.449 ; train_accTop1: 64.818 ; train_accTop5: 90.739 ; time: 30.024 ; stu0train_accTop1: 62.130 ; stu0train_accTop5: 89.281 ; stu1train_accTop1: 62.367 ; stu1train_accTop5: 89.311 ; stu2train_accTop1: 62.176 ; stu2train_accTop5: 89.309
2025-10-30 00:44:08,127:INFO: - Test metrics: test_loss: 7.232 ; test_true_loss: 5.029 ; test_group_loss: 0.208 ; mean_test_accTop1: 53.926 ; mean_test_accTop5: 83.284 ; test_accTop1: 56.903 ; test_accTop5: 85.502 ; stu_test_accTop1: 53.975 ; stu_test_accTop5: 83.178 ; dist: 0.258 ; time: 2.640 ; stu0test_accTop1: 54.361 ; stu0test_accTop5: 83.465 ; stu1test_accTop1: 54.015 ; stu1test_accTop5: 83.782 ; stu2test_accTop1: 53.402 ; stu2test_accTop5: 82.605
2025-10-30 00:44:08,151:INFO: - Updated epoch history. Epoch count: 69
2025-10-30 00:44:08,180:INFO: Epoch 70/300
2025-10-30 00:44:38,066:INFO: - Train metrics: train_loss: 5.599 ; train_true_loss: 3.979 ; train_group_loss: 0.127 ; mean_train_accTop1: 62.138 ; mean_train_accTop5: 62.138 ; stu_train_accTop1: 62.151 ; stu_train_accTop5: 89.593 ; train_accTop1: 64.738 ; train_accTop5: 90.661 ; time: 29.886 ; stu0train_accTop1: 61.976 ; stu0train_accTop5: 89.293 ; stu1train_accTop1: 62.236 ; stu1train_accTop5: 89.338 ; stu2train_accTop1: 62.203 ; stu2train_accTop5: 89.332
2025-10-30 00:44:40,703:INFO: - Test metrics: test_loss: 7.943 ; test_true_loss: 5.623 ; test_group_loss: 0.247 ; mean_test_accTop1: 50.936 ; mean_test_accTop5: 81.145 ; test_accTop1: 53.629 ; test_accTop5: 83.238 ; stu_test_accTop1: 52.660 ; stu_test_accTop5: 82.911 ; dist: 0.279 ; time: 2.635 ; stu0test_accTop1: 49.565 ; stu0test_accTop5: 80.231 ; stu1test_accTop1: 52.225 ; stu1test_accTop5: 81.804 ; stu2test_accTop1: 51.019 ; stu2test_accTop5: 81.398
2025-10-30 00:44:40,727:INFO: - Updated epoch history. Epoch count: 70
2025-10-30 00:44:40,754:INFO: Epoch 71/300
2025-10-30 00:45:10,741:INFO: - Train metrics: train_loss: 5.596 ; train_true_loss: 3.976 ; train_group_loss: 0.127 ; mean_train_accTop1: 62.305 ; mean_train_accTop5: 62.305 ; stu_train_accTop1: 62.530 ; stu_train_accTop5: 89.499 ; train_accTop1: 64.770 ; train_accTop5: 90.693 ; time: 29.986 ; stu0train_accTop1: 62.332 ; stu0train_accTop5: 89.312 ; stu1train_accTop1: 62.341 ; stu1train_accTop5: 89.373 ; stu2train_accTop1: 62.242 ; stu2train_accTop5: 89.145
2025-10-30 00:45:13,376:INFO: - Test metrics: test_loss: 8.293 ; test_true_loss: 5.762 ; test_group_loss: 0.268 ; mean_test_accTop1: 50.201 ; mean_test_accTop5: 81.092 ; test_accTop1: 52.996 ; test_accTop5: 82.664 ; stu_test_accTop1: 51.958 ; stu_test_accTop5: 81.883 ; dist: 0.291 ; time: 2.634 ; stu0test_accTop1: 48.962 ; stu0test_accTop5: 79.955 ; stu1test_accTop1: 50.524 ; stu1test_accTop5: 81.497 ; stu2test_accTop1: 51.117 ; stu2test_accTop5: 81.824
2025-10-30 00:45:13,402:INFO: - Updated epoch history. Epoch count: 71
2025-10-30 00:45:13,431:INFO: Epoch 72/300
2025-10-30 00:45:43,345:INFO: - Train metrics: train_loss: 5.589 ; train_true_loss: 3.969 ; train_group_loss: 0.126 ; mean_train_accTop1: 62.204 ; mean_train_accTop5: 62.204 ; stu_train_accTop1: 62.500 ; stu_train_accTop5: 89.360 ; train_accTop1: 64.808 ; train_accTop5: 90.687 ; time: 29.914 ; stu0train_accTop1: 61.947 ; stu0train_accTop5: 89.273 ; stu1train_accTop1: 62.265 ; stu1train_accTop5: 89.349 ; stu2train_accTop1: 62.400 ; stu2train_accTop5: 89.271
2025-10-30 00:45:45,965:INFO: - Test metrics: test_loss: 7.182 ; test_true_loss: 4.953 ; test_group_loss: 0.219 ; mean_test_accTop1: 54.496 ; mean_test_accTop5: 84.724 ; test_accTop1: 56.992 ; test_accTop5: 86.303 ; stu_test_accTop1: 53.629 ; stu_test_accTop5: 84.108 ; dist: 0.258 ; time: 2.618 ; stu0test_accTop1: 53.333 ; stu0test_accTop5: 83.851 ; stu1test_accTop1: 55.805 ; stu1test_accTop5: 85.324 ; stu2test_accTop1: 54.351 ; stu2test_accTop5: 84.998
2025-10-30 00:45:45,988:INFO: - Updated epoch history. Epoch count: 72
2025-10-30 00:45:46,015:INFO: Epoch 73/300
2025-10-30 00:46:15,851:INFO: - Train metrics: train_loss: 5.604 ; train_true_loss: 3.979 ; train_group_loss: 0.125 ; mean_train_accTop1: 62.120 ; mean_train_accTop5: 62.120 ; stu_train_accTop1: 62.427 ; stu_train_accTop5: 89.432 ; train_accTop1: 64.686 ; train_accTop5: 90.602 ; time: 29.836 ; stu0train_accTop1: 62.097 ; stu0train_accTop5: 89.304 ; stu1train_accTop1: 62.187 ; stu1train_accTop5: 89.294 ; stu2train_accTop1: 62.078 ; stu2train_accTop5: 89.360
2025-10-30 00:46:18,489:INFO: - Test metrics: test_loss: 8.998 ; test_true_loss: 6.214 ; test_group_loss: 0.268 ; mean_test_accTop1: 47.317 ; mean_test_accTop5: 78.666 ; test_accTop1: 49.891 ; test_accTop5: 80.756 ; stu_test_accTop1: 47.083 ; stu_test_accTop5: 78.669 ; dist: 0.291 ; time: 2.636 ; stu0test_accTop1: 48.250 ; stu0test_accTop5: 79.084 ; stu1test_accTop1: 45.936 ; stu1test_accTop5: 77.967 ; stu2test_accTop1: 47.765 ; stu2test_accTop5: 78.946
2025-10-30 00:46:18,514:INFO: - Updated epoch history. Epoch count: 73
2025-10-30 00:46:18,540:INFO: Epoch 74/300
2025-10-30 00:46:49,019:INFO: - Train metrics: train_loss: 5.573 ; train_true_loss: 3.957 ; train_group_loss: 0.123 ; mean_train_accTop1: 62.396 ; mean_train_accTop5: 62.396 ; stu_train_accTop1: 62.564 ; stu_train_accTop5: 89.677 ; train_accTop1: 64.809 ; train_accTop5: 90.636 ; time: 30.478 ; stu0train_accTop1: 62.289 ; stu0train_accTop5: 89.331 ; stu1train_accTop1: 62.687 ; stu1train_accTop5: 89.355 ; stu2train_accTop1: 62.213 ; stu2train_accTop5: 89.423
2025-10-30 00:46:51,785:INFO: - Test metrics: test_loss: 7.420 ; test_true_loss: 5.254 ; test_group_loss: 0.207 ; mean_test_accTop1: 52.937 ; mean_test_accTop5: 82.269 ; test_accTop1: 55.993 ; test_accTop5: 84.444 ; stu_test_accTop1: 55.320 ; stu_test_accTop5: 84.523 ; dist: 0.261 ; time: 2.765 ; stu0test_accTop1: 54.618 ; stu0test_accTop5: 83.297 ; stu1test_accTop1: 51.038 ; stu1test_accTop5: 80.924 ; stu2test_accTop1: 53.155 ; stu2test_accTop5: 82.585
2025-10-30 00:46:51,811:INFO: - Updated epoch history. Epoch count: 74
2025-10-30 00:46:51,840:INFO: Epoch 75/300
2025-10-30 00:47:22,556:INFO: - Train metrics: train_loss: 5.609 ; train_true_loss: 3.980 ; train_group_loss: 0.123 ; mean_train_accTop1: 62.096 ; mean_train_accTop5: 62.096 ; stu_train_accTop1: 62.283 ; stu_train_accTop5: 89.395 ; train_accTop1: 64.515 ; train_accTop5: 90.604 ; time: 30.716 ; stu0train_accTop1: 61.950 ; stu0train_accTop5: 89.232 ; stu1train_accTop1: 62.020 ; stu1train_accTop5: 89.221 ; stu2train_accTop1: 62.319 ; stu2train_accTop5: 89.281
2025-10-30 00:47:25,325:INFO: - Test metrics: test_loss: 8.132 ; test_true_loss: 5.713 ; test_group_loss: 0.267 ; mean_test_accTop1: 50.656 ; mean_test_accTop5: 80.383 ; test_accTop1: 53.778 ; test_accTop5: 82.585 ; stu_test_accTop1: 51.948 ; stu_test_accTop5: 81.903 ; dist: 0.297 ; time: 2.767 ; stu0test_accTop1: 50.247 ; stu0test_accTop5: 80.518 ; stu1test_accTop1: 50.752 ; stu1test_accTop5: 80.479 ; stu2test_accTop1: 50.969 ; stu2test_accTop5: 80.152
2025-10-30 00:47:25,350:INFO: - Updated epoch history. Epoch count: 75
2025-10-30 00:47:25,377:INFO: Epoch 76/300
2025-10-30 00:47:56,375:INFO: - Train metrics: train_loss: 5.562 ; train_true_loss: 3.949 ; train_group_loss: 0.121 ; mean_train_accTop1: 62.221 ; mean_train_accTop5: 62.221 ; stu_train_accTop1: 62.590 ; stu_train_accTop5: 89.721 ; train_accTop1: 64.558 ; train_accTop5: 90.794 ; time: 30.997 ; stu0train_accTop1: 62.062 ; stu0train_accTop5: 89.550 ; stu1train_accTop1: 62.207 ; stu1train_accTop5: 89.378 ; stu2train_accTop1: 62.393 ; stu2train_accTop5: 89.489
2025-10-30 00:47:59,202:INFO: - Test metrics: test_loss: 7.641 ; test_true_loss: 5.335 ; test_group_loss: 0.232 ; mean_test_accTop1: 51.826 ; mean_test_accTop5: 82.226 ; test_accTop1: 54.579 ; test_accTop5: 84.375 ; stu_test_accTop1: 52.156 ; stu_test_accTop5: 82.506 ; dist: 0.277 ; time: 2.825 ; stu0test_accTop1: 51.394 ; stu0test_accTop5: 81.903 ; stu1test_accTop1: 52.927 ; stu1test_accTop5: 82.803 ; stu2test_accTop1: 51.157 ; stu2test_accTop5: 81.972
2025-10-30 00:47:59,227:INFO: - Updated epoch history. Epoch count: 76
2025-10-30 00:47:59,253:INFO: Epoch 77/300
2025-10-30 00:48:29,704:INFO: - Train metrics: train_loss: 5.567 ; train_true_loss: 3.946 ; train_group_loss: 0.122 ; mean_train_accTop1: 62.369 ; mean_train_accTop5: 62.369 ; stu_train_accTop1: 62.570 ; stu_train_accTop5: 89.565 ; train_accTop1: 64.628 ; train_accTop5: 90.863 ; time: 30.451 ; stu0train_accTop1: 62.345 ; stu0train_accTop5: 89.544 ; stu1train_accTop1: 62.282 ; stu1train_accTop5: 89.398 ; stu2train_accTop1: 62.480 ; stu2train_accTop5: 89.441
2025-10-30 00:48:32,328:INFO: - Test metrics: test_loss: 7.647 ; test_true_loss: 5.293 ; test_group_loss: 0.228 ; mean_test_accTop1: 51.915 ; mean_test_accTop5: 82.638 ; test_accTop1: 54.796 ; test_accTop5: 84.513 ; stu_test_accTop1: 53.165 ; stu_test_accTop5: 83.020 ; dist: 0.276 ; time: 2.621 ; stu0test_accTop1: 51.226 ; stu0test_accTop5: 81.873 ; stu1test_accTop1: 51.701 ; stu1test_accTop5: 82.892 ; stu2test_accTop1: 52.818 ; stu2test_accTop5: 83.149
2025-10-30 00:48:32,352:INFO: - Updated epoch history. Epoch count: 77
2025-10-30 00:48:32,391:INFO: Epoch 78/300
2025-10-30 00:49:02,937:INFO: - Train metrics: train_loss: 5.579 ; train_true_loss: 3.959 ; train_group_loss: 0.121 ; mean_train_accTop1: 62.353 ; mean_train_accTop5: 62.353 ; stu_train_accTop1: 62.695 ; stu_train_accTop5: 89.720 ; train_accTop1: 64.936 ; train_accTop5: 90.714 ; time: 30.546 ; stu0train_accTop1: 62.211 ; stu0train_accTop5: 89.448 ; stu1train_accTop1: 62.403 ; stu1train_accTop5: 89.395 ; stu2train_accTop1: 62.444 ; stu2train_accTop5: 89.535
2025-10-30 00:49:05,669:INFO: - Test metrics: test_loss: 7.929 ; test_true_loss: 5.590 ; test_group_loss: 0.251 ; mean_test_accTop1: 50.435 ; mean_test_accTop5: 80.090 ; test_accTop1: 53.422 ; test_accTop5: 82.654 ; stu_test_accTop1: 52.136 ; stu_test_accTop5: 81.497 ; dist: 0.284 ; time: 2.730 ; stu0test_accTop1: 49.852 ; stu0test_accTop5: 79.747 ; stu1test_accTop1: 51.493 ; stu1test_accTop5: 80.518 ; stu2test_accTop1: 49.960 ; stu2test_accTop5: 80.004
2025-10-30 00:49:05,697:INFO: - Updated epoch history. Epoch count: 78
2025-10-30 00:49:05,744:INFO: Epoch 79/300
2025-10-30 00:49:36,728:INFO: - Train metrics: train_loss: 5.581 ; train_true_loss: 3.955 ; train_group_loss: 0.123 ; mean_train_accTop1: 62.461 ; mean_train_accTop5: 62.461 ; stu_train_accTop1: 62.536 ; stu_train_accTop5: 89.410 ; train_accTop1: 64.711 ; train_accTop5: 90.590 ; time: 30.983 ; stu0train_accTop1: 62.440 ; stu0train_accTop5: 89.064 ; stu1train_accTop1: 62.439 ; stu1train_accTop5: 89.329 ; stu2train_accTop1: 62.504 ; stu2train_accTop5: 89.319
2025-10-30 00:49:39,548:INFO: - Test metrics: test_loss: 8.065 ; test_true_loss: 5.606 ; test_group_loss: 0.251 ; mean_test_accTop1: 50.452 ; mean_test_accTop5: 81.062 ; test_accTop1: 53.135 ; test_accTop5: 82.545 ; stu_test_accTop1: 51.493 ; stu_test_accTop5: 81.161 ; dist: 0.276 ; time: 2.818 ; stu0test_accTop1: 52.037 ; stu0test_accTop5: 82.575 ; stu1test_accTop1: 50.326 ; stu1test_accTop5: 80.874 ; stu2test_accTop1: 48.991 ; stu2test_accTop5: 79.737
2025-10-30 00:49:39,574:INFO: - Updated epoch history. Epoch count: 79
2025-10-30 00:49:39,601:INFO: Epoch 80/300
2025-10-30 00:50:11,411:INFO: - Train metrics: train_loss: 5.572 ; train_true_loss: 3.951 ; train_group_loss: 0.122 ; mean_train_accTop1: 62.483 ; mean_train_accTop5: 62.483 ; stu_train_accTop1: 62.631 ; stu_train_accTop5: 89.571 ; train_accTop1: 65.063 ; train_accTop5: 90.736 ; time: 31.809 ; stu0train_accTop1: 62.441 ; stu0train_accTop5: 89.295 ; stu1train_accTop1: 62.418 ; stu1train_accTop5: 89.430 ; stu2train_accTop1: 62.590 ; stu2train_accTop5: 89.429
2025-10-30 00:50:14,077:INFO: - Test metrics: test_loss: 8.191 ; test_true_loss: 5.694 ; test_group_loss: 0.264 ; mean_test_accTop1: 50.804 ; mean_test_accTop5: 80.472 ; test_accTop1: 53.788 ; test_accTop5: 82.417 ; stu_test_accTop1: 51.750 ; stu_test_accTop5: 81.102 ; dist: 0.283 ; time: 2.665 ; stu0test_accTop1: 51.147 ; stu0test_accTop5: 80.924 ; stu1test_accTop1: 50.930 ; stu1test_accTop5: 81.250 ; stu2test_accTop1: 50.336 ; stu2test_accTop5: 79.242
2025-10-30 00:50:14,103:INFO: - Updated epoch history. Epoch count: 80
2025-10-30 00:50:14,131:INFO: Epoch 81/300
2025-10-30 00:50:45,032:INFO: - Train metrics: train_loss: 5.582 ; train_true_loss: 3.957 ; train_group_loss: 0.122 ; mean_train_accTop1: 62.416 ; mean_train_accTop5: 62.416 ; stu_train_accTop1: 62.351 ; stu_train_accTop5: 89.556 ; train_accTop1: 64.807 ; train_accTop5: 90.658 ; time: 30.900 ; stu0train_accTop1: 62.490 ; stu0train_accTop5: 89.336 ; stu1train_accTop1: 62.356 ; stu1train_accTop5: 89.422 ; stu2train_accTop1: 62.401 ; stu2train_accTop5: 89.502
2025-10-30 00:50:47,751:INFO: - Test metrics: test_loss: 7.773 ; test_true_loss: 5.399 ; test_group_loss: 0.218 ; mean_test_accTop1: 52.327 ; mean_test_accTop5: 81.533 ; test_accTop1: 54.688 ; test_accTop5: 83.426 ; stu_test_accTop1: 51.859 ; stu_test_accTop5: 81.260 ; dist: 0.258 ; time: 2.716 ; stu0test_accTop1: 51.592 ; stu0test_accTop5: 80.894 ; stu1test_accTop1: 51.948 ; stu1test_accTop5: 81.715 ; stu2test_accTop1: 53.441 ; stu2test_accTop5: 81.992
2025-10-30 00:50:47,777:INFO: - Updated epoch history. Epoch count: 81
2025-10-30 00:50:47,802:INFO: Epoch 82/300
2025-10-30 00:51:18,542:INFO: - Train metrics: train_loss: 5.561 ; train_true_loss: 3.943 ; train_group_loss: 0.121 ; mean_train_accTop1: 62.212 ; mean_train_accTop5: 62.212 ; stu_train_accTop1: 62.405 ; stu_train_accTop5: 89.591 ; train_accTop1: 64.736 ; train_accTop5: 90.785 ; time: 30.739 ; stu0train_accTop1: 62.097 ; stu0train_accTop5: 89.492 ; stu1train_accTop1: 62.320 ; stu1train_accTop5: 89.539 ; stu2train_accTop1: 62.219 ; stu2train_accTop5: 89.489
2025-10-30 00:51:21,237:INFO: - Test metrics: test_loss: 7.287 ; test_true_loss: 5.097 ; test_group_loss: 0.204 ; mean_test_accTop1: 53.095 ; mean_test_accTop5: 83.317 ; test_accTop1: 56.023 ; test_accTop5: 85.127 ; stu_test_accTop1: 53.283 ; stu_test_accTop5: 83.722 ; dist: 0.253 ; time: 2.693 ; stu0test_accTop1: 53.174 ; stu0test_accTop5: 83.297 ; stu1test_accTop1: 53.817 ; stu1test_accTop5: 83.623 ; stu2test_accTop1: 52.294 ; stu2test_accTop5: 83.030
2025-10-30 00:51:21,263:INFO: - Updated epoch history. Epoch count: 82
2025-10-30 00:51:21,294:INFO: Epoch 83/300
2025-10-30 00:51:51,626:INFO: - Train metrics: train_loss: 5.555 ; train_true_loss: 3.940 ; train_group_loss: 0.121 ; mean_train_accTop1: 62.436 ; mean_train_accTop5: 62.436 ; stu_train_accTop1: 62.533 ; stu_train_accTop5: 89.537 ; train_accTop1: 64.868 ; train_accTop5: 90.772 ; time: 30.332 ; stu0train_accTop1: 62.398 ; stu0train_accTop5: 89.424 ; stu1train_accTop1: 62.329 ; stu1train_accTop5: 89.430 ; stu2train_accTop1: 62.581 ; stu2train_accTop5: 89.410
2025-10-30 00:51:54,275:INFO: - Test metrics: test_loss: 9.498 ; test_true_loss: 6.797 ; test_group_loss: 0.267 ; mean_test_accTop1: 44.033 ; mean_test_accTop5: 74.351 ; test_accTop1: 46.470 ; test_accTop5: 76.464 ; stu_test_accTop1: 47.004 ; stu_test_accTop5: 76.473 ; dist: 0.310 ; time: 2.647 ; stu0test_accTop1: 43.196 ; stu0test_accTop5: 73.339 ; stu1test_accTop1: 43.473 ; stu1test_accTop5: 73.883 ; stu2test_accTop1: 45.431 ; stu2test_accTop5: 75.831
2025-10-30 00:51:54,300:INFO: - Updated epoch history. Epoch count: 83
2025-10-30 00:51:54,330:INFO: Epoch 84/300
2025-10-30 00:52:24,764:INFO: - Train metrics: train_loss: 5.549 ; train_true_loss: 3.933 ; train_group_loss: 0.122 ; mean_train_accTop1: 62.549 ; mean_train_accTop5: 62.549 ; stu_train_accTop1: 62.733 ; stu_train_accTop5: 89.608 ; train_accTop1: 65.096 ; train_accTop5: 90.870 ; time: 30.433 ; stu0train_accTop1: 62.464 ; stu0train_accTop5: 89.639 ; stu1train_accTop1: 62.502 ; stu1train_accTop5: 89.543 ; stu2train_accTop1: 62.682 ; stu2train_accTop5: 89.530
2025-10-30 00:52:27,466:INFO: - Test metrics: test_loss: 7.130 ; test_true_loss: 4.949 ; test_group_loss: 0.273 ; mean_test_accTop1: 55.027 ; mean_test_accTop5: 83.996 ; test_accTop1: 58.060 ; test_accTop5: 86.135 ; stu_test_accTop1: 57.229 ; stu_test_accTop5: 85.166 ; dist: 0.283 ; time: 2.700 ; stu0test_accTop1: 53.540 ; stu0test_accTop5: 82.793 ; stu1test_accTop1: 55.429 ; stu1test_accTop5: 84.335 ; stu2test_accTop1: 56.112 ; stu2test_accTop5: 84.860
2025-10-30 00:52:27,491:INFO: - Updated epoch history. Epoch count: 84
2025-10-30 00:52:27,519:INFO: - Found better accuracy
2025-10-30 00:52:27,532:INFO: Epoch 85/300
2025-10-30 00:52:58,348:INFO: - Train metrics: train_loss: 5.567 ; train_true_loss: 3.948 ; train_group_loss: 0.121 ; mean_train_accTop1: 62.384 ; mean_train_accTop5: 62.384 ; stu_train_accTop1: 62.649 ; stu_train_accTop5: 89.674 ; train_accTop1: 64.909 ; train_accTop5: 90.891 ; time: 30.815 ; stu0train_accTop1: 62.240 ; stu0train_accTop5: 89.560 ; stu1train_accTop1: 62.562 ; stu1train_accTop5: 89.507 ; stu2train_accTop1: 62.351 ; stu2train_accTop5: 89.486
2025-10-30 00:53:01,080:INFO: - Test metrics: test_loss: 7.761 ; test_true_loss: 5.370 ; test_group_loss: 0.234 ; mean_test_accTop1: 51.223 ; mean_test_accTop5: 82.466 ; test_accTop1: 54.213 ; test_accTop5: 84.513 ; stu_test_accTop1: 50.247 ; stu_test_accTop5: 82.783 ; dist: 0.272 ; time: 2.730 ; stu0test_accTop1: 51.652 ; stu0test_accTop5: 82.694 ; stu1test_accTop1: 51.019 ; stu1test_accTop5: 81.922 ; stu2test_accTop1: 50.999 ; stu2test_accTop5: 82.783
2025-10-30 00:53:01,106:INFO: - Updated epoch history. Epoch count: 85
2025-10-30 00:53:01,152:INFO: Epoch 86/300
2025-10-30 00:53:32,026:INFO: - Train metrics: train_loss: 5.537 ; train_true_loss: 3.924 ; train_group_loss: 0.121 ; mean_train_accTop1: 62.671 ; mean_train_accTop5: 62.671 ; stu_train_accTop1: 62.734 ; stu_train_accTop5: 89.688 ; train_accTop1: 65.141 ; train_accTop5: 90.938 ; time: 30.874 ; stu0train_accTop1: 62.524 ; stu0train_accTop5: 89.546 ; stu1train_accTop1: 62.711 ; stu1train_accTop5: 89.638 ; stu2train_accTop1: 62.778 ; stu2train_accTop5: 89.560
2025-10-30 00:53:34,787:INFO: - Test metrics: test_loss: 7.546 ; test_true_loss: 5.231 ; test_group_loss: 0.238 ; mean_test_accTop1: 53.778 ; mean_test_accTop5: 82.160 ; test_accTop1: 55.983 ; test_accTop5: 84.118 ; stu_test_accTop1: 54.994 ; stu_test_accTop5: 83.742 ; dist: 0.267 ; time: 2.758 ; stu0test_accTop1: 53.521 ; stu0test_accTop5: 81.972 ; stu1test_accTop1: 52.996 ; stu1test_accTop5: 81.675 ; stu2test_accTop1: 54.816 ; stu2test_accTop5: 82.832
2025-10-30 00:53:34,814:INFO: - Updated epoch history. Epoch count: 86
2025-10-30 00:53:34,844:INFO: Epoch 87/300
2025-10-30 00:54:05,693:INFO: - Train metrics: train_loss: 5.534 ; train_true_loss: 3.925 ; train_group_loss: 0.121 ; mean_train_accTop1: 62.584 ; mean_train_accTop5: 62.584 ; stu_train_accTop1: 62.822 ; stu_train_accTop5: 89.674 ; train_accTop1: 64.827 ; train_accTop5: 90.880 ; time: 30.848 ; stu0train_accTop1: 62.377 ; stu0train_accTop5: 89.615 ; stu1train_accTop1: 62.637 ; stu1train_accTop5: 89.599 ; stu2train_accTop1: 62.738 ; stu2train_accTop5: 89.581
2025-10-30 00:54:08,487:INFO: - Test metrics: test_loss: 8.306 ; test_true_loss: 5.631 ; test_group_loss: 0.259 ; mean_test_accTop1: 50.481 ; mean_test_accTop5: 80.841 ; test_accTop1: 53.422 ; test_accTop5: 82.674 ; stu_test_accTop1: 49.515 ; stu_test_accTop5: 80.172 ; dist: 0.286 ; time: 2.792 ; stu0test_accTop1: 51.137 ; stu0test_accTop5: 81.270 ; stu1test_accTop1: 49.426 ; stu1test_accTop5: 80.222 ; stu2test_accTop1: 50.880 ; stu2test_accTop5: 81.032
2025-10-30 00:54:08,511:INFO: - Updated epoch history. Epoch count: 87
2025-10-30 00:54:08,538:INFO: Epoch 88/300
2025-10-30 00:54:39,591:INFO: - Train metrics: train_loss: 5.529 ; train_true_loss: 3.922 ; train_group_loss: 0.120 ; mean_train_accTop1: 62.806 ; mean_train_accTop5: 62.806 ; stu_train_accTop1: 62.824 ; stu_train_accTop5: 89.642 ; train_accTop1: 65.198 ; train_accTop5: 90.757 ; time: 31.052 ; stu0train_accTop1: 62.812 ; stu0train_accTop5: 89.636 ; stu1train_accTop1: 62.825 ; stu1train_accTop5: 89.375 ; stu2train_accTop1: 62.780 ; stu2train_accTop5: 89.534
2025-10-30 00:54:42,473:INFO: - Test metrics: test_loss: 7.526 ; test_true_loss: 5.318 ; test_group_loss: 0.225 ; mean_test_accTop1: 52.842 ; mean_test_accTop5: 81.833 ; test_accTop1: 55.320 ; test_accTop5: 83.861 ; stu_test_accTop1: 54.875 ; stu_test_accTop5: 83.752 ; dist: 0.269 ; time: 2.879 ; stu0test_accTop1: 52.502 ; stu0test_accTop5: 81.833 ; stu1test_accTop1: 52.799 ; stu1test_accTop5: 81.448 ; stu2test_accTop1: 53.224 ; stu2test_accTop5: 82.219
2025-10-30 00:54:42,497:INFO: - Updated epoch history. Epoch count: 88
2025-10-30 00:54:42,526:INFO: Epoch 89/300
2025-10-30 00:55:13,667:INFO: - Train metrics: train_loss: 5.532 ; train_true_loss: 3.928 ; train_group_loss: 0.120 ; mean_train_accTop1: 62.542 ; mean_train_accTop5: 62.542 ; stu_train_accTop1: 62.783 ; stu_train_accTop5: 89.603 ; train_accTop1: 64.954 ; train_accTop5: 90.822 ; time: 31.140 ; stu0train_accTop1: 62.773 ; stu0train_accTop5: 89.620 ; stu1train_accTop1: 62.443 ; stu1train_accTop5: 89.394 ; stu2train_accTop1: 62.410 ; stu2train_accTop5: 89.573
2025-10-30 00:55:16,521:INFO: - Test metrics: test_loss: 9.264 ; test_true_loss: 6.523 ; test_group_loss: 0.261 ; mean_test_accTop1: 46.720 ; mean_test_accTop5: 76.978 ; test_accTop1: 49.189 ; test_accTop5: 78.788 ; stu_test_accTop1: 47.429 ; stu_test_accTop5: 78.293 ; dist: 0.289 ; time: 2.853 ; stu0test_accTop1: 47.142 ; stu0test_accTop5: 77.789 ; stu1test_accTop1: 46.776 ; stu1test_accTop5: 76.721 ; stu2test_accTop1: 46.242 ; stu2test_accTop5: 76.424
2025-10-30 00:55:16,547:INFO: - Updated epoch history. Epoch count: 89
2025-10-30 00:55:16,574:INFO: Epoch 90/300
2025-10-30 00:55:47,757:INFO: - Train metrics: train_loss: 5.526 ; train_true_loss: 3.920 ; train_group_loss: 0.120 ; mean_train_accTop1: 62.637 ; mean_train_accTop5: 62.637 ; stu_train_accTop1: 62.930 ; stu_train_accTop5: 89.575 ; train_accTop1: 65.010 ; train_accTop5: 90.773 ; time: 31.182 ; stu0train_accTop1: 62.532 ; stu0train_accTop5: 89.528 ; stu1train_accTop1: 62.781 ; stu1train_accTop5: 89.494 ; stu2train_accTop1: 62.597 ; stu2train_accTop5: 89.488
2025-10-30 00:55:50,656:INFO: - Test metrics: test_loss: 7.774 ; test_true_loss: 5.463 ; test_group_loss: 0.211 ; mean_test_accTop1: 51.500 ; mean_test_accTop5: 81.622 ; test_accTop1: 54.193 ; test_accTop5: 83.455 ; stu_test_accTop1: 52.542 ; stu_test_accTop5: 81.537 ; dist: 0.266 ; time: 2.897 ; stu0test_accTop1: 51.137 ; stu0test_accTop5: 81.487 ; stu1test_accTop1: 51.968 ; stu1test_accTop5: 82.110 ; stu2test_accTop1: 51.394 ; stu2test_accTop5: 81.270
2025-10-30 00:55:50,680:INFO: - Updated epoch history. Epoch count: 90
2025-10-30 00:55:50,707:INFO: Epoch 91/300
2025-10-30 00:56:21,989:INFO: - Train metrics: train_loss: 5.536 ; train_true_loss: 3.931 ; train_group_loss: 0.119 ; mean_train_accTop1: 62.611 ; mean_train_accTop5: 62.611 ; stu_train_accTop1: 62.646 ; stu_train_accTop5: 89.764 ; train_accTop1: 65.052 ; train_accTop5: 90.862 ; time: 31.282 ; stu0train_accTop1: 62.616 ; stu0train_accTop5: 89.680 ; stu1train_accTop1: 62.617 ; stu1train_accTop5: 89.597 ; stu2train_accTop1: 62.601 ; stu2train_accTop5: 89.570
2025-10-30 00:56:24,864:INFO: - Test metrics: test_loss: 7.571 ; test_true_loss: 5.327 ; test_group_loss: 0.220 ; mean_test_accTop1: 52.446 ; mean_test_accTop5: 81.781 ; test_accTop1: 54.994 ; test_accTop5: 83.614 ; stu_test_accTop1: 53.313 ; stu_test_accTop5: 83.119 ; dist: 0.262 ; time: 2.873 ; stu0test_accTop1: 51.671 ; stu0test_accTop5: 81.744 ; stu1test_accTop1: 52.215 ; stu1test_accTop5: 81.270 ; stu2test_accTop1: 53.451 ; stu2test_accTop5: 82.328
2025-10-30 00:56:24,889:INFO: - Updated epoch history. Epoch count: 91
2025-10-30 00:56:24,919:INFO: Epoch 92/300
2025-10-30 00:56:56,183:INFO: - Train metrics: train_loss: 5.509 ; train_true_loss: 3.911 ; train_group_loss: 0.120 ; mean_train_accTop1: 62.673 ; mean_train_accTop5: 62.673 ; stu_train_accTop1: 62.936 ; stu_train_accTop5: 89.872 ; train_accTop1: 65.102 ; train_accTop5: 90.934 ; time: 31.264 ; stu0train_accTop1: 62.581 ; stu0train_accTop5: 89.680 ; stu1train_accTop1: 62.749 ; stu1train_accTop5: 89.661 ; stu2train_accTop1: 62.688 ; stu2train_accTop5: 89.498
2025-10-30 00:56:59,055:INFO: - Test metrics: test_loss: 7.726 ; test_true_loss: 5.409 ; test_group_loss: 0.239 ; mean_test_accTop1: 52.245 ; mean_test_accTop5: 82.081 ; test_accTop1: 54.856 ; test_accTop5: 83.910 ; stu_test_accTop1: 53.540 ; stu_test_accTop5: 83.554 ; dist: 0.272 ; time: 2.870 ; stu0test_accTop1: 53.204 ; stu0test_accTop5: 82.852 ; stu1test_accTop1: 52.799 ; stu1test_accTop5: 82.298 ; stu2test_accTop1: 50.732 ; stu2test_accTop5: 81.092
2025-10-30 00:56:59,080:INFO: - Updated epoch history. Epoch count: 92
2025-10-30 00:56:59,108:INFO: Epoch 93/300
2025-10-30 00:57:30,272:INFO: - Train metrics: train_loss: 5.525 ; train_true_loss: 3.924 ; train_group_loss: 0.119 ; mean_train_accTop1: 62.761 ; mean_train_accTop5: 62.761 ; stu_train_accTop1: 62.962 ; stu_train_accTop5: 89.700 ; train_accTop1: 65.098 ; train_accTop5: 90.752 ; time: 31.163 ; stu0train_accTop1: 62.564 ; stu0train_accTop5: 89.477 ; stu1train_accTop1: 62.834 ; stu1train_accTop5: 89.506 ; stu2train_accTop1: 62.886 ; stu2train_accTop5: 89.448
2025-10-30 00:57:33,151:INFO: - Test metrics: test_loss: 7.719 ; test_true_loss: 5.425 ; test_group_loss: 0.239 ; mean_test_accTop1: 52.215 ; mean_test_accTop5: 81.870 ; test_accTop1: 54.747 ; test_accTop5: 84.138 ; stu_test_accTop1: 53.184 ; stu_test_accTop5: 82.644 ; dist: 0.269 ; time: 2.877 ; stu0test_accTop1: 51.464 ; stu0test_accTop5: 80.894 ; stu1test_accTop1: 51.622 ; stu1test_accTop5: 82.091 ; stu2test_accTop1: 53.560 ; stu2test_accTop5: 82.625
2025-10-30 00:57:33,176:INFO: - Updated epoch history. Epoch count: 93
2025-10-30 00:57:33,204:INFO: Epoch 94/300
2025-10-30 00:58:04,138:INFO: - Train metrics: train_loss: 5.547 ; train_true_loss: 3.939 ; train_group_loss: 0.119 ; mean_train_accTop1: 62.449 ; mean_train_accTop5: 62.449 ; stu_train_accTop1: 62.520 ; stu_train_accTop5: 89.690 ; train_accTop1: 64.772 ; train_accTop5: 90.849 ; time: 30.934 ; stu0train_accTop1: 62.515 ; stu0train_accTop5: 89.652 ; stu1train_accTop1: 62.297 ; stu1train_accTop5: 89.539 ; stu2train_accTop1: 62.536 ; stu2train_accTop5: 89.524
2025-10-30 00:58:06,850:INFO: - Test metrics: test_loss: 8.470 ; test_true_loss: 6.073 ; test_group_loss: 0.225 ; mean_test_accTop1: 47.429 ; mean_test_accTop5: 78.580 ; test_accTop1: 50.287 ; test_accTop5: 80.736 ; stu_test_accTop1: 50.109 ; stu_test_accTop5: 81.309 ; dist: 0.276 ; time: 2.710 ; stu0test_accTop1: 47.379 ; stu0test_accTop5: 78.283 ; stu1test_accTop1: 47.389 ; stu1test_accTop5: 79.104 ; stu2test_accTop1: 47.518 ; stu2test_accTop5: 78.352
2025-10-30 00:58:06,875:INFO: - Updated epoch history. Epoch count: 94
2025-10-30 00:58:06,910:INFO: Epoch 95/300
2025-10-30 00:58:37,210:INFO: - Train metrics: train_loss: 5.523 ; train_true_loss: 3.918 ; train_group_loss: 0.120 ; mean_train_accTop1: 62.721 ; mean_train_accTop5: 62.721 ; stu_train_accTop1: 62.823 ; stu_train_accTop5: 89.697 ; train_accTop1: 65.262 ; train_accTop5: 91.027 ; time: 30.300 ; stu0train_accTop1: 62.662 ; stu0train_accTop5: 89.621 ; stu1train_accTop1: 62.870 ; stu1train_accTop5: 89.698 ; stu2train_accTop1: 62.631 ; stu2train_accTop5: 89.681
2025-10-30 00:58:39,908:INFO: - Test metrics: test_loss: 7.042 ; test_true_loss: 4.905 ; test_group_loss: 0.215 ; mean_test_accTop1: 54.823 ; mean_test_accTop5: 84.138 ; test_accTop1: 57.793 ; test_accTop5: 86.175 ; stu_test_accTop1: 55.518 ; stu_test_accTop5: 84.860 ; dist: 0.255 ; time: 2.696 ; stu0test_accTop1: 55.479 ; stu0test_accTop5: 84.434 ; stu1test_accTop1: 54.737 ; stu1test_accTop5: 84.345 ; stu2test_accTop1: 54.252 ; stu2test_accTop5: 83.633
2025-10-30 00:58:39,935:INFO: - Updated epoch history. Epoch count: 95
2025-10-30 00:58:39,966:INFO: Epoch 96/300
2025-10-30 00:59:10,296:INFO: - Train metrics: train_loss: 5.510 ; train_true_loss: 3.913 ; train_group_loss: 0.119 ; mean_train_accTop1: 62.609 ; mean_train_accTop5: 62.609 ; stu_train_accTop1: 62.731 ; stu_train_accTop5: 89.596 ; train_accTop1: 65.046 ; train_accTop5: 90.762 ; time: 30.329 ; stu0train_accTop1: 62.745 ; stu0train_accTop5: 89.542 ; stu1train_accTop1: 62.467 ; stu1train_accTop5: 89.516 ; stu2train_accTop1: 62.615 ; stu2train_accTop5: 89.656
2025-10-30 00:59:13,085:INFO: - Test metrics: test_loss: 7.553 ; test_true_loss: 5.268 ; test_group_loss: 0.231 ; mean_test_accTop1: 53.207 ; mean_test_accTop5: 82.232 ; test_accTop1: 55.854 ; test_accTop5: 83.970 ; stu_test_accTop1: 53.995 ; stu_test_accTop5: 83.149 ; dist: 0.263 ; time: 2.787 ; stu0test_accTop1: 53.362 ; stu0test_accTop5: 82.447 ; stu1test_accTop1: 52.809 ; stu1test_accTop5: 82.041 ; stu2test_accTop1: 53.451 ; stu2test_accTop5: 82.209
2025-10-30 00:59:13,109:INFO: - Updated epoch history. Epoch count: 96
2025-10-30 00:59:13,135:INFO: Epoch 97/300
2025-10-30 00:59:43,475:INFO: - Train metrics: train_loss: 5.511 ; train_true_loss: 3.913 ; train_group_loss: 0.118 ; mean_train_accTop1: 62.604 ; mean_train_accTop5: 62.604 ; stu_train_accTop1: 62.829 ; stu_train_accTop5: 89.792 ; train_accTop1: 65.249 ; train_accTop5: 90.778 ; time: 30.340 ; stu0train_accTop1: 62.687 ; stu0train_accTop5: 89.646 ; stu1train_accTop1: 62.634 ; stu1train_accTop5: 89.623 ; stu2train_accTop1: 62.490 ; stu2train_accTop5: 89.515
2025-10-30 00:59:46,176:INFO: - Test metrics: test_loss: 7.533 ; test_true_loss: 5.186 ; test_group_loss: 0.231 ; mean_test_accTop1: 53.257 ; mean_test_accTop5: 83.162 ; test_accTop1: 55.874 ; test_accTop5: 85.038 ; stu_test_accTop1: 51.909 ; stu_test_accTop5: 82.407 ; dist: 0.267 ; time: 2.699 ; stu0test_accTop1: 52.818 ; stu0test_accTop5: 82.318 ; stu1test_accTop1: 53.244 ; stu1test_accTop5: 83.248 ; stu2test_accTop1: 53.708 ; stu2test_accTop5: 83.920
2025-10-30 00:59:46,200:INFO: - Updated epoch history. Epoch count: 97
2025-10-30 00:59:46,230:INFO: Epoch 98/300
2025-10-30 01:00:16,320:INFO: - Train metrics: train_loss: 5.519 ; train_true_loss: 3.922 ; train_group_loss: 0.119 ; mean_train_accTop1: 62.668 ; mean_train_accTop5: 62.668 ; stu_train_accTop1: 62.822 ; stu_train_accTop5: 89.671 ; train_accTop1: 64.983 ; train_accTop5: 90.835 ; time: 30.090 ; stu0train_accTop1: 62.657 ; stu0train_accTop5: 89.496 ; stu1train_accTop1: 62.646 ; stu1train_accTop5: 89.552 ; stu2train_accTop1: 62.701 ; stu2train_accTop5: 89.407
2025-10-30 01:00:18,982:INFO: - Test metrics: test_loss: 7.348 ; test_true_loss: 5.203 ; test_group_loss: 0.222 ; mean_test_accTop1: 52.898 ; mean_test_accTop5: 83.350 ; test_accTop1: 55.676 ; test_accTop5: 85.206 ; stu_test_accTop1: 54.925 ; stu_test_accTop5: 84.454 ; dist: 0.269 ; time: 2.660 ; stu0test_accTop1: 52.947 ; stu0test_accTop5: 84.098 ; stu1test_accTop1: 52.364 ; stu1test_accTop5: 82.328 ; stu2test_accTop1: 53.382 ; stu2test_accTop5: 83.623
2025-10-30 01:00:19,007:INFO: - Updated epoch history. Epoch count: 98
2025-10-30 01:00:19,035:INFO: Epoch 99/300
2025-10-30 01:00:49,190:INFO: - Train metrics: train_loss: 5.492 ; train_true_loss: 3.899 ; train_group_loss: 0.119 ; mean_train_accTop1: 63.067 ; mean_train_accTop5: 63.067 ; stu_train_accTop1: 63.186 ; stu_train_accTop5: 89.949 ; train_accTop1: 65.530 ; train_accTop5: 90.948 ; time: 30.155 ; stu0train_accTop1: 63.079 ; stu0train_accTop5: 89.697 ; stu1train_accTop1: 63.095 ; stu1train_accTop5: 89.614 ; stu2train_accTop1: 63.026 ; stu2train_accTop5: 89.772
2025-10-30 01:00:51,839:INFO: - Test metrics: test_loss: 7.889 ; test_true_loss: 5.479 ; test_group_loss: 0.257 ; mean_test_accTop1: 51.085 ; mean_test_accTop5: 81.754 ; test_accTop1: 54.163 ; test_accTop5: 84.009 ; stu_test_accTop1: 50.890 ; stu_test_accTop5: 81.230 ; dist: 0.283 ; time: 2.647 ; stu0test_accTop1: 51.197 ; stu0test_accTop5: 81.685 ; stu1test_accTop1: 51.978 ; stu1test_accTop5: 82.773 ; stu2test_accTop1: 50.079 ; stu2test_accTop5: 80.805
2025-10-30 01:00:51,864:INFO: - Updated epoch history. Epoch count: 99
2025-10-30 01:00:51,894:INFO: Epoch 100/300
2025-10-30 01:01:22,028:INFO: - Train metrics: train_loss: 5.510 ; train_true_loss: 3.910 ; train_group_loss: 0.119 ; mean_train_accTop1: 62.795 ; mean_train_accTop5: 62.795 ; stu_train_accTop1: 62.950 ; stu_train_accTop5: 89.581 ; train_accTop1: 65.193 ; train_accTop5: 90.710 ; time: 30.133 ; stu0train_accTop1: 62.820 ; stu0train_accTop5: 89.628 ; stu1train_accTop1: 62.802 ; stu1train_accTop5: 89.477 ; stu2train_accTop1: 62.762 ; stu2train_accTop5: 89.507
2025-10-30 01:01:24,660:INFO: - Test metrics: test_loss: 7.936 ; test_true_loss: 5.375 ; test_group_loss: 0.312 ; mean_test_accTop1: 52.304 ; mean_test_accTop5: 82.417 ; test_accTop1: 55.340 ; test_accTop5: 84.563 ; stu_test_accTop1: 53.649 ; stu_test_accTop5: 83.297 ; dist: 0.304 ; time: 2.631 ; stu0test_accTop1: 53.085 ; stu0test_accTop5: 83.297 ; stu1test_accTop1: 52.591 ; stu1test_accTop5: 82.071 ; stu2test_accTop1: 51.236 ; stu2test_accTop5: 81.883
2025-10-30 01:01:24,685:INFO: - Updated epoch history. Epoch count: 100
2025-10-30 01:01:24,723:INFO: Epoch 101/300
2025-10-30 01:01:54,878:INFO: - Train metrics: train_loss: 5.504 ; train_true_loss: 3.910 ; train_group_loss: 0.118 ; mean_train_accTop1: 62.638 ; mean_train_accTop5: 62.638 ; stu_train_accTop1: 63.115 ; stu_train_accTop5: 89.724 ; train_accTop1: 64.954 ; train_accTop5: 90.820 ; time: 30.154 ; stu0train_accTop1: 62.658 ; stu0train_accTop5: 89.636 ; stu1train_accTop1: 62.543 ; stu1train_accTop5: 89.479 ; stu2train_accTop1: 62.712 ; stu2train_accTop5: 89.512
2025-10-30 01:01:57,538:INFO: - Test metrics: test_loss: 8.294 ; test_true_loss: 5.793 ; test_group_loss: 0.210 ; mean_test_accTop1: 49.387 ; mean_test_accTop5: 79.760 ; test_accTop1: 51.909 ; test_accTop5: 82.051 ; stu_test_accTop1: 48.032 ; stu_test_accTop5: 79.144 ; dist: 0.263 ; time: 2.658 ; stu0test_accTop1: 49.684 ; stu0test_accTop5: 80.508 ; stu1test_accTop1: 48.289 ; stu1test_accTop5: 78.263 ; stu2test_accTop1: 50.188 ; stu2test_accTop5: 80.508
2025-10-30 01:01:57,562:INFO: - Updated epoch history. Epoch count: 101
2025-10-30 01:01:57,590:INFO: Epoch 102/300
2025-10-30 01:02:27,767:INFO: - Train metrics: train_loss: 5.503 ; train_true_loss: 3.908 ; train_group_loss: 0.119 ; mean_train_accTop1: 62.845 ; mean_train_accTop5: 62.845 ; stu_train_accTop1: 62.859 ; stu_train_accTop5: 89.772 ; train_accTop1: 65.177 ; train_accTop5: 91.086 ; time: 30.176 ; stu0train_accTop1: 62.893 ; stu0train_accTop5: 89.710 ; stu1train_accTop1: 62.890 ; stu1train_accTop5: 89.857 ; stu2train_accTop1: 62.751 ; stu2train_accTop5: 89.764
2025-10-30 01:02:30,453:INFO: - Test metrics: test_loss: 7.118 ; test_true_loss: 4.986 ; test_group_loss: 0.232 ; mean_test_accTop1: 55.347 ; mean_test_accTop5: 83.857 ; test_accTop1: 58.149 ; test_accTop5: 85.532 ; stu_test_accTop1: 55.756 ; stu_test_accTop5: 85.127 ; dist: 0.266 ; time: 2.684 ; stu0test_accTop1: 56.853 ; stu0test_accTop5: 85.334 ; stu1test_accTop1: 54.411 ; stu1test_accTop5: 82.536 ; stu2test_accTop1: 54.777 ; stu2test_accTop5: 83.703
2025-10-30 01:02:30,478:INFO: - Updated epoch history. Epoch count: 102
2025-10-30 01:02:30,515:INFO: Epoch 103/300
2025-10-30 01:03:00,695:INFO: - Train metrics: train_loss: 5.496 ; train_true_loss: 3.900 ; train_group_loss: 0.120 ; mean_train_accTop1: 62.845 ; mean_train_accTop5: 62.845 ; stu_train_accTop1: 63.047 ; stu_train_accTop5: 89.727 ; train_accTop1: 65.244 ; train_accTop5: 90.885 ; time: 30.180 ; stu0train_accTop1: 62.940 ; stu0train_accTop5: 89.688 ; stu1train_accTop1: 62.796 ; stu1train_accTop5: 89.678 ; stu2train_accTop1: 62.799 ; stu2train_accTop5: 89.660
2025-10-30 01:03:03,347:INFO: - Test metrics: test_loss: 7.330 ; test_true_loss: 5.118 ; test_group_loss: 0.231 ; mean_test_accTop1: 53.290 ; mean_test_accTop5: 83.406 ; test_accTop1: 56.448 ; test_accTop5: 85.601 ; stu_test_accTop1: 53.174 ; stu_test_accTop5: 83.693 ; dist: 0.265 ; time: 2.650 ; stu0test_accTop1: 54.302 ; stu0test_accTop5: 84.306 ; stu1test_accTop1: 52.077 ; stu1test_accTop5: 82.694 ; stu2test_accTop1: 53.491 ; stu2test_accTop5: 83.218
2025-10-30 01:03:03,372:INFO: - Updated epoch history. Epoch count: 103
2025-10-30 01:03:03,400:INFO: Epoch 104/300
2025-10-30 01:03:33,747:INFO: - Train metrics: train_loss: 5.488 ; train_true_loss: 3.896 ; train_group_loss: 0.118 ; mean_train_accTop1: 62.828 ; mean_train_accTop5: 62.828 ; stu_train_accTop1: 62.759 ; stu_train_accTop5: 89.731 ; train_accTop1: 65.239 ; train_accTop5: 90.924 ; time: 30.347 ; stu0train_accTop1: 62.833 ; stu0train_accTop5: 89.783 ; stu1train_accTop1: 62.781 ; stu1train_accTop5: 89.762 ; stu2train_accTop1: 62.870 ; stu2train_accTop5: 89.691
2025-10-30 01:03:36,396:INFO: - Test metrics: test_loss: 8.395 ; test_true_loss: 5.863 ; test_group_loss: 0.245 ; mean_test_accTop1: 49.222 ; mean_test_accTop5: 78.985 ; test_accTop1: 51.968 ; test_accTop5: 81.329 ; stu_test_accTop1: 49.248 ; stu_test_accTop5: 79.559 ; dist: 0.280 ; time: 2.647 ; stu0test_accTop1: 49.970 ; stu0test_accTop5: 79.697 ; stu1test_accTop1: 47.478 ; stu1test_accTop5: 76.335 ; stu2test_accTop1: 50.218 ; stu2test_accTop5: 80.924
2025-10-30 01:03:36,421:INFO: - Updated epoch history. Epoch count: 104
2025-10-30 01:03:36,449:INFO: Epoch 105/300
2025-10-30 01:04:06,710:INFO: - Train metrics: train_loss: 5.495 ; train_true_loss: 3.906 ; train_group_loss: 0.118 ; mean_train_accTop1: 62.794 ; mean_train_accTop5: 62.794 ; stu_train_accTop1: 63.131 ; stu_train_accTop5: 89.847 ; train_accTop1: 65.242 ; train_accTop5: 90.911 ; time: 30.261 ; stu0train_accTop1: 62.815 ; stu0train_accTop5: 89.703 ; stu1train_accTop1: 62.776 ; stu1train_accTop5: 89.710 ; stu2train_accTop1: 62.792 ; stu2train_accTop5: 89.693
2025-10-30 01:04:09,381:INFO: - Test metrics: test_loss: 7.894 ; test_true_loss: 5.509 ; test_group_loss: 0.201 ; mean_test_accTop1: 50.953 ; mean_test_accTop5: 81.985 ; test_accTop1: 53.076 ; test_accTop5: 83.248 ; stu_test_accTop1: 51.849 ; stu_test_accTop5: 82.091 ; dist: 0.256 ; time: 2.670 ; stu0test_accTop1: 49.417 ; stu0test_accTop5: 81.319 ; stu1test_accTop1: 51.849 ; stu1test_accTop5: 81.942 ; stu2test_accTop1: 51.592 ; stu2test_accTop5: 82.694
2025-10-30 01:04:09,406:INFO: - Updated epoch history. Epoch count: 105
2025-10-30 01:04:09,444:INFO: Epoch 106/300
2025-10-30 01:04:39,387:INFO: - Train metrics: train_loss: 5.525 ; train_true_loss: 3.923 ; train_group_loss: 0.119 ; mean_train_accTop1: 62.696 ; mean_train_accTop5: 62.696 ; stu_train_accTop1: 62.841 ; stu_train_accTop5: 89.471 ; train_accTop1: 65.101 ; train_accTop5: 90.808 ; time: 29.943 ; stu0train_accTop1: 62.743 ; stu0train_accTop5: 89.578 ; stu1train_accTop1: 62.742 ; stu1train_accTop5: 89.526 ; stu2train_accTop1: 62.602 ; stu2train_accTop5: 89.499
2025-10-30 01:04:42,044:INFO: - Test metrics: test_loss: 7.056 ; test_true_loss: 4.970 ; test_group_loss: 0.209 ; mean_test_accTop1: 54.711 ; mean_test_accTop5: 83.775 ; test_accTop1: 57.476 ; test_accTop5: 85.759 ; stu_test_accTop1: 55.241 ; stu_test_accTop5: 84.602 ; dist: 0.255 ; time: 2.655 ; stu0test_accTop1: 54.272 ; stu0test_accTop5: 83.732 ; stu1test_accTop1: 54.786 ; stu1test_accTop5: 83.742 ; stu2test_accTop1: 55.073 ; stu2test_accTop5: 83.851
2025-10-30 01:04:42,068:INFO: - Updated epoch history. Epoch count: 106
2025-10-30 01:04:42,095:INFO: Epoch 107/300
2025-10-30 01:05:12,030:INFO: - Train metrics: train_loss: 5.477 ; train_true_loss: 3.888 ; train_group_loss: 0.119 ; mean_train_accTop1: 63.058 ; mean_train_accTop5: 63.058 ; stu_train_accTop1: 63.313 ; stu_train_accTop5: 89.774 ; train_accTop1: 65.561 ; train_accTop5: 90.823 ; time: 29.935 ; stu0train_accTop1: 62.979 ; stu0train_accTop5: 89.584 ; stu1train_accTop1: 63.149 ; stu1train_accTop5: 89.718 ; stu2train_accTop1: 63.047 ; stu2train_accTop5: 89.584
2025-10-30 01:05:14,711:INFO: - Test metrics: test_loss: 7.870 ; test_true_loss: 5.473 ; test_group_loss: 0.235 ; mean_test_accTop1: 51.975 ; mean_test_accTop5: 81.533 ; test_accTop1: 54.826 ; test_accTop5: 83.436 ; stu_test_accTop1: 51.009 ; stu_test_accTop5: 82.130 ; dist: 0.282 ; time: 2.678 ; stu0test_accTop1: 51.691 ; stu0test_accTop5: 81.695 ; stu1test_accTop1: 51.612 ; stu1test_accTop5: 80.894 ; stu2test_accTop1: 52.621 ; stu2test_accTop5: 82.011
2025-10-30 01:05:14,736:INFO: - Updated epoch history. Epoch count: 107
2025-10-30 01:05:14,763:INFO: Epoch 108/300
2025-10-30 01:05:44,727:INFO: - Train metrics: train_loss: 5.483 ; train_true_loss: 3.891 ; train_group_loss: 0.118 ; mean_train_accTop1: 62.973 ; mean_train_accTop5: 62.973 ; stu_train_accTop1: 63.031 ; stu_train_accTop5: 89.785 ; train_accTop1: 65.343 ; train_accTop5: 90.944 ; time: 29.964 ; stu0train_accTop1: 63.077 ; stu0train_accTop5: 89.646 ; stu1train_accTop1: 62.909 ; stu1train_accTop5: 89.665 ; stu2train_accTop1: 62.931 ; stu2train_accTop5: 89.783
2025-10-30 01:05:47,371:INFO: - Test metrics: test_loss: 7.486 ; test_true_loss: 5.231 ; test_group_loss: 0.205 ; mean_test_accTop1: 53.507 ; mean_test_accTop5: 82.367 ; test_accTop1: 56.013 ; test_accTop5: 84.068 ; stu_test_accTop1: 54.025 ; stu_test_accTop5: 82.763 ; dist: 0.253 ; time: 2.643 ; stu0test_accTop1: 54.144 ; stu0test_accTop5: 83.287 ; stu1test_accTop1: 52.759 ; stu1test_accTop5: 81.942 ; stu2test_accTop1: 53.619 ; stu2test_accTop5: 81.873
2025-10-30 01:05:47,396:INFO: - Updated epoch history. Epoch count: 108
2025-10-30 01:05:47,425:INFO: Epoch 109/300
2025-10-30 01:06:17,443:INFO: - Train metrics: train_loss: 5.475 ; train_true_loss: 3.888 ; train_group_loss: 0.119 ; mean_train_accTop1: 62.919 ; mean_train_accTop5: 62.919 ; stu_train_accTop1: 63.011 ; stu_train_accTop5: 89.755 ; train_accTop1: 65.412 ; train_accTop5: 90.902 ; time: 30.017 ; stu0train_accTop1: 62.951 ; stu0train_accTop5: 89.653 ; stu1train_accTop1: 62.914 ; stu1train_accTop5: 89.602 ; stu2train_accTop1: 62.892 ; stu2train_accTop5: 89.628
2025-10-30 01:06:20,067:INFO: - Test metrics: test_loss: 7.996 ; test_true_loss: 5.558 ; test_group_loss: 0.274 ; mean_test_accTop1: 51.058 ; mean_test_accTop5: 81.942 ; test_accTop1: 54.322 ; test_accTop5: 84.059 ; stu_test_accTop1: 51.236 ; stu_test_accTop5: 81.942 ; dist: 0.289 ; time: 2.622 ; stu0test_accTop1: 52.067 ; stu0test_accTop5: 82.447 ; stu1test_accTop1: 49.634 ; stu1test_accTop5: 81.448 ; stu2test_accTop1: 51.473 ; stu2test_accTop5: 81.932
2025-10-30 01:06:20,091:INFO: - Updated epoch history. Epoch count: 109
2025-10-30 01:06:20,118:INFO: Epoch 110/300
2025-10-30 01:06:50,084:INFO: - Train metrics: train_loss: 5.474 ; train_true_loss: 3.889 ; train_group_loss: 0.118 ; mean_train_accTop1: 63.045 ; mean_train_accTop5: 63.045 ; stu_train_accTop1: 63.174 ; stu_train_accTop5: 89.818 ; train_accTop1: 65.369 ; train_accTop5: 90.893 ; time: 29.965 ; stu0train_accTop1: 63.125 ; stu0train_accTop5: 89.625 ; stu1train_accTop1: 63.020 ; stu1train_accTop5: 89.638 ; stu2train_accTop1: 62.990 ; stu2train_accTop5: 89.646
2025-10-30 01:06:52,708:INFO: - Test metrics: test_loss: 7.480 ; test_true_loss: 5.276 ; test_group_loss: 0.234 ; mean_test_accTop1: 52.838 ; mean_test_accTop5: 82.819 ; test_accTop1: 55.271 ; test_accTop5: 84.850 ; stu_test_accTop1: 55.320 ; stu_test_accTop5: 84.701 ; dist: 0.260 ; time: 2.622 ; stu0test_accTop1: 53.511 ; stu0test_accTop5: 83.099 ; stu1test_accTop1: 50.969 ; stu1test_accTop5: 82.081 ; stu2test_accTop1: 54.035 ; stu2test_accTop5: 83.277
2025-10-30 01:06:52,732:INFO: - Updated epoch history. Epoch count: 110
2025-10-30 01:06:52,770:INFO: Epoch 111/300
2025-10-30 01:07:22,601:INFO: - Train metrics: train_loss: 5.456 ; train_true_loss: 3.877 ; train_group_loss: 0.119 ; mean_train_accTop1: 63.236 ; mean_train_accTop5: 63.236 ; stu_train_accTop1: 63.561 ; stu_train_accTop5: 89.957 ; train_accTop1: 65.596 ; train_accTop5: 90.995 ; time: 29.830 ; stu0train_accTop1: 63.215 ; stu0train_accTop5: 89.805 ; stu1train_accTop1: 63.280 ; stu1train_accTop5: 89.706 ; stu2train_accTop1: 63.215 ; stu2train_accTop5: 89.769
2025-10-30 01:07:25,235:INFO: - Test metrics: test_loss: 8.075 ; test_true_loss: 5.695 ; test_group_loss: 0.206 ; mean_test_accTop1: 50.198 ; mean_test_accTop5: 79.750 ; test_accTop1: 52.551 ; test_accTop5: 81.507 ; stu_test_accTop1: 50.554 ; stu_test_accTop5: 79.984 ; dist: 0.261 ; time: 2.633 ; stu0test_accTop1: 51.731 ; stu0test_accTop5: 80.498 ; stu1test_accTop1: 50.129 ; stu1test_accTop5: 79.964 ; stu2test_accTop1: 48.734 ; stu2test_accTop5: 78.788
2025-10-30 01:07:25,260:INFO: - Updated epoch history. Epoch count: 111
2025-10-30 01:07:25,288:INFO: Epoch 112/300
2025-10-30 01:07:55,094:INFO: - Train metrics: train_loss: 5.475 ; train_true_loss: 3.891 ; train_group_loss: 0.118 ; mean_train_accTop1: 62.893 ; mean_train_accTop5: 62.893 ; stu_train_accTop1: 63.139 ; stu_train_accTop5: 89.803 ; train_accTop1: 65.187 ; train_accTop5: 91.008 ; time: 29.806 ; stu0train_accTop1: 62.895 ; stu0train_accTop5: 89.866 ; stu1train_accTop1: 63.028 ; stu1train_accTop5: 89.627 ; stu2train_accTop1: 62.756 ; stu2train_accTop5: 89.707
2025-10-30 01:07:57,734:INFO: - Test metrics: test_loss: 7.615 ; test_true_loss: 5.295 ; test_group_loss: 0.236 ; mean_test_accTop1: 53.082 ; mean_test_accTop5: 82.552 ; test_accTop1: 55.884 ; test_accTop5: 84.335 ; stu_test_accTop1: 53.461 ; stu_test_accTop5: 82.170 ; dist: 0.271 ; time: 2.638 ; stu0test_accTop1: 53.254 ; stu0test_accTop5: 83.525 ; stu1test_accTop1: 51.355 ; stu1test_accTop5: 80.390 ; stu2test_accTop1: 54.638 ; stu2test_accTop5: 83.742
2025-10-30 01:07:57,759:INFO: - Updated epoch history. Epoch count: 112
2025-10-30 01:07:57,787:INFO: Epoch 113/300
2025-10-30 01:08:27,805:INFO: - Train metrics: train_loss: 5.476 ; train_true_loss: 3.890 ; train_group_loss: 0.118 ; mean_train_accTop1: 63.057 ; mean_train_accTop5: 63.057 ; stu_train_accTop1: 63.121 ; stu_train_accTop5: 89.805 ; train_accTop1: 65.493 ; train_accTop5: 90.952 ; time: 30.018 ; stu0train_accTop1: 63.145 ; stu0train_accTop5: 89.715 ; stu1train_accTop1: 63.122 ; stu1train_accTop5: 89.546 ; stu2train_accTop1: 62.905 ; stu2train_accTop5: 89.702
2025-10-30 01:08:30,475:INFO: - Test metrics: test_loss: 7.271 ; test_true_loss: 5.047 ; test_group_loss: 0.248 ; mean_test_accTop1: 54.500 ; mean_test_accTop5: 83.785 ; test_accTop1: 57.180 ; test_accTop5: 85.611 ; stu_test_accTop1: 54.974 ; stu_test_accTop5: 84.701 ; dist: 0.269 ; time: 2.667 ; stu0test_accTop1: 54.153 ; stu0test_accTop5: 83.416 ; stu1test_accTop1: 54.806 ; stu1test_accTop5: 84.167 ; stu2test_accTop1: 54.539 ; stu2test_accTop5: 83.772
2025-10-30 01:08:30,500:INFO: - Updated epoch history. Epoch count: 113
2025-10-30 01:08:30,535:INFO: Epoch 114/300
2025-10-30 01:09:00,549:INFO: - Train metrics: train_loss: 5.452 ; train_true_loss: 3.871 ; train_group_loss: 0.118 ; mean_train_accTop1: 63.168 ; mean_train_accTop5: 63.168 ; stu_train_accTop1: 63.185 ; stu_train_accTop5: 90.004 ; train_accTop1: 65.613 ; train_accTop5: 91.121 ; time: 30.014 ; stu0train_accTop1: 63.234 ; stu0train_accTop5: 89.873 ; stu1train_accTop1: 63.205 ; stu1train_accTop5: 89.913 ; stu2train_accTop1: 63.063 ; stu2train_accTop5: 89.859
2025-10-30 01:09:03,218:INFO: - Test metrics: test_loss: 7.177 ; test_true_loss: 4.942 ; test_group_loss: 0.229 ; mean_test_accTop1: 54.368 ; mean_test_accTop5: 84.059 ; test_accTop1: 57.585 ; test_accTop5: 86.303 ; stu_test_accTop1: 55.044 ; stu_test_accTop5: 84.672 ; dist: 0.267 ; time: 2.667 ; stu0test_accTop1: 55.953 ; stu0test_accTop5: 84.919 ; stu1test_accTop1: 53.333 ; stu1test_accTop5: 83.455 ; stu2test_accTop1: 53.817 ; stu2test_accTop5: 83.801
2025-10-30 01:09:03,243:INFO: - Updated epoch history. Epoch count: 114
2025-10-30 01:09:03,269:INFO: Epoch 115/300
2025-10-30 01:09:33,289:INFO: - Train metrics: train_loss: 5.497 ; train_true_loss: 3.909 ; train_group_loss: 0.117 ; mean_train_accTop1: 62.635 ; mean_train_accTop5: 62.635 ; stu_train_accTop1: 62.714 ; stu_train_accTop5: 89.758 ; train_accTop1: 64.995 ; train_accTop5: 90.859 ; time: 30.020 ; stu0train_accTop1: 62.654 ; stu0train_accTop5: 89.723 ; stu1train_accTop1: 62.670 ; stu1train_accTop5: 89.669 ; stu2train_accTop1: 62.580 ; stu2train_accTop5: 89.720
2025-10-30 01:09:35,927:INFO: - Test metrics: test_loss: 7.880 ; test_true_loss: 5.563 ; test_group_loss: 0.215 ; mean_test_accTop1: 50.811 ; mean_test_accTop5: 80.620 ; test_accTop1: 53.432 ; test_accTop5: 82.526 ; stu_test_accTop1: 52.146 ; stu_test_accTop5: 81.547 ; dist: 0.265 ; time: 2.635 ; stu0test_accTop1: 51.206 ; stu0test_accTop5: 80.746 ; stu1test_accTop1: 51.009 ; stu1test_accTop5: 80.261 ; stu2test_accTop1: 50.218 ; stu2test_accTop5: 80.854
2025-10-30 01:09:35,950:INFO: - Updated epoch history. Epoch count: 115
2025-10-30 01:09:35,978:INFO: Epoch 116/300
2025-10-30 01:10:06,024:INFO: - Train metrics: train_loss: 5.483 ; train_true_loss: 3.899 ; train_group_loss: 0.118 ; mean_train_accTop1: 62.857 ; mean_train_accTop5: 62.857 ; stu_train_accTop1: 63.077 ; stu_train_accTop5: 89.822 ; train_accTop1: 65.272 ; train_accTop5: 90.965 ; time: 30.046 ; stu0train_accTop1: 62.828 ; stu0train_accTop5: 89.692 ; stu1train_accTop1: 62.962 ; stu1train_accTop5: 89.699 ; stu2train_accTop1: 62.781 ; stu2train_accTop5: 89.676
2025-10-30 01:10:08,686:INFO: - Test metrics: test_loss: 6.950 ; test_true_loss: 4.878 ; test_group_loss: 0.227 ; mean_test_accTop1: 55.637 ; mean_test_accTop5: 84.237 ; test_accTop1: 58.396 ; test_accTop5: 86.086 ; stu_test_accTop1: 56.735 ; stu_test_accTop5: 85.156 ; dist: 0.261 ; time: 2.660 ; stu0test_accTop1: 55.528 ; stu0test_accTop5: 83.594 ; stu1test_accTop1: 55.034 ; stu1test_accTop5: 84.207 ; stu2test_accTop1: 56.349 ; stu2test_accTop5: 84.909
2025-10-30 01:10:08,710:INFO: - Updated epoch history. Epoch count: 116
2025-10-30 01:10:08,754:INFO: Epoch 117/300
2025-10-30 01:10:38,789:INFO: - Train metrics: train_loss: 5.461 ; train_true_loss: 3.882 ; train_group_loss: 0.117 ; mean_train_accTop1: 62.979 ; mean_train_accTop5: 62.979 ; stu_train_accTop1: 63.159 ; stu_train_accTop5: 89.701 ; train_accTop1: 65.475 ; train_accTop5: 90.924 ; time: 30.035 ; stu0train_accTop1: 63.007 ; stu0train_accTop5: 89.603 ; stu1train_accTop1: 62.743 ; stu1train_accTop5: 89.759 ; stu2train_accTop1: 63.186 ; stu2train_accTop5: 89.612
2025-10-30 01:10:41,421:INFO: - Test metrics: test_loss: 7.682 ; test_true_loss: 5.392 ; test_group_loss: 0.190 ; mean_test_accTop1: 52.044 ; mean_test_accTop5: 82.005 ; test_accTop1: 54.450 ; test_accTop5: 83.663 ; stu_test_accTop1: 52.631 ; stu_test_accTop5: 82.575 ; dist: 0.248 ; time: 2.629 ; stu0test_accTop1: 51.068 ; stu0test_accTop5: 81.646 ; stu1test_accTop1: 52.017 ; stu1test_accTop5: 82.180 ; stu2test_accTop1: 53.046 ; stu2test_accTop5: 82.189
2025-10-30 01:10:41,446:INFO: - Updated epoch history. Epoch count: 117
2025-10-30 01:10:41,484:INFO: Epoch 118/300
2025-10-30 01:11:11,464:INFO: - Train metrics: train_loss: 5.462 ; train_true_loss: 3.884 ; train_group_loss: 0.117 ; mean_train_accTop1: 62.965 ; mean_train_accTop5: 62.965 ; stu_train_accTop1: 62.944 ; stu_train_accTop5: 89.801 ; train_accTop1: 65.272 ; train_accTop5: 90.872 ; time: 29.979 ; stu0train_accTop1: 62.808 ; stu0train_accTop5: 89.669 ; stu1train_accTop1: 62.916 ; stu1train_accTop5: 89.546 ; stu2train_accTop1: 63.172 ; stu2train_accTop5: 89.829
2025-10-30 01:11:14,093:INFO: - Test metrics: test_loss: 8.205 ; test_true_loss: 5.633 ; test_group_loss: 0.241 ; mean_test_accTop1: 50.386 ; mean_test_accTop5: 80.990 ; test_accTop1: 52.868 ; test_accTop5: 82.981 ; stu_test_accTop1: 48.962 ; stu_test_accTop5: 79.173 ; dist: 0.284 ; time: 2.627 ; stu0test_accTop1: 50.277 ; stu0test_accTop5: 81.062 ; stu1test_accTop1: 52.957 ; stu1test_accTop5: 82.269 ; stu2test_accTop1: 47.923 ; stu2test_accTop5: 79.638
2025-10-30 01:11:14,119:INFO: - Updated epoch history. Epoch count: 118
2025-10-30 01:11:14,148:INFO: Epoch 119/300
2025-10-30 01:11:44,226:INFO: - Train metrics: train_loss: 5.470 ; train_true_loss: 3.888 ; train_group_loss: 0.117 ; mean_train_accTop1: 62.867 ; mean_train_accTop5: 62.867 ; stu_train_accTop1: 62.964 ; stu_train_accTop5: 89.843 ; train_accTop1: 65.291 ; train_accTop5: 90.912 ; time: 30.077 ; stu0train_accTop1: 62.767 ; stu0train_accTop5: 89.586 ; stu1train_accTop1: 62.990 ; stu1train_accTop5: 89.697 ; stu2train_accTop1: 62.843 ; stu2train_accTop5: 89.706
2025-10-30 01:11:46,884:INFO: - Test metrics: test_loss: 7.264 ; test_true_loss: 5.060 ; test_group_loss: 0.204 ; mean_test_accTop1: 54.315 ; mean_test_accTop5: 83.139 ; test_accTop1: 56.705 ; test_accTop5: 84.919 ; stu_test_accTop1: 54.302 ; stu_test_accTop5: 82.902 ; dist: 0.252 ; time: 2.657 ; stu0test_accTop1: 54.223 ; stu0test_accTop5: 82.417 ; stu1test_accTop1: 55.360 ; stu1test_accTop5: 84.355 ; stu2test_accTop1: 53.362 ; stu2test_accTop5: 82.644
2025-10-30 01:11:46,909:INFO: - Updated epoch history. Epoch count: 119
2025-10-30 01:11:46,938:INFO: Epoch 120/300
2025-10-30 01:12:16,843:INFO: - Train metrics: train_loss: 5.433 ; train_true_loss: 3.861 ; train_group_loss: 0.117 ; mean_train_accTop1: 63.309 ; mean_train_accTop5: 63.309 ; stu_train_accTop1: 63.400 ; stu_train_accTop5: 90.044 ; train_accTop1: 65.567 ; train_accTop5: 91.115 ; time: 29.904 ; stu0train_accTop1: 63.352 ; stu0train_accTop5: 89.958 ; stu1train_accTop1: 63.246 ; stu1train_accTop5: 89.833 ; stu2train_accTop1: 63.329 ; stu2train_accTop5: 89.787
2025-10-30 01:12:19,477:INFO: - Test metrics: test_loss: 7.248 ; test_true_loss: 5.085 ; test_group_loss: 0.197 ; mean_test_accTop1: 54.038 ; mean_test_accTop5: 82.994 ; test_accTop1: 56.290 ; test_accTop5: 84.672 ; stu_test_accTop1: 53.926 ; stu_test_accTop5: 83.129 ; dist: 0.251 ; time: 2.632 ; stu0test_accTop1: 53.956 ; stu0test_accTop5: 82.526 ; stu1test_accTop1: 53.827 ; stu1test_accTop5: 83.267 ; stu2test_accTop1: 54.331 ; stu2test_accTop5: 83.188
2025-10-30 01:12:19,502:INFO: - Updated epoch history. Epoch count: 120
2025-10-30 01:12:19,540:INFO: Epoch 121/300
2025-10-30 01:12:49,460:INFO: - Train metrics: train_loss: 5.462 ; train_true_loss: 3.881 ; train_group_loss: 0.118 ; mean_train_accTop1: 62.815 ; mean_train_accTop5: 62.815 ; stu_train_accTop1: 62.896 ; stu_train_accTop5: 89.931 ; train_accTop1: 65.114 ; train_accTop5: 90.999 ; time: 29.919 ; stu0train_accTop1: 62.778 ; stu0train_accTop5: 89.755 ; stu1train_accTop1: 62.833 ; stu1train_accTop5: 89.753 ; stu2train_accTop1: 62.834 ; stu2train_accTop5: 89.870
2025-10-30 01:12:52,102:INFO: - Test metrics: test_loss: 7.991 ; test_true_loss: 5.584 ; test_group_loss: 0.253 ; mean_test_accTop1: 50.119 ; mean_test_accTop5: 81.023 ; test_accTop1: 53.184 ; test_accTop5: 83.455 ; stu_test_accTop1: 50.850 ; stu_test_accTop5: 81.735 ; dist: 0.290 ; time: 2.640 ; stu0test_accTop1: 48.586 ; stu0test_accTop5: 79.688 ; stu1test_accTop1: 50.208 ; stu1test_accTop5: 80.953 ; stu2test_accTop1: 51.562 ; stu2test_accTop5: 82.427
2025-10-30 01:12:52,126:INFO: - Updated epoch history. Epoch count: 121
2025-10-30 01:12:52,154:INFO: Epoch 122/300
2025-10-30 01:13:22,353:INFO: - Train metrics: train_loss: 5.480 ; train_true_loss: 3.899 ; train_group_loss: 0.117 ; mean_train_accTop1: 62.670 ; mean_train_accTop5: 62.670 ; stu_train_accTop1: 62.992 ; stu_train_accTop5: 89.748 ; train_accTop1: 64.920 ; train_accTop5: 90.971 ; time: 30.199 ; stu0train_accTop1: 62.664 ; stu0train_accTop5: 89.613 ; stu1train_accTop1: 62.733 ; stu1train_accTop5: 89.672 ; stu2train_accTop1: 62.614 ; stu2train_accTop5: 89.669
2025-10-30 01:13:25,015:INFO: - Test metrics: test_loss: 7.218 ; test_true_loss: 5.120 ; test_group_loss: 0.214 ; mean_test_accTop1: 53.840 ; mean_test_accTop5: 82.826 ; test_accTop1: 56.596 ; test_accTop5: 84.711 ; stu_test_accTop1: 56.062 ; stu_test_accTop5: 84.177 ; dist: 0.257 ; time: 2.659 ; stu0test_accTop1: 54.490 ; stu0test_accTop5: 83.287 ; stu1test_accTop1: 53.432 ; stu1test_accTop5: 82.555 ; stu2test_accTop1: 53.600 ; stu2test_accTop5: 82.634
2025-10-30 01:13:25,040:INFO: - Updated epoch history. Epoch count: 122
2025-10-30 01:13:25,070:INFO: Epoch 123/300
2025-10-30 01:13:55,013:INFO: - Train metrics: train_loss: 5.458 ; train_true_loss: 3.885 ; train_group_loss: 0.116 ; mean_train_accTop1: 62.824 ; mean_train_accTop5: 62.824 ; stu_train_accTop1: 63.093 ; stu_train_accTop5: 89.883 ; train_accTop1: 65.189 ; train_accTop5: 90.945 ; time: 29.942 ; stu0train_accTop1: 62.732 ; stu0train_accTop5: 89.785 ; stu1train_accTop1: 62.788 ; stu1train_accTop5: 89.610 ; stu2train_accTop1: 62.952 ; stu2train_accTop5: 89.830
2025-10-30 01:13:57,662:INFO: - Test metrics: test_loss: 9.062 ; test_true_loss: 6.475 ; test_group_loss: 0.263 ; mean_test_accTop1: 47.455 ; mean_test_accTop5: 77.189 ; test_accTop1: 49.713 ; test_accTop5: 79.173 ; stu_test_accTop1: 50.158 ; stu_test_accTop5: 79.866 ; dist: 0.297 ; time: 2.647 ; stu0test_accTop1: 47.824 ; stu0test_accTop5: 77.898 ; stu1test_accTop1: 49.100 ; stu1test_accTop5: 78.283 ; stu2test_accTop1: 45.441 ; stu2test_accTop5: 75.386
2025-10-30 01:13:57,686:INFO: - Updated epoch history. Epoch count: 123
2025-10-30 01:13:57,725:INFO: Epoch 124/300
2025-10-30 01:14:27,767:INFO: - Train metrics: train_loss: 5.466 ; train_true_loss: 3.887 ; train_group_loss: 0.117 ; mean_train_accTop1: 62.928 ; mean_train_accTop5: 62.928 ; stu_train_accTop1: 63.209 ; stu_train_accTop5: 89.960 ; train_accTop1: 65.240 ; train_accTop5: 91.006 ; time: 30.042 ; stu0train_accTop1: 63.123 ; stu0train_accTop5: 89.751 ; stu1train_accTop1: 62.677 ; stu1train_accTop5: 89.860 ; stu2train_accTop1: 62.983 ; stu2train_accTop5: 89.907
2025-10-30 01:14:30,426:INFO: - Test metrics: test_loss: 8.125 ; test_true_loss: 5.672 ; test_group_loss: 0.239 ; mean_test_accTop1: 50.814 ; mean_test_accTop5: 81.003 ; test_accTop1: 53.085 ; test_accTop5: 82.872 ; stu_test_accTop1: 51.058 ; stu_test_accTop5: 81.675 ; dist: 0.267 ; time: 2.658 ; stu0test_accTop1: 52.967 ; stu0test_accTop5: 82.308 ; stu1test_accTop1: 50.069 ; stu1test_accTop5: 80.578 ; stu2test_accTop1: 49.407 ; stu2test_accTop5: 80.123
2025-10-30 01:14:30,451:INFO: - Updated epoch history. Epoch count: 124
2025-10-30 01:14:30,480:INFO: Epoch 125/300
2025-10-30 01:15:00,417:INFO: - Train metrics: train_loss: 5.443 ; train_true_loss: 3.872 ; train_group_loss: 0.117 ; mean_train_accTop1: 63.052 ; mean_train_accTop5: 63.052 ; stu_train_accTop1: 63.327 ; stu_train_accTop5: 89.824 ; train_accTop1: 65.382 ; train_accTop5: 90.988 ; time: 29.936 ; stu0train_accTop1: 62.913 ; stu0train_accTop5: 89.900 ; stu1train_accTop1: 62.966 ; stu1train_accTop5: 89.814 ; stu2train_accTop1: 63.278 ; stu2train_accTop5: 89.849
2025-10-30 01:15:03,057:INFO: - Test metrics: test_loss: 7.639 ; test_true_loss: 5.345 ; test_group_loss: 0.219 ; mean_test_accTop1: 52.413 ; mean_test_accTop5: 82.193 ; test_accTop1: 55.222 ; test_accTop5: 84.286 ; stu_test_accTop1: 51.948 ; stu_test_accTop5: 81.764 ; dist: 0.270 ; time: 2.638 ; stu0test_accTop1: 51.434 ; stu0test_accTop5: 80.943 ; stu1test_accTop1: 53.511 ; stu1test_accTop5: 83.307 ; stu2test_accTop1: 52.294 ; stu2test_accTop5: 82.328
2025-10-30 01:15:03,082:INFO: - Updated epoch history. Epoch count: 125
2025-10-30 01:15:03,110:INFO: Epoch 126/300
2025-10-30 01:15:33,017:INFO: - Train metrics: train_loss: 5.428 ; train_true_loss: 3.862 ; train_group_loss: 0.116 ; mean_train_accTop1: 63.256 ; mean_train_accTop5: 63.256 ; stu_train_accTop1: 63.663 ; stu_train_accTop5: 89.900 ; train_accTop1: 65.714 ; train_accTop5: 90.979 ; time: 29.907 ; stu0train_accTop1: 63.107 ; stu0train_accTop5: 89.695 ; stu1train_accTop1: 63.186 ; stu1train_accTop5: 89.759 ; stu2train_accTop1: 63.476 ; stu2train_accTop5: 89.879
2025-10-30 01:15:35,657:INFO: - Test metrics: test_loss: 7.096 ; test_true_loss: 5.023 ; test_group_loss: 0.200 ; mean_test_accTop1: 54.625 ; mean_test_accTop5: 83.782 ; test_accTop1: 57.249 ; test_accTop5: 85.700 ; stu_test_accTop1: 55.785 ; stu_test_accTop5: 84.701 ; dist: 0.247 ; time: 2.638 ; stu0test_accTop1: 55.419 ; stu0test_accTop5: 84.296 ; stu1test_accTop1: 53.768 ; stu1test_accTop5: 83.505 ; stu2test_accTop1: 54.688 ; stu2test_accTop5: 83.544
2025-10-30 01:15:35,681:INFO: - Updated epoch history. Epoch count: 126
2025-10-30 01:15:35,708:INFO: Epoch 127/300
2025-10-30 01:16:05,649:INFO: - Train metrics: train_loss: 5.449 ; train_true_loss: 3.874 ; train_group_loss: 0.117 ; mean_train_accTop1: 63.007 ; mean_train_accTop5: 63.007 ; stu_train_accTop1: 63.016 ; stu_train_accTop5: 89.824 ; train_accTop1: 65.331 ; train_accTop5: 90.973 ; time: 29.941 ; stu0train_accTop1: 63.000 ; stu0train_accTop5: 89.749 ; stu1train_accTop1: 63.137 ; stu1train_accTop5: 89.769 ; stu2train_accTop1: 62.884 ; stu2train_accTop5: 89.732
2025-10-30 01:16:08,310:INFO: - Test metrics: test_loss: 7.002 ; test_true_loss: 4.927 ; test_group_loss: 0.205 ; mean_test_accTop1: 54.767 ; mean_test_accTop5: 84.016 ; test_accTop1: 57.476 ; test_accTop5: 85.700 ; stu_test_accTop1: 56.606 ; stu_test_accTop5: 85.107 ; dist: 0.254 ; time: 2.659 ; stu0test_accTop1: 56.072 ; stu0test_accTop5: 84.721 ; stu1test_accTop1: 53.708 ; stu1test_accTop5: 83.485 ; stu2test_accTop1: 54.519 ; stu2test_accTop5: 83.841
2025-10-30 01:16:08,334:INFO: - Updated epoch history. Epoch count: 127
2025-10-30 01:16:08,363:INFO: Epoch 128/300
2025-10-30 01:16:38,253:INFO: - Train metrics: train_loss: 5.417 ; train_true_loss: 3.851 ; train_group_loss: 0.117 ; mean_train_accTop1: 63.247 ; mean_train_accTop5: 63.247 ; stu_train_accTop1: 63.453 ; stu_train_accTop5: 89.978 ; train_accTop1: 65.675 ; train_accTop5: 91.124 ; time: 29.890 ; stu0train_accTop1: 63.277 ; stu0train_accTop5: 89.828 ; stu1train_accTop1: 63.196 ; stu1train_accTop5: 89.947 ; stu2train_accTop1: 63.268 ; stu2train_accTop5: 89.815
2025-10-30 01:16:40,893:INFO: - Test metrics: test_loss: 6.857 ; test_true_loss: 4.781 ; test_group_loss: 0.261 ; mean_test_accTop1: 55.831 ; mean_test_accTop5: 85.156 ; test_accTop1: 59.583 ; test_accTop5: 87.510 ; stu_test_accTop1: 56.388 ; stu_test_accTop5: 86.007 ; dist: 0.274 ; time: 2.638 ; stu0test_accTop1: 56.181 ; stu0test_accTop5: 85.038 ; stu1test_accTop1: 56.270 ; stu1test_accTop5: 85.295 ; stu2test_accTop1: 55.044 ; stu2test_accTop5: 85.136
2025-10-30 01:16:40,918:INFO: - Updated epoch history. Epoch count: 128
2025-10-30 01:16:40,956:INFO: Epoch 129/300
2025-10-30 01:17:10,893:INFO: - Train metrics: train_loss: 5.439 ; train_true_loss: 3.872 ; train_group_loss: 0.116 ; mean_train_accTop1: 62.981 ; mean_train_accTop5: 62.981 ; stu_train_accTop1: 63.304 ; stu_train_accTop5: 90.012 ; train_accTop1: 65.188 ; train_accTop5: 91.077 ; time: 29.937 ; stu0train_accTop1: 63.033 ; stu0train_accTop5: 89.773 ; stu1train_accTop1: 62.740 ; stu1train_accTop5: 89.867 ; stu2train_accTop1: 63.169 ; stu2train_accTop5: 89.832
2025-10-30 01:17:13,552:INFO: - Test metrics: test_loss: 7.481 ; test_true_loss: 5.311 ; test_group_loss: 0.250 ; mean_test_accTop1: 53.649 ; mean_test_accTop5: 82.799 ; test_accTop1: 56.596 ; test_accTop5: 84.573 ; stu_test_accTop1: 56.379 ; stu_test_accTop5: 84.207 ; dist: 0.279 ; time: 2.657 ; stu0test_accTop1: 53.748 ; stu0test_accTop5: 82.961 ; stu1test_accTop1: 54.905 ; stu1test_accTop5: 83.693 ; stu2test_accTop1: 52.294 ; stu2test_accTop5: 81.744
2025-10-30 01:17:13,577:INFO: - Updated epoch history. Epoch count: 129
2025-10-30 01:17:13,605:INFO: Epoch 130/300
2025-10-30 01:17:43,683:INFO: - Train metrics: train_loss: 5.448 ; train_true_loss: 3.879 ; train_group_loss: 0.116 ; mean_train_accTop1: 62.775 ; mean_train_accTop5: 62.775 ; stu_train_accTop1: 63.033 ; stu_train_accTop5: 89.906 ; train_accTop1: 65.028 ; train_accTop5: 91.088 ; time: 30.078 ; stu0train_accTop1: 62.615 ; stu0train_accTop5: 89.743 ; stu1train_accTop1: 62.844 ; stu1train_accTop5: 89.801 ; stu2train_accTop1: 62.864 ; stu2train_accTop5: 89.743
2025-10-30 01:17:46,335:INFO: - Test metrics: test_loss: 7.507 ; test_true_loss: 5.269 ; test_group_loss: 0.239 ; mean_test_accTop1: 52.350 ; mean_test_accTop5: 82.733 ; test_accTop1: 55.123 ; test_accTop5: 85.107 ; stu_test_accTop1: 52.512 ; stu_test_accTop5: 83.465 ; dist: 0.270 ; time: 2.650 ; stu0test_accTop1: 51.038 ; stu0test_accTop5: 82.021 ; stu1test_accTop1: 52.453 ; stu1test_accTop5: 83.060 ; stu2test_accTop1: 53.560 ; stu2test_accTop5: 83.119
2025-10-30 01:17:46,360:INFO: - Updated epoch history. Epoch count: 130
2025-10-30 01:17:46,398:INFO: Epoch 131/300
2025-10-30 01:18:16,293:INFO: - Train metrics: train_loss: 5.455 ; train_true_loss: 3.885 ; train_group_loss: 0.116 ; mean_train_accTop1: 62.894 ; mean_train_accTop5: 62.894 ; stu_train_accTop1: 63.118 ; stu_train_accTop5: 89.911 ; train_accTop1: 65.206 ; train_accTop5: 91.007 ; time: 29.894 ; stu0train_accTop1: 62.878 ; stu0train_accTop5: 89.793 ; stu1train_accTop1: 62.978 ; stu1train_accTop5: 89.697 ; stu2train_accTop1: 62.825 ; stu2train_accTop5: 89.606
2025-10-30 01:18:18,948:INFO: - Test metrics: test_loss: 7.122 ; test_true_loss: 4.913 ; test_group_loss: 0.219 ; mean_test_accTop1: 55.245 ; mean_test_accTop5: 83.884 ; test_accTop1: 57.793 ; test_accTop5: 85.591 ; stu_test_accTop1: 54.638 ; stu_test_accTop5: 83.347 ; dist: 0.254 ; time: 2.654 ; stu0test_accTop1: 54.638 ; stu0test_accTop5: 83.050 ; stu1test_accTop1: 54.806 ; stu1test_accTop5: 84.128 ; stu2test_accTop1: 56.290 ; stu2test_accTop5: 84.474
2025-10-30 01:18:18,973:INFO: - Updated epoch history. Epoch count: 131
2025-10-30 01:18:19,001:INFO: Epoch 132/300
2025-10-30 01:18:49,069:INFO: - Train metrics: train_loss: 5.441 ; train_true_loss: 3.870 ; train_group_loss: 0.116 ; mean_train_accTop1: 63.130 ; mean_train_accTop5: 63.130 ; stu_train_accTop1: 63.280 ; stu_train_accTop5: 90.014 ; train_accTop1: 65.465 ; train_accTop5: 91.046 ; time: 30.068 ; stu0train_accTop1: 63.169 ; stu0train_accTop5: 89.817 ; stu1train_accTop1: 63.069 ; stu1train_accTop5: 89.885 ; stu2train_accTop1: 63.154 ; stu2train_accTop5: 89.978
2025-10-30 01:18:51,719:INFO: - Test metrics: test_loss: 7.759 ; test_true_loss: 5.532 ; test_group_loss: 0.222 ; mean_test_accTop1: 50.600 ; mean_test_accTop5: 81.260 ; test_accTop1: 53.441 ; test_accTop5: 83.386 ; stu_test_accTop1: 52.660 ; stu_test_accTop5: 83.792 ; dist: 0.273 ; time: 2.648 ; stu0test_accTop1: 51.543 ; stu0test_accTop5: 81.794 ; stu1test_accTop1: 49.209 ; stu1test_accTop5: 80.172 ; stu2test_accTop1: 51.048 ; stu2test_accTop5: 81.814
2025-10-30 01:18:51,744:INFO: - Updated epoch history. Epoch count: 132
2025-10-30 01:18:51,771:INFO: Epoch 133/300
2025-10-30 01:19:21,796:INFO: - Train metrics: train_loss: 5.436 ; train_true_loss: 3.868 ; train_group_loss: 0.116 ; mean_train_accTop1: 63.155 ; mean_train_accTop5: 63.155 ; stu_train_accTop1: 63.291 ; stu_train_accTop5: 89.926 ; train_accTop1: 65.547 ; train_accTop5: 90.960 ; time: 30.024 ; stu0train_accTop1: 63.217 ; stu0train_accTop5: 89.841 ; stu1train_accTop1: 63.139 ; stu1train_accTop5: 89.677 ; stu2train_accTop1: 63.109 ; stu2train_accTop5: 89.743
2025-10-30 01:19:24,436:INFO: - Test metrics: test_loss: 7.496 ; test_true_loss: 5.301 ; test_group_loss: 0.219 ; mean_test_accTop1: 52.192 ; mean_test_accTop5: 82.348 ; test_accTop1: 54.866 ; test_accTop5: 84.286 ; stu_test_accTop1: 53.283 ; stu_test_accTop5: 83.149 ; dist: 0.270 ; time: 2.638 ; stu0test_accTop1: 53.155 ; stu0test_accTop5: 82.773 ; stu1test_accTop1: 50.435 ; stu1test_accTop5: 81.250 ; stu2test_accTop1: 52.987 ; stu2test_accTop5: 83.020
2025-10-30 01:19:24,460:INFO: - Updated epoch history. Epoch count: 133
2025-10-30 01:19:24,495:INFO: Epoch 134/300
2025-10-30 01:19:54,542:INFO: - Train metrics: train_loss: 5.415 ; train_true_loss: 3.853 ; train_group_loss: 0.116 ; mean_train_accTop1: 63.295 ; mean_train_accTop5: 63.295 ; stu_train_accTop1: 63.618 ; stu_train_accTop5: 89.879 ; train_accTop1: 65.648 ; train_accTop5: 91.026 ; time: 30.046 ; stu0train_accTop1: 63.430 ; stu0train_accTop5: 89.882 ; stu1train_accTop1: 63.099 ; stu1train_accTop5: 89.668 ; stu2train_accTop1: 63.354 ; stu2train_accTop5: 89.782
2025-10-30 01:19:57,202:INFO: - Test metrics: test_loss: 7.036 ; test_true_loss: 4.925 ; test_group_loss: 0.207 ; mean_test_accTop1: 55.301 ; mean_test_accTop5: 84.161 ; test_accTop1: 57.684 ; test_accTop5: 85.789 ; stu_test_accTop1: 55.429 ; stu_test_accTop5: 84.246 ; dist: 0.252 ; time: 2.658 ; stu0test_accTop1: 54.925 ; stu0test_accTop5: 83.940 ; stu1test_accTop1: 55.845 ; stu1test_accTop5: 84.602 ; stu2test_accTop1: 55.133 ; stu2test_accTop5: 83.940
2025-10-30 01:19:57,227:INFO: - Updated epoch history. Epoch count: 134
2025-10-30 01:19:57,254:INFO: Epoch 135/300
2025-10-30 01:20:27,201:INFO: - Train metrics: train_loss: 5.429 ; train_true_loss: 3.863 ; train_group_loss: 0.116 ; mean_train_accTop1: 63.245 ; mean_train_accTop5: 63.245 ; stu_train_accTop1: 63.483 ; stu_train_accTop5: 89.883 ; train_accTop1: 65.675 ; train_accTop5: 91.012 ; time: 29.946 ; stu0train_accTop1: 63.213 ; stu0train_accTop5: 89.778 ; stu1train_accTop1: 63.202 ; stu1train_accTop5: 89.832 ; stu2train_accTop1: 63.320 ; stu2train_accTop5: 89.835
2025-10-30 01:20:29,858:INFO: - Test metrics: test_loss: 8.346 ; test_true_loss: 5.793 ; test_group_loss: 0.282 ; mean_test_accTop1: 50.854 ; mean_test_accTop5: 81.098 ; test_accTop1: 53.511 ; test_accTop5: 82.921 ; stu_test_accTop1: 51.533 ; stu_test_accTop5: 81.299 ; dist: 0.294 ; time: 2.655 ; stu0test_accTop1: 51.830 ; stu0test_accTop5: 82.269 ; stu1test_accTop1: 50.445 ; stu1test_accTop5: 80.726 ; stu2test_accTop1: 50.287 ; stu2test_accTop5: 80.301
2025-10-30 01:20:29,883:INFO: - Updated epoch history. Epoch count: 135
2025-10-30 01:20:29,910:INFO: Epoch 136/300
2025-10-30 01:21:00,059:INFO: - Train metrics: train_loss: 5.446 ; train_true_loss: 3.876 ; train_group_loss: 0.115 ; mean_train_accTop1: 62.996 ; mean_train_accTop5: 62.996 ; stu_train_accTop1: 63.122 ; stu_train_accTop5: 89.824 ; train_accTop1: 65.301 ; train_accTop5: 90.993 ; time: 30.148 ; stu0train_accTop1: 62.967 ; stu0train_accTop5: 89.881 ; stu1train_accTop1: 62.937 ; stu1train_accTop5: 89.763 ; stu2train_accTop1: 63.085 ; stu2train_accTop5: 89.765
2025-10-30 01:21:02,688:INFO: - Test metrics: test_loss: 7.643 ; test_true_loss: 5.324 ; test_group_loss: 0.219 ; mean_test_accTop1: 52.162 ; mean_test_accTop5: 82.288 ; test_accTop1: 54.480 ; test_accTop5: 84.256 ; stu_test_accTop1: 52.265 ; stu_test_accTop5: 81.804 ; dist: 0.268 ; time: 2.627 ; stu0test_accTop1: 51.741 ; stu0test_accTop5: 82.288 ; stu1test_accTop1: 52.542 ; stu1test_accTop5: 81.873 ; stu2test_accTop1: 52.205 ; stu2test_accTop5: 82.704
2025-10-30 01:21:02,712:INFO: - Updated epoch history. Epoch count: 136
2025-10-30 01:21:02,741:INFO: Epoch 137/300
2025-10-30 01:21:32,796:INFO: - Train metrics: train_loss: 5.413 ; train_true_loss: 3.853 ; train_group_loss: 0.115 ; mean_train_accTop1: 63.291 ; mean_train_accTop5: 63.291 ; stu_train_accTop1: 63.629 ; stu_train_accTop5: 90.119 ; train_accTop1: 65.611 ; train_accTop5: 91.005 ; time: 30.054 ; stu0train_accTop1: 63.225 ; stu0train_accTop5: 89.966 ; stu1train_accTop1: 63.332 ; stu1train_accTop5: 89.871 ; stu2train_accTop1: 63.317 ; stu2train_accTop5: 89.885
2025-10-30 01:21:35,460:INFO: - Test metrics: test_loss: 8.280 ; test_true_loss: 5.807 ; test_group_loss: 0.260 ; mean_test_accTop1: 50.168 ; mean_test_accTop5: 80.660 ; test_accTop1: 52.809 ; test_accTop5: 82.674 ; stu_test_accTop1: 50.316 ; stu_test_accTop5: 80.835 ; dist: 0.289 ; time: 2.663 ; stu0test_accTop1: 50.366 ; stu0test_accTop5: 80.400 ; stu1test_accTop1: 51.513 ; stu1test_accTop5: 81.557 ; stu2test_accTop1: 48.625 ; stu2test_accTop5: 80.024
2025-10-30 01:21:35,484:INFO: - Updated epoch history. Epoch count: 137
2025-10-30 01:21:35,530:INFO: Epoch 138/300
2025-10-30 01:22:05,628:INFO: - Train metrics: train_loss: 5.430 ; train_true_loss: 3.867 ; train_group_loss: 0.115 ; mean_train_accTop1: 63.215 ; mean_train_accTop5: 63.215 ; stu_train_accTop1: 63.457 ; stu_train_accTop5: 89.912 ; train_accTop1: 65.497 ; train_accTop5: 90.957 ; time: 30.098 ; stu0train_accTop1: 63.320 ; stu0train_accTop5: 89.754 ; stu1train_accTop1: 63.133 ; stu1train_accTop5: 89.625 ; stu2train_accTop1: 63.192 ; stu2train_accTop5: 89.866
2025-10-30 01:22:08,276:INFO: - Test metrics: test_loss: 6.822 ; test_true_loss: 4.694 ; test_group_loss: 0.251 ; mean_test_accTop1: 57.631 ; mean_test_accTop5: 85.239 ; test_accTop1: 60.562 ; test_accTop5: 86.966 ; stu_test_accTop1: 57.961 ; stu_test_accTop5: 85.532 ; dist: 0.263 ; time: 2.646 ; stu0test_accTop1: 57.545 ; stu0test_accTop5: 85.601 ; stu1test_accTop1: 58.080 ; stu1test_accTop5: 85.255 ; stu2test_accTop1: 57.269 ; stu2test_accTop5: 84.860
2025-10-30 01:22:08,300:INFO: - Updated epoch history. Epoch count: 138
2025-10-30 01:22:08,329:INFO: - Found better accuracy
2025-10-30 01:22:08,336:INFO: Epoch 139/300
2025-10-30 01:22:38,360:INFO: - Train metrics: train_loss: 5.410 ; train_true_loss: 3.849 ; train_group_loss: 0.116 ; mean_train_accTop1: 63.277 ; mean_train_accTop5: 63.277 ; stu_train_accTop1: 63.351 ; stu_train_accTop5: 89.875 ; train_accTop1: 65.548 ; train_accTop5: 91.065 ; time: 30.024 ; stu0train_accTop1: 63.407 ; stu0train_accTop5: 89.802 ; stu1train_accTop1: 62.976 ; stu1train_accTop5: 89.919 ; stu2train_accTop1: 63.448 ; stu2train_accTop5: 89.787
2025-10-30 01:22:41,000:INFO: - Test metrics: test_loss: 6.789 ; test_true_loss: 4.726 ; test_group_loss: 0.189 ; mean_test_accTop1: 56.171 ; mean_test_accTop5: 85.265 ; test_accTop1: 58.673 ; test_accTop5: 86.946 ; stu_test_accTop1: 55.756 ; stu_test_accTop5: 85.314 ; dist: 0.239 ; time: 2.638 ; stu0test_accTop1: 56.171 ; stu0test_accTop5: 85.581 ; stu1test_accTop1: 56.398 ; stu1test_accTop5: 84.988 ; stu2test_accTop1: 55.943 ; stu2test_accTop5: 85.225
2025-10-30 01:22:41,024:INFO: - Updated epoch history. Epoch count: 139
2025-10-30 01:22:41,052:INFO: Epoch 140/300
2025-10-30 01:23:11,127:INFO: - Train metrics: train_loss: 5.433 ; train_true_loss: 3.870 ; train_group_loss: 0.115 ; mean_train_accTop1: 63.013 ; mean_train_accTop5: 63.013 ; stu_train_accTop1: 63.407 ; stu_train_accTop5: 89.940 ; train_accTop1: 65.492 ; train_accTop5: 91.013 ; time: 30.075 ; stu0train_accTop1: 63.052 ; stu0train_accTop5: 89.769 ; stu1train_accTop1: 62.940 ; stu1train_accTop5: 89.735 ; stu2train_accTop1: 63.046 ; stu2train_accTop5: 89.853
2025-10-30 01:23:13,763:INFO: - Test metrics: test_loss: 7.285 ; test_true_loss: 5.068 ; test_group_loss: 0.256 ; mean_test_accTop1: 54.562 ; mean_test_accTop5: 84.026 ; test_accTop1: 57.872 ; test_accTop5: 86.155 ; stu_test_accTop1: 55.212 ; stu_test_accTop5: 84.899 ; dist: 0.274 ; time: 2.634 ; stu0test_accTop1: 54.292 ; stu0test_accTop5: 84.513 ; stu1test_accTop1: 54.470 ; stu1test_accTop5: 83.653 ; stu2test_accTop1: 54.925 ; stu2test_accTop5: 83.910
2025-10-30 01:23:13,788:INFO: - Updated epoch history. Epoch count: 140
2025-10-30 01:23:13,817:INFO: Epoch 141/300
2025-10-30 01:23:44,053:INFO: - Train metrics: train_loss: 5.432 ; train_true_loss: 3.867 ; train_group_loss: 0.115 ; mean_train_accTop1: 63.053 ; mean_train_accTop5: 63.053 ; stu_train_accTop1: 63.223 ; stu_train_accTop5: 89.772 ; train_accTop1: 65.275 ; train_accTop5: 90.955 ; time: 30.236 ; stu0train_accTop1: 63.217 ; stu0train_accTop5: 89.660 ; stu1train_accTop1: 63.003 ; stu1train_accTop5: 89.730 ; stu2train_accTop1: 62.940 ; stu2train_accTop5: 89.790
2025-10-30 01:23:46,705:INFO: - Test metrics: test_loss: 8.614 ; test_true_loss: 6.145 ; test_group_loss: 0.199 ; mean_test_accTop1: 46.770 ; mean_test_accTop5: 77.706 ; test_accTop1: 49.328 ; test_accTop5: 79.866 ; stu_test_accTop1: 48.259 ; stu_test_accTop5: 78.372 ; dist: 0.268 ; time: 2.650 ; stu0test_accTop1: 46.776 ; stu0test_accTop5: 77.512 ; stu1test_accTop1: 45.708 ; stu1test_accTop5: 76.750 ; stu2test_accTop1: 47.824 ; stu2test_accTop5: 78.857
2025-10-30 01:23:46,729:INFO: - Updated epoch history. Epoch count: 141
2025-10-30 01:23:46,762:INFO: Epoch 142/300
2025-10-30 01:24:16,661:INFO: - Train metrics: train_loss: 5.439 ; train_true_loss: 3.875 ; train_group_loss: 0.114 ; mean_train_accTop1: 63.111 ; mean_train_accTop5: 63.111 ; stu_train_accTop1: 63.458 ; stu_train_accTop5: 89.703 ; train_accTop1: 65.446 ; train_accTop5: 90.897 ; time: 29.898 ; stu0train_accTop1: 63.064 ; stu0train_accTop5: 89.612 ; stu1train_accTop1: 63.245 ; stu1train_accTop5: 89.805 ; stu2train_accTop1: 63.023 ; stu2train_accTop5: 89.651
2025-10-30 01:24:19,323:INFO: - Test metrics: test_loss: 7.471 ; test_true_loss: 5.280 ; test_group_loss: 0.195 ; mean_test_accTop1: 52.871 ; mean_test_accTop5: 81.883 ; test_accTop1: 55.251 ; test_accTop5: 83.703 ; stu_test_accTop1: 53.708 ; stu_test_accTop5: 82.110 ; dist: 0.251 ; time: 2.660 ; stu0test_accTop1: 51.839 ; stu0test_accTop5: 81.458 ; stu1test_accTop1: 52.472 ; stu1test_accTop5: 81.428 ; stu2test_accTop1: 54.302 ; stu2test_accTop5: 82.763
2025-10-30 01:24:19,348:INFO: - Updated epoch history. Epoch count: 142
2025-10-30 01:24:19,377:INFO: Epoch 143/300
2025-10-30 01:24:49,416:INFO: - Train metrics: train_loss: 5.398 ; train_true_loss: 3.845 ; train_group_loss: 0.114 ; mean_train_accTop1: 63.400 ; mean_train_accTop5: 63.400 ; stu_train_accTop1: 63.364 ; stu_train_accTop5: 90.137 ; train_accTop1: 65.785 ; train_accTop5: 91.010 ; time: 30.038 ; stu0train_accTop1: 63.304 ; stu0train_accTop5: 89.855 ; stu1train_accTop1: 63.366 ; stu1train_accTop5: 89.848 ; stu2train_accTop1: 63.531 ; stu2train_accTop5: 89.928
2025-10-30 01:24:52,095:INFO: - Test metrics: test_loss: 7.331 ; test_true_loss: 5.118 ; test_group_loss: 0.189 ; mean_test_accTop1: 53.438 ; mean_test_accTop5: 83.007 ; test_accTop1: 55.775 ; test_accTop5: 84.711 ; stu_test_accTop1: 52.640 ; stu_test_accTop5: 83.060 ; dist: 0.242 ; time: 2.677 ; stu0test_accTop1: 53.847 ; stu0test_accTop5: 83.258 ; stu1test_accTop1: 53.125 ; stu1test_accTop5: 82.496 ; stu2test_accTop1: 53.343 ; stu2test_accTop5: 83.267
2025-10-30 01:24:52,120:INFO: - Updated epoch history. Epoch count: 143
2025-10-30 01:24:52,148:INFO: Epoch 144/300
2025-10-30 01:25:22,165:INFO: - Train metrics: train_loss: 5.412 ; train_true_loss: 3.850 ; train_group_loss: 0.116 ; mean_train_accTop1: 63.282 ; mean_train_accTop5: 63.282 ; stu_train_accTop1: 63.207 ; stu_train_accTop5: 90.111 ; train_accTop1: 65.574 ; train_accTop5: 91.146 ; time: 30.016 ; stu0train_accTop1: 63.451 ; stu0train_accTop5: 89.716 ; stu1train_accTop1: 63.177 ; stu1train_accTop5: 89.882 ; stu2train_accTop1: 63.219 ; stu2train_accTop5: 89.942
2025-10-30 01:25:24,830:INFO: - Test metrics: test_loss: 7.227 ; test_true_loss: 5.038 ; test_group_loss: 0.212 ; mean_test_accTop1: 54.374 ; mean_test_accTop5: 83.449 ; test_accTop1: 57.466 ; test_accTop5: 85.285 ; stu_test_accTop1: 54.223 ; stu_test_accTop5: 82.892 ; dist: 0.261 ; time: 2.663 ; stu0test_accTop1: 55.103 ; stu0test_accTop5: 83.762 ; stu1test_accTop1: 55.063 ; stu1test_accTop5: 83.307 ; stu2test_accTop1: 52.957 ; stu2test_accTop5: 83.277
2025-10-30 01:25:24,855:INFO: - Updated epoch history. Epoch count: 144
2025-10-30 01:25:24,884:INFO: Epoch 145/300
2025-10-30 01:25:54,908:INFO: - Train metrics: train_loss: 5.390 ; train_true_loss: 3.837 ; train_group_loss: 0.114 ; mean_train_accTop1: 63.451 ; mean_train_accTop5: 63.451 ; stu_train_accTop1: 63.537 ; stu_train_accTop5: 90.104 ; train_accTop1: 65.569 ; train_accTop5: 90.986 ; time: 30.024 ; stu0train_accTop1: 63.173 ; stu0train_accTop5: 89.711 ; stu1train_accTop1: 63.687 ; stu1train_accTop5: 89.642 ; stu2train_accTop1: 63.493 ; stu2train_accTop5: 89.878
2025-10-30 01:25:57,555:INFO: - Test metrics: test_loss: 7.677 ; test_true_loss: 5.335 ; test_group_loss: 0.200 ; mean_test_accTop1: 51.576 ; mean_test_accTop5: 82.117 ; test_accTop1: 54.084 ; test_accTop5: 84.256 ; stu_test_accTop1: 49.258 ; stu_test_accTop5: 80.756 ; dist: 0.255 ; time: 2.644 ; stu0test_accTop1: 51.493 ; stu0test_accTop5: 82.041 ; stu1test_accTop1: 52.729 ; stu1test_accTop5: 82.931 ; stu2test_accTop1: 50.504 ; stu2test_accTop5: 81.379
2025-10-30 01:25:57,579:INFO: - Updated epoch history. Epoch count: 145
2025-10-30 01:25:57,620:INFO: Epoch 146/300
2025-10-30 01:26:27,775:INFO: - Train metrics: train_loss: 5.413 ; train_true_loss: 3.856 ; train_group_loss: 0.115 ; mean_train_accTop1: 63.097 ; mean_train_accTop5: 63.097 ; stu_train_accTop1: 63.244 ; stu_train_accTop5: 89.980 ; train_accTop1: 65.514 ; train_accTop5: 90.960 ; time: 30.155 ; stu0train_accTop1: 62.896 ; stu0train_accTop5: 89.784 ; stu1train_accTop1: 63.118 ; stu1train_accTop5: 89.773 ; stu2train_accTop1: 63.278 ; stu2train_accTop5: 89.785
2025-10-30 01:26:30,440:INFO: - Test metrics: test_loss: 8.078 ; test_true_loss: 5.519 ; test_group_loss: 0.262 ; mean_test_accTop1: 52.845 ; mean_test_accTop5: 81.863 ; test_accTop1: 55.706 ; test_accTop5: 83.821 ; stu_test_accTop1: 51.859 ; stu_test_accTop5: 82.051 ; dist: 0.281 ; time: 2.663 ; stu0test_accTop1: 53.313 ; stu0test_accTop5: 82.318 ; stu1test_accTop1: 52.809 ; stu1test_accTop5: 81.438 ; stu2test_accTop1: 52.413 ; stu2test_accTop5: 81.833
2025-10-30 01:26:30,465:INFO: - Updated epoch history. Epoch count: 146
2025-10-30 01:26:30,493:INFO: Epoch 147/300
2025-10-30 01:27:00,604:INFO: - Train metrics: train_loss: 5.422 ; train_true_loss: 3.864 ; train_group_loss: 0.113 ; mean_train_accTop1: 63.284 ; mean_train_accTop5: 63.284 ; stu_train_accTop1: 63.376 ; stu_train_accTop5: 89.829 ; train_accTop1: 65.417 ; train_accTop5: 90.920 ; time: 30.111 ; stu0train_accTop1: 63.259 ; stu0train_accTop5: 89.760 ; stu1train_accTop1: 63.366 ; stu1train_accTop5: 89.618 ; stu2train_accTop1: 63.226 ; stu2train_accTop5: 89.733
2025-10-30 01:27:03,261:INFO: - Test metrics: test_loss: 6.667 ; test_true_loss: 4.655 ; test_group_loss: 0.164 ; mean_test_accTop1: 56.702 ; mean_test_accTop5: 85.301 ; test_accTop1: 59.207 ; test_accTop5: 86.590 ; stu_test_accTop1: 56.042 ; stu_test_accTop5: 85.038 ; dist: 0.223 ; time: 2.656 ; stu0test_accTop1: 56.853 ; stu0test_accTop5: 85.364 ; stu1test_accTop1: 56.438 ; stu1test_accTop5: 85.225 ; stu2test_accTop1: 56.814 ; stu2test_accTop5: 85.314
2025-10-30 01:27:03,286:INFO: - Updated epoch history. Epoch count: 147
2025-10-30 01:27:03,315:INFO: Epoch 148/300
2025-10-30 01:27:33,290:INFO: - Train metrics: train_loss: 5.424 ; train_true_loss: 3.864 ; train_group_loss: 0.114 ; mean_train_accTop1: 63.174 ; mean_train_accTop5: 63.174 ; stu_train_accTop1: 63.149 ; stu_train_accTop5: 89.988 ; train_accTop1: 65.443 ; train_accTop5: 91.097 ; time: 29.974 ; stu0train_accTop1: 63.088 ; stu0train_accTop5: 89.850 ; stu1train_accTop1: 63.294 ; stu1train_accTop5: 89.867 ; stu2train_accTop1: 63.139 ; stu2train_accTop5: 89.838
2025-10-30 01:27:35,948:INFO: - Test metrics: test_loss: 7.197 ; test_true_loss: 5.036 ; test_group_loss: 0.242 ; mean_test_accTop1: 54.809 ; mean_test_accTop5: 83.403 ; test_accTop1: 57.852 ; test_accTop5: 85.581 ; stu_test_accTop1: 55.528 ; stu_test_accTop5: 84.009 ; dist: 0.273 ; time: 2.656 ; stu0test_accTop1: 54.915 ; stu0test_accTop5: 83.258 ; stu1test_accTop1: 54.055 ; stu1test_accTop5: 83.188 ; stu2test_accTop1: 55.459 ; stu2test_accTop5: 83.762
2025-10-30 01:27:35,972:INFO: - Updated epoch history. Epoch count: 148
2025-10-30 01:27:36,010:INFO: Epoch 149/300
2025-10-30 01:28:06,150:INFO: - Train metrics: train_loss: 5.431 ; train_true_loss: 3.874 ; train_group_loss: 0.113 ; mean_train_accTop1: 63.105 ; mean_train_accTop5: 63.105 ; stu_train_accTop1: 63.536 ; stu_train_accTop5: 89.836 ; train_accTop1: 65.676 ; train_accTop5: 90.885 ; time: 30.139 ; stu0train_accTop1: 63.093 ; stu0train_accTop5: 89.907 ; stu1train_accTop1: 62.947 ; stu1train_accTop5: 89.686 ; stu2train_accTop1: 63.276 ; stu2train_accTop5: 89.819
2025-10-30 01:28:08,810:INFO: - Test metrics: test_loss: 7.683 ; test_true_loss: 5.323 ; test_group_loss: 0.216 ; mean_test_accTop1: 52.133 ; mean_test_accTop5: 82.318 ; test_accTop1: 55.073 ; test_accTop5: 84.157 ; stu_test_accTop1: 51.355 ; stu_test_accTop5: 81.804 ; dist: 0.264 ; time: 2.659 ; stu0test_accTop1: 52.561 ; stu0test_accTop5: 83.159 ; stu1test_accTop1: 51.859 ; stu1test_accTop5: 81.418 ; stu2test_accTop1: 51.978 ; stu2test_accTop5: 82.377
2025-10-30 01:28:08,835:INFO: - Updated epoch history. Epoch count: 149
2025-10-30 01:28:08,864:INFO: Epoch 150/300
2025-10-30 01:28:38,827:INFO: - Train metrics: train_loss: 3.967 ; train_true_loss: 2.815 ; train_group_loss: 0.085 ; mean_train_accTop1: 73.081 ; mean_train_accTop5: 73.081 ; stu_train_accTop1: 72.788 ; stu_train_accTop5: 93.931 ; train_accTop1: 74.723 ; train_accTop5: 94.749 ; time: 29.962 ; stu0train_accTop1: 73.072 ; stu0train_accTop5: 94.174 ; stu1train_accTop1: 73.039 ; stu1train_accTop5: 94.085 ; stu2train_accTop1: 73.131 ; stu2train_accTop5: 94.152
2025-10-30 01:28:41,465:INFO: - Test metrics: test_loss: 4.446 ; test_true_loss: 3.150 ; test_group_loss: 0.105 ; mean_test_accTop1: 69.571 ; mean_test_accTop5: 92.029 ; test_accTop1: 70.837 ; test_accTop5: 92.573 ; stu_test_accTop1: 69.086 ; stu_test_accTop5: 91.881 ; dist: 0.154 ; time: 2.636 ; stu0test_accTop1: 69.729 ; stu0test_accTop5: 92.079 ; stu1test_accTop1: 69.403 ; stu1test_accTop5: 92.029 ; stu2test_accTop1: 69.581 ; stu2test_accTop5: 91.980
2025-10-30 01:28:41,493:INFO: - Updated epoch history. Epoch count: 150
2025-10-30 01:28:41,519:INFO: - Found better accuracy
2025-10-30 01:28:41,525:INFO: Epoch 151/300
2025-10-30 01:29:11,605:INFO: - Train metrics: train_loss: 3.541 ; train_true_loss: 2.490 ; train_group_loss: 0.086 ; mean_train_accTop1: 75.864 ; mean_train_accTop5: 75.864 ; stu_train_accTop1: 75.324 ; stu_train_accTop5: 94.932 ; train_accTop1: 77.296 ; train_accTop5: 95.668 ; time: 30.080 ; stu0train_accTop1: 75.837 ; stu0train_accTop5: 95.171 ; stu1train_accTop1: 75.899 ; stu1train_accTop5: 95.126 ; stu2train_accTop1: 75.855 ; stu2train_accTop5: 95.141
2025-10-30 01:29:14,271:INFO: - Test metrics: test_loss: 4.465 ; test_true_loss: 3.125 ; test_group_loss: 0.129 ; mean_test_accTop1: 69.907 ; mean_test_accTop5: 92.244 ; test_accTop1: 71.123 ; test_accTop5: 93.058 ; stu_test_accTop1: 69.531 ; stu_test_accTop5: 92.148 ; dist: 0.159 ; time: 2.665 ; stu0test_accTop1: 70.016 ; stu0test_accTop5: 92.385 ; stu1test_accTop1: 69.502 ; stu1test_accTop5: 92.049 ; stu2test_accTop1: 70.204 ; stu2test_accTop5: 92.296
2025-10-30 01:29:14,297:INFO: - Updated epoch history. Epoch count: 151
2025-10-30 01:29:14,324:INFO: - Found better accuracy
2025-10-30 01:29:14,330:INFO: Epoch 152/300
2025-10-30 01:29:44,418:INFO: - Train metrics: train_loss: 3.381 ; train_true_loss: 2.360 ; train_group_loss: 0.090 ; mean_train_accTop1: 77.044 ; mean_train_accTop5: 77.044 ; stu_train_accTop1: 76.360 ; stu_train_accTop5: 95.465 ; train_accTop1: 78.483 ; train_accTop5: 96.139 ; time: 30.087 ; stu0train_accTop1: 77.145 ; stu0train_accTop5: 95.671 ; stu1train_accTop1: 76.989 ; stu1train_accTop5: 95.674 ; stu2train_accTop1: 76.998 ; stu2train_accTop5: 95.650
2025-10-30 01:29:47,057:INFO: - Test metrics: test_loss: 4.390 ; test_true_loss: 3.071 ; test_group_loss: 0.128 ; mean_test_accTop1: 70.204 ; mean_test_accTop5: 92.385 ; test_accTop1: 71.499 ; test_accTop5: 93.117 ; stu_test_accTop1: 69.808 ; stu_test_accTop5: 92.306 ; dist: 0.158 ; time: 2.637 ; stu0test_accTop1: 70.619 ; stu0test_accTop5: 92.346 ; stu1test_accTop1: 69.947 ; stu1test_accTop5: 92.296 ; stu2test_accTop1: 70.045 ; stu2test_accTop5: 92.514
2025-10-30 01:29:47,082:INFO: - Updated epoch history. Epoch count: 152
2025-10-30 01:29:47,144:INFO: - Found better accuracy
2025-10-30 01:29:47,154:INFO: Epoch 153/300
2025-10-30 01:30:17,135:INFO: - Train metrics: train_loss: 3.259 ; train_true_loss: 2.260 ; train_group_loss: 0.094 ; mean_train_accTop1: 77.794 ; mean_train_accTop5: 77.794 ; stu_train_accTop1: 77.055 ; stu_train_accTop5: 95.711 ; train_accTop1: 79.359 ; train_accTop5: 96.477 ; time: 29.980 ; stu0train_accTop1: 77.891 ; stu0train_accTop5: 95.974 ; stu1train_accTop1: 77.670 ; stu1train_accTop5: 96.049 ; stu2train_accTop1: 77.819 ; stu2train_accTop5: 95.930
2025-10-30 01:30:19,809:INFO: - Test metrics: test_loss: 4.460 ; test_true_loss: 3.114 ; test_group_loss: 0.139 ; mean_test_accTop1: 70.029 ; mean_test_accTop5: 92.220 ; test_accTop1: 71.608 ; test_accTop5: 92.890 ; stu_test_accTop1: 70.214 ; stu_test_accTop5: 92.217 ; dist: 0.164 ; time: 2.672 ; stu0test_accTop1: 70.342 ; stu0test_accTop5: 92.207 ; stu1test_accTop1: 69.640 ; stu1test_accTop5: 92.108 ; stu2test_accTop1: 70.105 ; stu2test_accTop5: 92.346
2025-10-30 01:30:19,833:INFO: - Updated epoch history. Epoch count: 153
2025-10-30 01:30:19,861:INFO: - Found better accuracy
2025-10-30 01:30:19,867:INFO: Epoch 154/300
2025-10-30 01:30:49,910:INFO: - Train metrics: train_loss: 3.204 ; train_true_loss: 2.214 ; train_group_loss: 0.097 ; mean_train_accTop1: 78.305 ; mean_train_accTop5: 78.305 ; stu_train_accTop1: 77.661 ; stu_train_accTop5: 95.924 ; train_accTop1: 79.942 ; train_accTop5: 96.660 ; time: 30.042 ; stu0train_accTop1: 78.277 ; stu0train_accTop5: 96.181 ; stu1train_accTop1: 78.214 ; stu1train_accTop5: 96.123 ; stu2train_accTop1: 78.426 ; stu2train_accTop5: 96.161
2025-10-30 01:30:52,551:INFO: - Test metrics: test_loss: 4.422 ; test_true_loss: 3.081 ; test_group_loss: 0.140 ; mean_test_accTop1: 70.247 ; mean_test_accTop5: 92.257 ; test_accTop1: 71.509 ; test_accTop5: 92.989 ; stu_test_accTop1: 70.144 ; stu_test_accTop5: 92.375 ; dist: 0.165 ; time: 2.640 ; stu0test_accTop1: 70.382 ; stu0test_accTop5: 92.247 ; stu1test_accTop1: 69.769 ; stu1test_accTop5: 92.138 ; stu2test_accTop1: 70.589 ; stu2test_accTop5: 92.385
2025-10-30 01:30:52,576:INFO: - Updated epoch history. Epoch count: 154
2025-10-30 01:30:52,603:INFO: Epoch 155/300
2025-10-30 01:31:22,738:INFO: - Train metrics: train_loss: 3.134 ; train_true_loss: 2.155 ; train_group_loss: 0.100 ; mean_train_accTop1: 78.946 ; mean_train_accTop5: 78.946 ; stu_train_accTop1: 78.161 ; stu_train_accTop5: 95.976 ; train_accTop1: 80.591 ; train_accTop5: 96.811 ; time: 30.134 ; stu0train_accTop1: 78.866 ; stu0train_accTop5: 96.227 ; stu1train_accTop1: 78.834 ; stu1train_accTop5: 96.303 ; stu2train_accTop1: 79.136 ; stu2train_accTop5: 96.344
2025-10-30 01:31:25,398:INFO: - Test metrics: test_loss: 4.428 ; test_true_loss: 3.074 ; test_group_loss: 0.148 ; mean_test_accTop1: 70.207 ; mean_test_accTop5: 92.560 ; test_accTop1: 71.638 ; test_accTop5: 93.078 ; stu_test_accTop1: 70.164 ; stu_test_accTop5: 92.514 ; dist: 0.168 ; time: 2.659 ; stu0test_accTop1: 70.461 ; stu0test_accTop5: 92.553 ; stu1test_accTop1: 69.877 ; stu1test_accTop5: 92.534 ; stu2test_accTop1: 70.283 ; stu2test_accTop5: 92.593
2025-10-30 01:31:25,423:INFO: - Updated epoch history. Epoch count: 155
2025-10-30 01:31:25,466:INFO: Epoch 156/300
2025-10-30 01:31:55,503:INFO: - Train metrics: train_loss: 3.072 ; train_true_loss: 2.103 ; train_group_loss: 0.103 ; mean_train_accTop1: 79.444 ; mean_train_accTop5: 79.444 ; stu_train_accTop1: 78.596 ; stu_train_accTop5: 96.240 ; train_accTop1: 81.044 ; train_accTop5: 96.951 ; time: 30.037 ; stu0train_accTop1: 79.196 ; stu0train_accTop5: 96.406 ; stu1train_accTop1: 79.502 ; stu1train_accTop5: 96.437 ; stu2train_accTop1: 79.633 ; stu2train_accTop5: 96.519
2025-10-30 01:31:58,155:INFO: - Test metrics: test_loss: 4.427 ; test_true_loss: 3.059 ; test_group_loss: 0.155 ; mean_test_accTop1: 70.698 ; mean_test_accTop5: 92.501 ; test_accTop1: 72.053 ; test_accTop5: 93.196 ; stu_test_accTop1: 70.392 ; stu_test_accTop5: 92.366 ; dist: 0.171 ; time: 2.650 ; stu0test_accTop1: 71.133 ; stu0test_accTop5: 92.544 ; stu1test_accTop1: 70.619 ; stu1test_accTop5: 92.425 ; stu2test_accTop1: 70.342 ; stu2test_accTop5: 92.534
2025-10-30 01:31:58,180:INFO: - Updated epoch history. Epoch count: 156
2025-10-30 01:31:58,207:INFO: - Found better accuracy
2025-10-30 01:31:58,213:INFO: Epoch 157/300
2025-10-30 01:32:28,504:INFO: - Train metrics: train_loss: 3.043 ; train_true_loss: 2.076 ; train_group_loss: 0.105 ; mean_train_accTop1: 79.740 ; mean_train_accTop5: 79.740 ; stu_train_accTop1: 78.749 ; stu_train_accTop5: 96.239 ; train_accTop1: 81.478 ; train_accTop5: 97.024 ; time: 30.290 ; stu0train_accTop1: 79.764 ; stu0train_accTop5: 96.497 ; stu1train_accTop1: 79.748 ; stu1train_accTop5: 96.537 ; stu2train_accTop1: 79.709 ; stu2train_accTop5: 96.522
2025-10-30 01:32:31,157:INFO: - Test metrics: test_loss: 4.528 ; test_true_loss: 3.131 ; test_group_loss: 0.156 ; mean_test_accTop1: 70.280 ; mean_test_accTop5: 92.253 ; test_accTop1: 71.934 ; test_accTop5: 92.959 ; stu_test_accTop1: 70.322 ; stu_test_accTop5: 92.079 ; dist: 0.172 ; time: 2.651 ; stu0test_accTop1: 70.303 ; stu0test_accTop5: 92.257 ; stu1test_accTop1: 70.204 ; stu1test_accTop5: 92.267 ; stu2test_accTop1: 70.332 ; stu2test_accTop5: 92.237
2025-10-30 01:32:31,182:INFO: - Updated epoch history. Epoch count: 157
2025-10-30 01:32:31,221:INFO: Epoch 158/300
2025-10-30 01:33:01,445:INFO: - Train metrics: train_loss: 3.007 ; train_true_loss: 2.043 ; train_group_loss: 0.108 ; mean_train_accTop1: 80.040 ; mean_train_accTop5: 80.040 ; stu_train_accTop1: 78.866 ; stu_train_accTop5: 96.469 ; train_accTop1: 81.857 ; train_accTop5: 97.197 ; time: 30.224 ; stu0train_accTop1: 80.001 ; stu0train_accTop5: 96.715 ; stu1train_accTop1: 80.064 ; stu1train_accTop5: 96.666 ; stu2train_accTop1: 80.056 ; stu2train_accTop5: 96.746
2025-10-30 01:33:04,099:INFO: - Test metrics: test_loss: 4.464 ; test_true_loss: 3.083 ; test_group_loss: 0.162 ; mean_test_accTop1: 70.576 ; mean_test_accTop5: 92.422 ; test_accTop1: 72.004 ; test_accTop5: 93.176 ; stu_test_accTop1: 70.629 ; stu_test_accTop5: 92.534 ; dist: 0.177 ; time: 2.653 ; stu0test_accTop1: 71.212 ; stu0test_accTop5: 92.455 ; stu1test_accTop1: 70.214 ; stu1test_accTop5: 92.514 ; stu2test_accTop1: 70.303 ; stu2test_accTop5: 92.296
2025-10-30 01:33:04,124:INFO: - Updated epoch history. Epoch count: 158
2025-10-30 01:33:04,154:INFO: - Found better accuracy
2025-10-30 01:33:04,160:INFO: Epoch 159/300
2025-10-30 01:33:34,414:INFO: - Train metrics: train_loss: 2.972 ; train_true_loss: 2.013 ; train_group_loss: 0.110 ; mean_train_accTop1: 80.079 ; mean_train_accTop5: 80.079 ; stu_train_accTop1: 79.166 ; stu_train_accTop5: 96.557 ; train_accTop1: 81.962 ; train_accTop5: 97.349 ; time: 30.253 ; stu0train_accTop1: 79.936 ; stu0train_accTop5: 96.825 ; stu1train_accTop1: 80.165 ; stu1train_accTop5: 96.831 ; stu2train_accTop1: 80.136 ; stu2train_accTop5: 96.833
2025-10-30 01:33:37,060:INFO: - Test metrics: test_loss: 4.491 ; test_true_loss: 3.089 ; test_group_loss: 0.169 ; mean_test_accTop1: 70.547 ; mean_test_accTop5: 92.283 ; test_accTop1: 72.251 ; test_accTop5: 93.167 ; stu_test_accTop1: 70.441 ; stu_test_accTop5: 92.346 ; dist: 0.181 ; time: 2.644 ; stu0test_accTop1: 71.044 ; stu0test_accTop5: 92.445 ; stu1test_accTop1: 70.085 ; stu1test_accTop5: 92.168 ; stu2test_accTop1: 70.510 ; stu2test_accTop5: 92.237
2025-10-30 01:33:37,085:INFO: - Updated epoch history. Epoch count: 159
2025-10-30 01:33:37,113:INFO: Epoch 160/300
2025-10-30 01:34:07,287:INFO: - Train metrics: train_loss: 2.931 ; train_true_loss: 1.977 ; train_group_loss: 0.113 ; mean_train_accTop1: 80.504 ; mean_train_accTop5: 80.504 ; stu_train_accTop1: 79.362 ; stu_train_accTop5: 96.664 ; train_accTop1: 82.379 ; train_accTop5: 97.375 ; time: 30.174 ; stu0train_accTop1: 80.534 ; stu0train_accTop5: 96.943 ; stu1train_accTop1: 80.346 ; stu1train_accTop5: 96.886 ; stu2train_accTop1: 80.631 ; stu2train_accTop5: 96.941
2025-10-30 01:34:09,950:INFO: - Test metrics: test_loss: 4.404 ; test_true_loss: 3.035 ; test_group_loss: 0.166 ; mean_test_accTop1: 70.929 ; mean_test_accTop5: 92.540 ; test_accTop1: 72.627 ; test_accTop5: 93.453 ; stu_test_accTop1: 70.995 ; stu_test_accTop5: 92.761 ; dist: 0.178 ; time: 2.660 ; stu0test_accTop1: 71.163 ; stu0test_accTop5: 92.751 ; stu1test_accTop1: 70.758 ; stu1test_accTop5: 92.366 ; stu2test_accTop1: 70.866 ; stu2test_accTop5: 92.504
2025-10-30 01:34:09,975:INFO: - Updated epoch history. Epoch count: 160
2025-10-30 01:34:10,002:INFO: - Found better accuracy
2025-10-30 01:34:10,008:INFO: Epoch 161/300
2025-10-30 01:34:40,094:INFO: - Train metrics: train_loss: 2.906 ; train_true_loss: 1.955 ; train_group_loss: 0.115 ; mean_train_accTop1: 80.837 ; mean_train_accTop5: 80.837 ; stu_train_accTop1: 79.944 ; stu_train_accTop5: 96.690 ; train_accTop1: 82.829 ; train_accTop5: 97.470 ; time: 30.085 ; stu0train_accTop1: 80.825 ; stu0train_accTop5: 97.012 ; stu1train_accTop1: 80.856 ; stu1train_accTop5: 96.935 ; stu2train_accTop1: 80.831 ; stu2train_accTop5: 97.004
2025-10-30 01:34:42,740:INFO: - Test metrics: test_loss: 4.440 ; test_true_loss: 3.049 ; test_group_loss: 0.167 ; mean_test_accTop1: 70.906 ; mean_test_accTop5: 92.497 ; test_accTop1: 72.458 ; test_accTop5: 93.226 ; stu_test_accTop1: 70.856 ; stu_test_accTop5: 92.474 ; dist: 0.179 ; time: 2.644 ; stu0test_accTop1: 71.094 ; stu0test_accTop5: 92.692 ; stu1test_accTop1: 70.322 ; stu1test_accTop5: 92.247 ; stu2test_accTop1: 71.301 ; stu2test_accTop5: 92.553
2025-10-30 01:34:42,764:INFO: - Updated epoch history. Epoch count: 161
2025-10-30 01:34:42,794:INFO: Epoch 162/300
2025-10-30 01:35:12,812:INFO: - Train metrics: train_loss: 2.892 ; train_true_loss: 1.939 ; train_group_loss: 0.117 ; mean_train_accTop1: 80.956 ; mean_train_accTop5: 80.956 ; stu_train_accTop1: 79.879 ; stu_train_accTop5: 96.712 ; train_accTop1: 82.911 ; train_accTop5: 97.598 ; time: 30.018 ; stu0train_accTop1: 80.895 ; stu0train_accTop5: 97.088 ; stu1train_accTop1: 80.974 ; stu1train_accTop5: 96.921 ; stu2train_accTop1: 80.998 ; stu2train_accTop5: 97.025
2025-10-30 01:35:15,476:INFO: - Test metrics: test_loss: 4.545 ; test_true_loss: 3.109 ; test_group_loss: 0.178 ; mean_test_accTop1: 70.507 ; mean_test_accTop5: 92.408 ; test_accTop1: 72.251 ; test_accTop5: 93.186 ; stu_test_accTop1: 70.619 ; stu_test_accTop5: 92.633 ; dist: 0.184 ; time: 2.662 ; stu0test_accTop1: 70.639 ; stu0test_accTop5: 92.553 ; stu1test_accTop1: 70.293 ; stu1test_accTop5: 92.296 ; stu2test_accTop1: 70.589 ; stu2test_accTop5: 92.375
2025-10-30 01:35:15,501:INFO: - Updated epoch history. Epoch count: 162
2025-10-30 01:35:15,539:INFO: Epoch 163/300
2025-10-30 01:35:45,557:INFO: - Train metrics: train_loss: 2.870 ; train_true_loss: 1.919 ; train_group_loss: 0.119 ; mean_train_accTop1: 81.061 ; mean_train_accTop5: 81.061 ; stu_train_accTop1: 80.203 ; stu_train_accTop5: 96.835 ; train_accTop1: 83.085 ; train_accTop5: 97.757 ; time: 30.017 ; stu0train_accTop1: 81.093 ; stu0train_accTop5: 97.245 ; stu1train_accTop1: 81.039 ; stu1train_accTop5: 97.197 ; stu2train_accTop1: 81.053 ; stu2train_accTop5: 97.197
2025-10-30 01:35:48,201:INFO: - Test metrics: test_loss: 4.525 ; test_true_loss: 3.089 ; test_group_loss: 0.178 ; mean_test_accTop1: 70.369 ; mean_test_accTop5: 92.362 ; test_accTop1: 72.201 ; test_accTop5: 93.176 ; stu_test_accTop1: 70.510 ; stu_test_accTop5: 92.267 ; dist: 0.186 ; time: 2.642 ; stu0test_accTop1: 70.787 ; stu0test_accTop5: 92.474 ; stu1test_accTop1: 70.085 ; stu1test_accTop5: 92.306 ; stu2test_accTop1: 70.233 ; stu2test_accTop5: 92.306
2025-10-30 01:35:48,226:INFO: - Updated epoch history. Epoch count: 163
2025-10-30 01:35:48,256:INFO: Epoch 164/300
2025-10-30 01:36:18,123:INFO: - Train metrics: train_loss: 2.835 ; train_true_loss: 1.890 ; train_group_loss: 0.120 ; mean_train_accTop1: 81.386 ; mean_train_accTop5: 81.386 ; stu_train_accTop1: 80.371 ; stu_train_accTop5: 96.898 ; train_accTop1: 83.448 ; train_accTop5: 97.783 ; time: 29.867 ; stu0train_accTop1: 81.351 ; stu0train_accTop5: 97.293 ; stu1train_accTop1: 81.342 ; stu1train_accTop5: 97.237 ; stu2train_accTop1: 81.467 ; stu2train_accTop5: 97.283
2025-10-30 01:36:20,758:INFO: - Test metrics: test_loss: 4.556 ; test_true_loss: 3.103 ; test_group_loss: 0.186 ; mean_test_accTop1: 70.355 ; mean_test_accTop5: 92.544 ; test_accTop1: 72.350 ; test_accTop5: 93.236 ; stu_test_accTop1: 70.599 ; stu_test_accTop5: 92.623 ; dist: 0.190 ; time: 2.634 ; stu0test_accTop1: 70.342 ; stu0test_accTop5: 92.504 ; stu1test_accTop1: 69.937 ; stu1test_accTop5: 92.633 ; stu2test_accTop1: 70.787 ; stu2test_accTop5: 92.494
2025-10-30 01:36:20,783:INFO: - Updated epoch history. Epoch count: 164
2025-10-30 01:36:20,810:INFO: Epoch 165/300
2025-10-30 01:36:50,816:INFO: - Train metrics: train_loss: 2.853 ; train_true_loss: 1.900 ; train_group_loss: 0.123 ; mean_train_accTop1: 81.420 ; mean_train_accTop5: 81.420 ; stu_train_accTop1: 80.328 ; stu_train_accTop5: 96.900 ; train_accTop1: 83.383 ; train_accTop5: 97.683 ; time: 30.005 ; stu0train_accTop1: 81.451 ; stu0train_accTop5: 97.137 ; stu1train_accTop1: 81.417 ; stu1train_accTop5: 97.162 ; stu2train_accTop1: 81.393 ; stu2train_accTop5: 97.244
2025-10-30 01:36:53,467:INFO: - Test metrics: test_loss: 4.608 ; test_true_loss: 3.151 ; test_group_loss: 0.188 ; mean_test_accTop1: 70.072 ; mean_test_accTop5: 92.098 ; test_accTop1: 72.369 ; test_accTop5: 93.008 ; stu_test_accTop1: 70.945 ; stu_test_accTop5: 92.286 ; dist: 0.192 ; time: 2.649 ; stu0test_accTop1: 70.322 ; stu0test_accTop5: 92.316 ; stu1test_accTop1: 69.680 ; stu1test_accTop5: 92.069 ; stu2test_accTop1: 70.214 ; stu2test_accTop5: 91.911
2025-10-30 01:36:53,491:INFO: - Updated epoch history. Epoch count: 165
2025-10-30 01:36:53,527:INFO: Epoch 166/300
2025-10-30 01:37:23,586:INFO: - Train metrics: train_loss: 2.828 ; train_true_loss: 1.880 ; train_group_loss: 0.124 ; mean_train_accTop1: 81.540 ; mean_train_accTop5: 81.540 ; stu_train_accTop1: 80.683 ; stu_train_accTop5: 96.992 ; train_accTop1: 83.579 ; train_accTop5: 97.834 ; time: 30.059 ; stu0train_accTop1: 81.397 ; stu0train_accTop5: 97.410 ; stu1train_accTop1: 81.425 ; stu1train_accTop5: 97.229 ; stu2train_accTop1: 81.797 ; stu2train_accTop5: 97.385
2025-10-30 01:37:26,232:INFO: - Test metrics: test_loss: 4.596 ; test_true_loss: 3.125 ; test_group_loss: 0.190 ; mean_test_accTop1: 70.220 ; mean_test_accTop5: 92.309 ; test_accTop1: 71.924 ; test_accTop5: 93.384 ; stu_test_accTop1: 70.332 ; stu_test_accTop5: 92.306 ; dist: 0.192 ; time: 2.644 ; stu0test_accTop1: 70.441 ; stu0test_accTop5: 92.227 ; stu1test_accTop1: 69.769 ; stu1test_accTop5: 92.316 ; stu2test_accTop1: 70.451 ; stu2test_accTop5: 92.385
2025-10-30 01:37:26,257:INFO: - Updated epoch history. Epoch count: 166
2025-10-30 01:37:26,295:INFO: Epoch 167/300
2025-10-30 01:37:56,317:INFO: - Train metrics: train_loss: 2.809 ; train_true_loss: 1.863 ; train_group_loss: 0.125 ; mean_train_accTop1: 81.528 ; mean_train_accTop5: 81.528 ; stu_train_accTop1: 80.644 ; stu_train_accTop5: 97.030 ; train_accTop1: 83.625 ; train_accTop5: 97.867 ; time: 30.021 ; stu0train_accTop1: 81.479 ; stu0train_accTop5: 97.353 ; stu1train_accTop1: 81.482 ; stu1train_accTop5: 97.354 ; stu2train_accTop1: 81.623 ; stu2train_accTop5: 97.457
2025-10-30 01:37:58,968:INFO: - Test metrics: test_loss: 4.627 ; test_true_loss: 3.161 ; test_group_loss: 0.189 ; mean_test_accTop1: 69.778 ; mean_test_accTop5: 92.253 ; test_accTop1: 71.460 ; test_accTop5: 93.068 ; stu_test_accTop1: 69.778 ; stu_test_accTop5: 92.741 ; dist: 0.194 ; time: 2.649 ; stu0test_accTop1: 70.233 ; stu0test_accTop5: 92.267 ; stu1test_accTop1: 69.294 ; stu1test_accTop5: 92.128 ; stu2test_accTop1: 69.808 ; stu2test_accTop5: 92.366
2025-10-30 01:37:58,993:INFO: - Updated epoch history. Epoch count: 167
2025-10-30 01:37:59,020:INFO: Epoch 168/300
2025-10-30 01:38:29,085:INFO: - Train metrics: train_loss: 2.808 ; train_true_loss: 1.859 ; train_group_loss: 0.127 ; mean_train_accTop1: 81.706 ; mean_train_accTop5: 81.706 ; stu_train_accTop1: 80.900 ; stu_train_accTop5: 97.016 ; train_accTop1: 83.900 ; train_accTop5: 97.816 ; time: 30.064 ; stu0train_accTop1: 81.777 ; stu0train_accTop5: 97.376 ; stu1train_accTop1: 81.585 ; stu1train_accTop5: 97.369 ; stu2train_accTop1: 81.757 ; stu2train_accTop5: 97.294
2025-10-30 01:38:31,733:INFO: - Test metrics: test_loss: 4.638 ; test_true_loss: 3.137 ; test_group_loss: 0.202 ; mean_test_accTop1: 70.418 ; mean_test_accTop5: 92.237 ; test_accTop1: 72.231 ; test_accTop5: 93.167 ; stu_test_accTop1: 70.530 ; stu_test_accTop5: 92.385 ; dist: 0.198 ; time: 2.645 ; stu0test_accTop1: 70.965 ; stu0test_accTop5: 92.158 ; stu1test_accTop1: 70.243 ; stu1test_accTop5: 92.395 ; stu2test_accTop1: 70.045 ; stu2test_accTop5: 92.158
2025-10-30 01:38:31,757:INFO: - Updated epoch history. Epoch count: 168
2025-10-30 01:38:31,785:INFO: Epoch 169/300
2025-10-30 01:39:01,781:INFO: - Train metrics: train_loss: 2.791 ; train_true_loss: 1.842 ; train_group_loss: 0.128 ; mean_train_accTop1: 81.846 ; mean_train_accTop5: 81.846 ; stu_train_accTop1: 80.864 ; stu_train_accTop5: 97.140 ; train_accTop1: 84.182 ; train_accTop5: 97.950 ; time: 29.996 ; stu0train_accTop1: 81.833 ; stu0train_accTop5: 97.441 ; stu1train_accTop1: 81.824 ; stu1train_accTop5: 97.406 ; stu2train_accTop1: 81.883 ; stu2train_accTop5: 97.472
2025-10-30 01:39:04,458:INFO: - Test metrics: test_loss: 4.595 ; test_true_loss: 3.110 ; test_group_loss: 0.198 ; mean_test_accTop1: 70.332 ; mean_test_accTop5: 92.431 ; test_accTop1: 72.567 ; test_accTop5: 93.354 ; stu_test_accTop1: 70.392 ; stu_test_accTop5: 92.395 ; dist: 0.197 ; time: 2.675 ; stu0test_accTop1: 71.232 ; stu0test_accTop5: 92.178 ; stu1test_accTop1: 70.006 ; stu1test_accTop5: 92.484 ; stu2test_accTop1: 69.759 ; stu2test_accTop5: 92.633
2025-10-30 01:39:04,483:INFO: - Updated epoch history. Epoch count: 169
2025-10-30 01:39:04,513:INFO: Epoch 170/300
2025-10-30 01:39:34,400:INFO: - Train metrics: train_loss: 2.791 ; train_true_loss: 1.839 ; train_group_loss: 0.129 ; mean_train_accTop1: 81.872 ; mean_train_accTop5: 81.872 ; stu_train_accTop1: 80.888 ; stu_train_accTop5: 97.090 ; train_accTop1: 84.055 ; train_accTop5: 97.911 ; time: 29.886 ; stu0train_accTop1: 81.820 ; stu0train_accTop5: 97.390 ; stu1train_accTop1: 81.885 ; stu1train_accTop5: 97.502 ; stu2train_accTop1: 81.911 ; stu2train_accTop5: 97.452
2025-10-30 01:39:37,064:INFO: - Test metrics: test_loss: 4.620 ; test_true_loss: 3.114 ; test_group_loss: 0.205 ; mean_test_accTop1: 70.543 ; mean_test_accTop5: 92.319 ; test_accTop1: 72.587 ; test_accTop5: 93.226 ; stu_test_accTop1: 70.599 ; stu_test_accTop5: 92.633 ; dist: 0.200 ; time: 2.662 ; stu0test_accTop1: 70.738 ; stu0test_accTop5: 92.326 ; stu1test_accTop1: 70.115 ; stu1test_accTop5: 92.148 ; stu2test_accTop1: 70.777 ; stu2test_accTop5: 92.484
2025-10-30 01:39:37,087:INFO: - Updated epoch history. Epoch count: 170
2025-10-30 01:39:37,123:INFO: Epoch 171/300
2025-10-30 01:40:06,956:INFO: - Train metrics: train_loss: 2.785 ; train_true_loss: 1.834 ; train_group_loss: 0.131 ; mean_train_accTop1: 82.036 ; mean_train_accTop5: 82.036 ; stu_train_accTop1: 80.904 ; stu_train_accTop5: 97.199 ; train_accTop1: 84.256 ; train_accTop5: 97.968 ; time: 29.833 ; stu0train_accTop1: 82.004 ; stu0train_accTop5: 97.491 ; stu1train_accTop1: 82.128 ; stu1train_accTop5: 97.529 ; stu2train_accTop1: 81.975 ; stu2train_accTop5: 97.485
2025-10-30 01:40:09,599:INFO: - Test metrics: test_loss: 4.786 ; test_true_loss: 3.238 ; test_group_loss: 0.217 ; mean_test_accTop1: 69.722 ; mean_test_accTop5: 91.775 ; test_accTop1: 71.766 ; test_accTop5: 92.761 ; stu_test_accTop1: 69.680 ; stu_test_accTop5: 92.168 ; dist: 0.207 ; time: 2.641 ; stu0test_accTop1: 70.065 ; stu0test_accTop5: 91.940 ; stu1test_accTop1: 69.541 ; stu1test_accTop5: 91.752 ; stu2test_accTop1: 69.561 ; stu2test_accTop5: 91.634
2025-10-30 01:40:09,623:INFO: - Updated epoch history. Epoch count: 171
2025-10-30 01:40:09,652:INFO: Epoch 172/300
2025-10-30 01:40:39,550:INFO: - Train metrics: train_loss: 2.774 ; train_true_loss: 1.823 ; train_group_loss: 0.133 ; mean_train_accTop1: 82.104 ; mean_train_accTop5: 82.104 ; stu_train_accTop1: 81.009 ; stu_train_accTop5: 97.261 ; train_accTop1: 84.545 ; train_accTop5: 98.005 ; time: 29.898 ; stu0train_accTop1: 82.028 ; stu0train_accTop5: 97.552 ; stu1train_accTop1: 82.075 ; stu1train_accTop5: 97.506 ; stu2train_accTop1: 82.207 ; stu2train_accTop5: 97.445
2025-10-30 01:40:42,186:INFO: - Test metrics: test_loss: 4.757 ; test_true_loss: 3.213 ; test_group_loss: 0.218 ; mean_test_accTop1: 69.568 ; mean_test_accTop5: 91.986 ; test_accTop1: 71.746 ; test_accTop5: 93.117 ; stu_test_accTop1: 69.778 ; stu_test_accTop5: 92.257 ; dist: 0.208 ; time: 2.634 ; stu0test_accTop1: 70.085 ; stu0test_accTop5: 92.089 ; stu1test_accTop1: 69.363 ; stu1test_accTop5: 91.782 ; stu2test_accTop1: 69.254 ; stu2test_accTop5: 92.089
2025-10-30 01:40:42,210:INFO: - Updated epoch history. Epoch count: 172
2025-10-30 01:40:42,243:INFO: Epoch 173/300
2025-10-30 01:41:12,037:INFO: - Train metrics: train_loss: 2.768 ; train_true_loss: 1.814 ; train_group_loss: 0.133 ; mean_train_accTop1: 82.082 ; mean_train_accTop5: 82.082 ; stu_train_accTop1: 80.948 ; stu_train_accTop5: 97.321 ; train_accTop1: 84.381 ; train_accTop5: 98.075 ; time: 29.793 ; stu0train_accTop1: 81.921 ; stu0train_accTop5: 97.591 ; stu1train_accTop1: 82.102 ; stu1train_accTop5: 97.549 ; stu2train_accTop1: 82.224 ; stu2train_accTop5: 97.542
2025-10-30 01:41:14,685:INFO: - Test metrics: test_loss: 4.795 ; test_true_loss: 3.238 ; test_group_loss: 0.211 ; mean_test_accTop1: 69.614 ; mean_test_accTop5: 91.927 ; test_accTop1: 71.885 ; test_accTop5: 92.909 ; stu_test_accTop1: 69.324 ; stu_test_accTop5: 91.762 ; dist: 0.207 ; time: 2.646 ; stu0test_accTop1: 69.511 ; stu0test_accTop5: 91.930 ; stu1test_accTop1: 69.304 ; stu1test_accTop5: 91.871 ; stu2test_accTop1: 70.026 ; stu2test_accTop5: 91.980
2025-10-30 01:41:14,709:INFO: - Updated epoch history. Epoch count: 173
2025-10-30 01:41:14,737:INFO: Epoch 174/300
2025-10-30 01:41:44,630:INFO: - Train metrics: train_loss: 2.770 ; train_true_loss: 1.811 ; train_group_loss: 0.135 ; mean_train_accTop1: 82.268 ; mean_train_accTop5: 82.268 ; stu_train_accTop1: 81.125 ; stu_train_accTop5: 97.267 ; train_accTop1: 84.601 ; train_accTop5: 98.061 ; time: 29.892 ; stu0train_accTop1: 82.303 ; stu0train_accTop5: 97.587 ; stu1train_accTop1: 82.259 ; stu1train_accTop5: 97.517 ; stu2train_accTop1: 82.241 ; stu2train_accTop5: 97.568
2025-10-30 01:41:47,257:INFO: - Test metrics: test_loss: 4.827 ; test_true_loss: 3.251 ; test_group_loss: 0.213 ; mean_test_accTop1: 69.244 ; mean_test_accTop5: 91.881 ; test_accTop1: 71.677 ; test_accTop5: 92.959 ; stu_test_accTop1: 69.304 ; stu_test_accTop5: 91.831 ; dist: 0.207 ; time: 2.625 ; stu0test_accTop1: 69.333 ; stu0test_accTop5: 92.000 ; stu1test_accTop1: 69.096 ; stu1test_accTop5: 91.742 ; stu2test_accTop1: 69.304 ; stu2test_accTop5: 91.901
2025-10-30 01:41:47,281:INFO: - Updated epoch history. Epoch count: 174
2025-10-30 01:41:47,310:INFO: Epoch 175/300
2025-10-30 01:42:17,208:INFO: - Train metrics: train_loss: 2.762 ; train_true_loss: 1.804 ; train_group_loss: 0.135 ; mean_train_accTop1: 82.311 ; mean_train_accTop5: 82.311 ; stu_train_accTop1: 81.078 ; stu_train_accTop5: 97.159 ; train_accTop1: 84.757 ; train_accTop5: 98.064 ; time: 29.898 ; stu0train_accTop1: 82.274 ; stu0train_accTop5: 97.613 ; stu1train_accTop1: 82.252 ; stu1train_accTop5: 97.463 ; stu2train_accTop1: 82.405 ; stu2train_accTop5: 97.563
2025-10-30 01:42:19,850:INFO: - Test metrics: test_loss: 4.735 ; test_true_loss: 3.192 ; test_group_loss: 0.219 ; mean_test_accTop1: 69.907 ; mean_test_accTop5: 92.003 ; test_accTop1: 72.152 ; test_accTop5: 92.959 ; stu_test_accTop1: 70.708 ; stu_test_accTop5: 92.346 ; dist: 0.206 ; time: 2.640 ; stu0test_accTop1: 69.818 ; stu0test_accTop5: 92.188 ; stu1test_accTop1: 70.045 ; stu1test_accTop5: 91.762 ; stu2test_accTop1: 69.858 ; stu2test_accTop5: 92.059
2025-10-30 01:42:19,875:INFO: - Updated epoch history. Epoch count: 175
2025-10-30 01:42:19,904:INFO: Epoch 176/300
2025-10-30 01:42:49,791:INFO: - Train metrics: train_loss: 2.761 ; train_true_loss: 1.804 ; train_group_loss: 0.136 ; mean_train_accTop1: 82.214 ; mean_train_accTop5: 82.214 ; stu_train_accTop1: 81.080 ; stu_train_accTop5: 97.269 ; train_accTop1: 84.672 ; train_accTop5: 98.109 ; time: 29.886 ; stu0train_accTop1: 82.368 ; stu0train_accTop5: 97.579 ; stu1train_accTop1: 82.058 ; stu1train_accTop5: 97.617 ; stu2train_accTop1: 82.215 ; stu2train_accTop5: 97.583
2025-10-30 01:42:52,455:INFO: - Test metrics: test_loss: 4.735 ; test_true_loss: 3.207 ; test_group_loss: 0.210 ; mean_test_accTop1: 69.778 ; mean_test_accTop5: 92.204 ; test_accTop1: 72.379 ; test_accTop5: 93.058 ; stu_test_accTop1: 70.174 ; stu_test_accTop5: 92.464 ; dist: 0.206 ; time: 2.663 ; stu0test_accTop1: 70.065 ; stu0test_accTop5: 92.415 ; stu1test_accTop1: 69.798 ; stu1test_accTop5: 92.128 ; stu2test_accTop1: 69.472 ; stu2test_accTop5: 92.069
2025-10-30 01:42:52,480:INFO: - Updated epoch history. Epoch count: 176
2025-10-30 01:42:52,508:INFO: Epoch 177/300
2025-10-30 01:43:22,459:INFO: - Train metrics: train_loss: 2.751 ; train_true_loss: 1.796 ; train_group_loss: 0.136 ; mean_train_accTop1: 82.413 ; mean_train_accTop5: 82.413 ; stu_train_accTop1: 81.349 ; stu_train_accTop5: 97.301 ; train_accTop1: 84.691 ; train_accTop5: 98.101 ; time: 29.951 ; stu0train_accTop1: 82.318 ; stu0train_accTop5: 97.520 ; stu1train_accTop1: 82.598 ; stu1train_accTop5: 97.575 ; stu2train_accTop1: 82.322 ; stu2train_accTop5: 97.675
2025-10-30 01:43:25,143:INFO: - Test metrics: test_loss: 4.848 ; test_true_loss: 3.272 ; test_group_loss: 0.216 ; mean_test_accTop1: 69.139 ; mean_test_accTop5: 91.696 ; test_accTop1: 71.568 ; test_accTop5: 92.850 ; stu_test_accTop1: 69.403 ; stu_test_accTop5: 92.049 ; dist: 0.214 ; time: 2.682 ; stu0test_accTop1: 69.205 ; stu0test_accTop5: 91.733 ; stu1test_accTop1: 68.839 ; stu1test_accTop5: 91.594 ; stu2test_accTop1: 69.373 ; stu2test_accTop5: 91.762
2025-10-30 01:43:25,168:INFO: - Updated epoch history. Epoch count: 177
2025-10-30 01:43:25,198:INFO: Epoch 178/300
2025-10-30 01:43:55,130:INFO: - Train metrics: train_loss: 2.752 ; train_true_loss: 1.794 ; train_group_loss: 0.138 ; mean_train_accTop1: 82.293 ; mean_train_accTop5: 82.293 ; stu_train_accTop1: 81.278 ; stu_train_accTop5: 97.273 ; train_accTop1: 84.758 ; train_accTop5: 98.191 ; time: 29.932 ; stu0train_accTop1: 82.280 ; stu0train_accTop5: 97.633 ; stu1train_accTop1: 82.230 ; stu1train_accTop5: 97.715 ; stu2train_accTop1: 82.369 ; stu2train_accTop5: 97.691
2025-10-30 01:43:57,801:INFO: - Test metrics: test_loss: 4.951 ; test_true_loss: 3.358 ; test_group_loss: 0.216 ; mean_test_accTop1: 68.476 ; mean_test_accTop5: 91.508 ; test_accTop1: 70.402 ; test_accTop5: 92.712 ; stu_test_accTop1: 68.651 ; stu_test_accTop5: 91.574 ; dist: 0.213 ; time: 2.668 ; stu0test_accTop1: 68.414 ; stu0test_accTop5: 91.406 ; stu1test_accTop1: 68.335 ; stu1test_accTop5: 91.713 ; stu2test_accTop1: 68.681 ; stu2test_accTop5: 91.406
2025-10-30 01:43:57,825:INFO: - Updated epoch history. Epoch count: 178
2025-10-30 01:43:57,852:INFO: Epoch 179/300
2025-10-30 01:44:27,847:INFO: - Train metrics: train_loss: 2.761 ; train_true_loss: 1.800 ; train_group_loss: 0.138 ; mean_train_accTop1: 82.278 ; mean_train_accTop5: 82.278 ; stu_train_accTop1: 81.256 ; stu_train_accTop5: 97.297 ; train_accTop1: 84.778 ; train_accTop5: 98.164 ; time: 29.995 ; stu0train_accTop1: 82.128 ; stu0train_accTop5: 97.669 ; stu1train_accTop1: 82.378 ; stu1train_accTop5: 97.587 ; stu2train_accTop1: 82.328 ; stu2train_accTop5: 97.590
2025-10-30 01:44:30,492:INFO: - Test metrics: test_loss: 4.779 ; test_true_loss: 3.223 ; test_group_loss: 0.222 ; mean_test_accTop1: 69.696 ; mean_test_accTop5: 91.960 ; test_accTop1: 72.132 ; test_accTop5: 92.989 ; stu_test_accTop1: 70.036 ; stu_test_accTop5: 91.861 ; dist: 0.214 ; time: 2.643 ; stu0test_accTop1: 69.551 ; stu0test_accTop5: 92.098 ; stu1test_accTop1: 69.432 ; stu1test_accTop5: 91.831 ; stu2test_accTop1: 70.105 ; stu2test_accTop5: 91.950
2025-10-30 01:44:30,516:INFO: - Updated epoch history. Epoch count: 179
2025-10-30 01:44:30,544:INFO: Epoch 180/300
2025-10-30 01:45:00,453:INFO: - Train metrics: train_loss: 2.772 ; train_true_loss: 1.809 ; train_group_loss: 0.139 ; mean_train_accTop1: 82.191 ; mean_train_accTop5: 82.191 ; stu_train_accTop1: 81.394 ; stu_train_accTop5: 97.274 ; train_accTop1: 84.659 ; train_accTop5: 98.221 ; time: 29.909 ; stu0train_accTop1: 82.150 ; stu0train_accTop5: 97.569 ; stu1train_accTop1: 82.131 ; stu1train_accTop5: 97.633 ; stu2train_accTop1: 82.294 ; stu2train_accTop5: 97.675
2025-10-30 01:45:03,132:INFO: - Test metrics: test_loss: 4.889 ; test_true_loss: 3.301 ; test_group_loss: 0.226 ; mean_test_accTop1: 69.057 ; mean_test_accTop5: 91.528 ; test_accTop1: 71.470 ; test_accTop5: 92.731 ; stu_test_accTop1: 69.294 ; stu_test_accTop5: 91.594 ; dist: 0.218 ; time: 2.677 ; stu0test_accTop1: 68.809 ; stu0test_accTop5: 91.555 ; stu1test_accTop1: 68.958 ; stu1test_accTop5: 91.377 ; stu2test_accTop1: 69.403 ; stu2test_accTop5: 91.653
2025-10-30 01:45:03,162:INFO: - Updated epoch history. Epoch count: 180
2025-10-30 01:45:03,192:INFO: Epoch 181/300
2025-10-30 01:45:33,166:INFO: - Train metrics: train_loss: 2.767 ; train_true_loss: 1.803 ; train_group_loss: 0.140 ; mean_train_accTop1: 82.289 ; mean_train_accTop5: 82.289 ; stu_train_accTop1: 81.361 ; stu_train_accTop5: 97.287 ; train_accTop1: 84.780 ; train_accTop5: 98.230 ; time: 29.974 ; stu0train_accTop1: 82.132 ; stu0train_accTop5: 97.683 ; stu1train_accTop1: 82.351 ; stu1train_accTop5: 97.683 ; stu2train_accTop1: 82.386 ; stu2train_accTop5: 97.681
2025-10-30 01:45:35,841:INFO: - Test metrics: test_loss: 4.914 ; test_true_loss: 3.308 ; test_group_loss: 0.231 ; mean_test_accTop1: 69.370 ; mean_test_accTop5: 91.700 ; test_accTop1: 71.311 ; test_accTop5: 92.870 ; stu_test_accTop1: 69.482 ; stu_test_accTop5: 92.019 ; dist: 0.214 ; time: 2.672 ; stu0test_accTop1: 69.126 ; stu0test_accTop5: 91.555 ; stu1test_accTop1: 69.017 ; stu1test_accTop5: 91.555 ; stu2test_accTop1: 69.966 ; stu2test_accTop5: 91.990
2025-10-30 01:45:35,865:INFO: - Updated epoch history. Epoch count: 181
2025-10-30 01:45:35,893:INFO: Epoch 182/300
2025-10-30 01:46:05,855:INFO: - Train metrics: train_loss: 2.761 ; train_true_loss: 1.797 ; train_group_loss: 0.139 ; mean_train_accTop1: 82.332 ; mean_train_accTop5: 82.332 ; stu_train_accTop1: 81.461 ; stu_train_accTop5: 97.382 ; train_accTop1: 84.936 ; train_accTop5: 98.283 ; time: 29.961 ; stu0train_accTop1: 82.250 ; stu0train_accTop5: 97.728 ; stu1train_accTop1: 82.268 ; stu1train_accTop5: 97.733 ; stu2train_accTop1: 82.478 ; stu2train_accTop5: 97.649
2025-10-30 01:46:08,494:INFO: - Test metrics: test_loss: 5.084 ; test_true_loss: 3.436 ; test_group_loss: 0.229 ; mean_test_accTop1: 68.058 ; mean_test_accTop5: 91.166 ; test_accTop1: 70.312 ; test_accTop5: 92.395 ; stu_test_accTop1: 69.254 ; stu_test_accTop5: 91.406 ; dist: 0.219 ; time: 2.637 ; stu0test_accTop1: 68.117 ; stu0test_accTop5: 91.119 ; stu1test_accTop1: 67.781 ; stu1test_accTop5: 90.971 ; stu2test_accTop1: 68.275 ; stu2test_accTop5: 91.406
2025-10-30 01:46:08,519:INFO: - Updated epoch history. Epoch count: 182
2025-10-30 01:46:08,547:INFO: Epoch 183/300
2025-10-30 01:46:38,619:INFO: - Train metrics: train_loss: 2.760 ; train_true_loss: 1.793 ; train_group_loss: 0.141 ; mean_train_accTop1: 82.451 ; mean_train_accTop5: 82.451 ; stu_train_accTop1: 81.314 ; stu_train_accTop5: 97.250 ; train_accTop1: 84.827 ; train_accTop5: 98.185 ; time: 30.072 ; stu0train_accTop1: 82.400 ; stu0train_accTop5: 97.645 ; stu1train_accTop1: 82.396 ; stu1train_accTop5: 97.673 ; stu2train_accTop1: 82.558 ; stu2train_accTop5: 97.584
2025-10-30 01:46:41,273:INFO: - Test metrics: test_loss: 5.003 ; test_true_loss: 3.370 ; test_group_loss: 0.237 ; mean_test_accTop1: 68.757 ; mean_test_accTop5: 91.255 ; test_accTop1: 71.153 ; test_accTop5: 92.267 ; stu_test_accTop1: 69.422 ; stu_test_accTop5: 91.713 ; dist: 0.221 ; time: 2.652 ; stu0test_accTop1: 68.987 ; stu0test_accTop5: 91.792 ; stu1test_accTop1: 67.979 ; stu1test_accTop5: 90.536 ; stu2test_accTop1: 69.304 ; stu2test_accTop5: 91.436
2025-10-30 01:46:41,297:INFO: - Updated epoch history. Epoch count: 183
2025-10-30 01:46:41,327:INFO: Epoch 184/300
2025-10-30 01:47:11,192:INFO: - Train metrics: train_loss: 2.758 ; train_true_loss: 1.793 ; train_group_loss: 0.141 ; mean_train_accTop1: 82.389 ; mean_train_accTop5: 82.389 ; stu_train_accTop1: 81.322 ; stu_train_accTop5: 97.351 ; train_accTop1: 85.022 ; train_accTop5: 98.237 ; time: 29.865 ; stu0train_accTop1: 82.336 ; stu0train_accTop5: 97.775 ; stu1train_accTop1: 82.422 ; stu1train_accTop5: 97.731 ; stu2train_accTop1: 82.409 ; stu2train_accTop5: 97.644
2025-10-30 01:47:13,823:INFO: - Test metrics: test_loss: 5.087 ; test_true_loss: 3.379 ; test_group_loss: 0.233 ; mean_test_accTop1: 68.674 ; mean_test_accTop5: 91.452 ; test_accTop1: 70.876 ; test_accTop5: 92.633 ; stu_test_accTop1: 68.463 ; stu_test_accTop5: 91.683 ; dist: 0.220 ; time: 2.629 ; stu0test_accTop1: 69.076 ; stu0test_accTop5: 91.307 ; stu1test_accTop1: 68.661 ; stu1test_accTop5: 91.703 ; stu2test_accTop1: 68.285 ; stu2test_accTop5: 91.347
2025-10-30 01:47:13,848:INFO: - Updated epoch history. Epoch count: 184
2025-10-30 01:47:13,876:INFO: Epoch 185/300
2025-10-30 01:47:43,901:INFO: - Train metrics: train_loss: 2.751 ; train_true_loss: 1.786 ; train_group_loss: 0.142 ; mean_train_accTop1: 82.466 ; mean_train_accTop5: 82.466 ; stu_train_accTop1: 81.340 ; stu_train_accTop5: 97.357 ; train_accTop1: 85.001 ; train_accTop5: 98.256 ; time: 30.024 ; stu0train_accTop1: 82.495 ; stu0train_accTop5: 97.702 ; stu1train_accTop1: 82.395 ; stu1train_accTop5: 97.708 ; stu2train_accTop1: 82.509 ; stu2train_accTop5: 97.705
2025-10-30 01:47:46,549:INFO: - Test metrics: test_loss: 4.930 ; test_true_loss: 3.319 ; test_group_loss: 0.227 ; mean_test_accTop1: 69.103 ; mean_test_accTop5: 91.677 ; test_accTop1: 71.410 ; test_accTop5: 92.959 ; stu_test_accTop1: 69.640 ; stu_test_accTop5: 91.950 ; dist: 0.217 ; time: 2.647 ; stu0test_accTop1: 69.294 ; stu0test_accTop5: 91.841 ; stu1test_accTop1: 69.027 ; stu1test_accTop5: 91.673 ; stu2test_accTop1: 68.987 ; stu2test_accTop5: 91.515
2025-10-30 01:47:46,574:INFO: - Updated epoch history. Epoch count: 185
2025-10-30 01:47:46,612:INFO: Epoch 186/300
2025-10-30 01:48:16,541:INFO: - Train metrics: train_loss: 2.745 ; train_true_loss: 1.779 ; train_group_loss: 0.142 ; mean_train_accTop1: 82.625 ; mean_train_accTop5: 82.625 ; stu_train_accTop1: 81.692 ; stu_train_accTop5: 97.376 ; train_accTop1: 85.199 ; train_accTop5: 98.277 ; time: 29.928 ; stu0train_accTop1: 82.733 ; stu0train_accTop5: 97.755 ; stu1train_accTop1: 82.466 ; stu1train_accTop5: 97.698 ; stu2train_accTop1: 82.678 ; stu2train_accTop5: 97.752
2025-10-30 01:48:19,176:INFO: - Test metrics: test_loss: 4.928 ; test_true_loss: 3.338 ; test_group_loss: 0.228 ; mean_test_accTop1: 68.816 ; mean_test_accTop5: 91.403 ; test_accTop1: 71.242 ; test_accTop5: 92.435 ; stu_test_accTop1: 70.006 ; stu_test_accTop5: 91.802 ; dist: 0.221 ; time: 2.633 ; stu0test_accTop1: 68.987 ; stu0test_accTop5: 91.238 ; stu1test_accTop1: 68.770 ; stu1test_accTop5: 91.466 ; stu2test_accTop1: 68.691 ; stu2test_accTop5: 91.505
2025-10-30 01:48:19,201:INFO: - Updated epoch history. Epoch count: 186
2025-10-30 01:48:19,230:INFO: Epoch 187/300
2025-10-30 01:48:49,384:INFO: - Train metrics: train_loss: 2.738 ; train_true_loss: 1.773 ; train_group_loss: 0.143 ; mean_train_accTop1: 82.580 ; mean_train_accTop5: 82.580 ; stu_train_accTop1: 81.416 ; stu_train_accTop5: 97.323 ; train_accTop1: 85.159 ; train_accTop5: 98.302 ; time: 30.153 ; stu0train_accTop1: 82.526 ; stu0train_accTop5: 97.826 ; stu1train_accTop1: 82.569 ; stu1train_accTop5: 97.761 ; stu2train_accTop1: 82.647 ; stu2train_accTop5: 97.753
2025-10-30 01:48:52,038:INFO: - Test metrics: test_loss: 5.263 ; test_true_loss: 3.557 ; test_group_loss: 0.237 ; mean_test_accTop1: 67.606 ; mean_test_accTop5: 90.928 ; test_accTop1: 69.818 ; test_accTop5: 92.098 ; stu_test_accTop1: 68.097 ; stu_test_accTop5: 91.228 ; dist: 0.224 ; time: 2.653 ; stu0test_accTop1: 67.593 ; stu0test_accTop5: 90.991 ; stu1test_accTop1: 67.306 ; stu1test_accTop5: 90.872 ; stu2test_accTop1: 67.919 ; stu2test_accTop5: 90.922
2025-10-30 01:48:52,063:INFO: - Updated epoch history. Epoch count: 187
2025-10-30 01:48:52,092:INFO: Epoch 188/300
2025-10-30 01:49:22,065:INFO: - Train metrics: train_loss: 2.752 ; train_true_loss: 1.783 ; train_group_loss: 0.142 ; mean_train_accTop1: 82.546 ; mean_train_accTop5: 82.546 ; stu_train_accTop1: 81.423 ; stu_train_accTop5: 97.323 ; train_accTop1: 85.104 ; train_accTop5: 98.290 ; time: 29.973 ; stu0train_accTop1: 82.559 ; stu0train_accTop5: 97.747 ; stu1train_accTop1: 82.466 ; stu1train_accTop5: 97.739 ; stu2train_accTop1: 82.613 ; stu2train_accTop5: 97.749
2025-10-30 01:49:24,704:INFO: - Test metrics: test_loss: 5.013 ; test_true_loss: 3.366 ; test_group_loss: 0.240 ; mean_test_accTop1: 68.473 ; mean_test_accTop5: 91.541 ; test_accTop1: 71.262 ; test_accTop5: 92.642 ; stu_test_accTop1: 69.699 ; stu_test_accTop5: 91.920 ; dist: 0.225 ; time: 2.637 ; stu0test_accTop1: 69.610 ; stu0test_accTop5: 91.901 ; stu1test_accTop1: 67.840 ; stu1test_accTop5: 91.327 ; stu2test_accTop1: 67.969 ; stu2test_accTop5: 91.396
2025-10-30 01:49:24,727:INFO: - Updated epoch history. Epoch count: 188
2025-10-30 01:49:24,757:INFO: Epoch 189/300
2025-10-30 01:49:54,571:INFO: - Train metrics: train_loss: 2.759 ; train_true_loss: 1.787 ; train_group_loss: 0.144 ; mean_train_accTop1: 82.545 ; mean_train_accTop5: 82.545 ; stu_train_accTop1: 81.556 ; stu_train_accTop5: 97.379 ; train_accTop1: 85.141 ; train_accTop5: 98.319 ; time: 29.813 ; stu0train_accTop1: 82.574 ; stu0train_accTop5: 97.745 ; stu1train_accTop1: 82.472 ; stu1train_accTop5: 97.706 ; stu2train_accTop1: 82.588 ; stu2train_accTop5: 97.647
2025-10-30 01:49:57,211:INFO: - Test metrics: test_loss: 4.918 ; test_true_loss: 3.325 ; test_group_loss: 0.226 ; mean_test_accTop1: 69.007 ; mean_test_accTop5: 91.462 ; test_accTop1: 71.212 ; test_accTop5: 92.484 ; stu_test_accTop1: 69.383 ; stu_test_accTop5: 91.723 ; dist: 0.219 ; time: 2.638 ; stu0test_accTop1: 68.710 ; stu0test_accTop5: 91.624 ; stu1test_accTop1: 69.126 ; stu1test_accTop5: 91.466 ; stu2test_accTop1: 69.185 ; stu2test_accTop5: 91.297
2025-10-30 01:49:57,234:INFO: - Updated epoch history. Epoch count: 189
2025-10-30 01:49:57,262:INFO: Epoch 190/300
2025-10-30 01:50:27,141:INFO: - Train metrics: train_loss: 2.740 ; train_true_loss: 1.775 ; train_group_loss: 0.143 ; mean_train_accTop1: 82.595 ; mean_train_accTop5: 82.595 ; stu_train_accTop1: 81.592 ; stu_train_accTop5: 97.486 ; train_accTop1: 85.108 ; train_accTop5: 98.316 ; time: 29.878 ; stu0train_accTop1: 82.640 ; stu0train_accTop5: 97.808 ; stu1train_accTop1: 82.467 ; stu1train_accTop5: 97.802 ; stu2train_accTop1: 82.679 ; stu2train_accTop5: 97.732
2025-10-30 01:50:29,816:INFO: - Test metrics: test_loss: 5.111 ; test_true_loss: 3.469 ; test_group_loss: 0.238 ; mean_test_accTop1: 67.876 ; mean_test_accTop5: 90.981 ; test_accTop1: 70.045 ; test_accTop5: 92.059 ; stu_test_accTop1: 68.325 ; stu_test_accTop5: 91.426 ; dist: 0.229 ; time: 2.673 ; stu0test_accTop1: 67.672 ; stu0test_accTop5: 91.030 ; stu1test_accTop1: 67.662 ; stu1test_accTop5: 90.813 ; stu2test_accTop1: 68.295 ; stu2test_accTop5: 91.100
2025-10-30 01:50:29,840:INFO: - Updated epoch history. Epoch count: 190
2025-10-30 01:50:29,871:INFO: Epoch 191/300
2025-10-30 01:50:59,932:INFO: - Train metrics: train_loss: 2.737 ; train_true_loss: 1.769 ; train_group_loss: 0.145 ; mean_train_accTop1: 82.595 ; mean_train_accTop5: 82.595 ; stu_train_accTop1: 81.686 ; stu_train_accTop5: 97.441 ; train_accTop1: 85.241 ; train_accTop5: 98.316 ; time: 30.061 ; stu0train_accTop1: 82.586 ; stu0train_accTop5: 97.758 ; stu1train_accTop1: 82.681 ; stu1train_accTop5: 97.704 ; stu2train_accTop1: 82.517 ; stu2train_accTop5: 97.756
2025-10-30 01:51:02,612:INFO: - Test metrics: test_loss: 5.055 ; test_true_loss: 3.437 ; test_group_loss: 0.227 ; mean_test_accTop1: 67.903 ; mean_test_accTop5: 91.159 ; test_accTop1: 70.411 ; test_accTop5: 92.108 ; stu_test_accTop1: 68.898 ; stu_test_accTop5: 91.347 ; dist: 0.223 ; time: 2.678 ; stu0test_accTop1: 67.583 ; stu0test_accTop5: 90.961 ; stu1test_accTop1: 67.820 ; stu1test_accTop5: 91.278 ; stu2test_accTop1: 68.305 ; stu2test_accTop5: 91.238
2025-10-30 01:51:02,637:INFO: - Updated epoch history. Epoch count: 191
2025-10-30 01:51:02,671:INFO: Epoch 192/300
2025-10-30 01:51:32,749:INFO: - Train metrics: train_loss: 2.729 ; train_true_loss: 1.762 ; train_group_loss: 0.146 ; mean_train_accTop1: 82.721 ; mean_train_accTop5: 82.721 ; stu_train_accTop1: 81.504 ; stu_train_accTop5: 97.454 ; train_accTop1: 85.489 ; train_accTop5: 98.332 ; time: 30.077 ; stu0train_accTop1: 82.822 ; stu0train_accTop5: 97.768 ; stu1train_accTop1: 82.645 ; stu1train_accTop5: 97.833 ; stu2train_accTop1: 82.696 ; stu2train_accTop5: 97.739
2025-10-30 01:51:35,413:INFO: - Test metrics: test_loss: 5.212 ; test_true_loss: 3.501 ; test_group_loss: 0.258 ; mean_test_accTop1: 67.580 ; mean_test_accTop5: 90.991 ; test_accTop1: 70.253 ; test_accTop5: 92.128 ; stu_test_accTop1: 68.661 ; stu_test_accTop5: 91.228 ; dist: 0.234 ; time: 2.662 ; stu0test_accTop1: 67.870 ; stu0test_accTop5: 91.278 ; stu1test_accTop1: 67.603 ; stu1test_accTop5: 90.704 ; stu2test_accTop1: 67.267 ; stu2test_accTop5: 90.991
2025-10-30 01:51:35,438:INFO: - Updated epoch history. Epoch count: 192
2025-10-30 01:51:35,467:INFO: Epoch 193/300
2025-10-30 01:52:05,408:INFO: - Train metrics: train_loss: 2.747 ; train_true_loss: 1.776 ; train_group_loss: 0.145 ; mean_train_accTop1: 82.624 ; mean_train_accTop5: 82.624 ; stu_train_accTop1: 81.635 ; stu_train_accTop5: 97.357 ; train_accTop1: 85.392 ; train_accTop5: 98.300 ; time: 29.941 ; stu0train_accTop1: 82.508 ; stu0train_accTop5: 97.739 ; stu1train_accTop1: 82.646 ; stu1train_accTop5: 97.709 ; stu2train_accTop1: 82.718 ; stu2train_accTop5: 97.736
2025-10-30 01:52:08,062:INFO: - Test metrics: test_loss: 5.092 ; test_true_loss: 3.413 ; test_group_loss: 0.237 ; mean_test_accTop1: 68.552 ; mean_test_accTop5: 91.274 ; test_accTop1: 70.599 ; test_accTop5: 92.128 ; stu_test_accTop1: 68.523 ; stu_test_accTop5: 91.317 ; dist: 0.220 ; time: 2.652 ; stu0test_accTop1: 68.809 ; stu0test_accTop5: 91.555 ; stu1test_accTop1: 68.196 ; stu1test_accTop5: 90.912 ; stu2test_accTop1: 68.651 ; stu2test_accTop5: 91.357
2025-10-30 01:52:08,090:INFO: - Updated epoch history. Epoch count: 193
2025-10-30 01:52:08,123:INFO: Epoch 194/300
2025-10-30 01:52:38,089:INFO: - Train metrics: train_loss: 2.738 ; train_true_loss: 1.771 ; train_group_loss: 0.145 ; mean_train_accTop1: 82.521 ; mean_train_accTop5: 82.521 ; stu_train_accTop1: 81.512 ; stu_train_accTop5: 97.620 ; train_accTop1: 85.326 ; train_accTop5: 98.479 ; time: 29.965 ; stu0train_accTop1: 82.506 ; stu0train_accTop5: 97.897 ; stu1train_accTop1: 82.516 ; stu1train_accTop5: 97.866 ; stu2train_accTop1: 82.541 ; stu2train_accTop5: 97.864
2025-10-30 01:52:40,728:INFO: - Test metrics: test_loss: 5.050 ; test_true_loss: 3.398 ; test_group_loss: 0.231 ; mean_test_accTop1: 68.417 ; mean_test_accTop5: 91.436 ; test_accTop1: 70.738 ; test_accTop5: 92.425 ; stu_test_accTop1: 69.561 ; stu_test_accTop5: 91.634 ; dist: 0.220 ; time: 2.638 ; stu0test_accTop1: 68.651 ; stu0test_accTop5: 91.535 ; stu1test_accTop1: 68.176 ; stu1test_accTop5: 91.218 ; stu2test_accTop1: 68.424 ; stu2test_accTop5: 91.555
2025-10-30 01:52:40,753:INFO: - Updated epoch history. Epoch count: 194
2025-10-30 01:52:40,792:INFO: Epoch 195/300
2025-10-30 01:53:10,683:INFO: - Train metrics: train_loss: 2.730 ; train_true_loss: 1.762 ; train_group_loss: 0.145 ; mean_train_accTop1: 82.787 ; mean_train_accTop5: 82.787 ; stu_train_accTop1: 81.626 ; stu_train_accTop5: 97.462 ; train_accTop1: 85.393 ; train_accTop5: 98.401 ; time: 29.891 ; stu0train_accTop1: 82.826 ; stu0train_accTop5: 97.862 ; stu1train_accTop1: 82.860 ; stu1train_accTop5: 97.759 ; stu2train_accTop1: 82.675 ; stu2train_accTop5: 97.850
2025-10-30 01:53:13,322:INFO: - Test metrics: test_loss: 4.968 ; test_true_loss: 3.326 ; test_group_loss: 0.242 ; mean_test_accTop1: 68.836 ; mean_test_accTop5: 91.769 ; test_accTop1: 71.677 ; test_accTop5: 92.959 ; stu_test_accTop1: 69.600 ; stu_test_accTop5: 91.663 ; dist: 0.229 ; time: 2.637 ; stu0test_accTop1: 69.027 ; stu0test_accTop5: 91.841 ; stu1test_accTop1: 68.958 ; stu1test_accTop5: 91.653 ; stu2test_accTop1: 68.523 ; stu2test_accTop5: 91.812
2025-10-30 01:53:13,346:INFO: - Updated epoch history. Epoch count: 195
2025-10-30 01:53:13,375:INFO: Epoch 196/300
2025-10-30 01:53:43,241:INFO: - Train metrics: train_loss: 2.719 ; train_true_loss: 1.754 ; train_group_loss: 0.146 ; mean_train_accTop1: 82.865 ; mean_train_accTop5: 82.865 ; stu_train_accTop1: 81.797 ; stu_train_accTop5: 97.550 ; train_accTop1: 85.489 ; train_accTop5: 98.399 ; time: 29.866 ; stu0train_accTop1: 82.848 ; stu0train_accTop5: 97.892 ; stu1train_accTop1: 82.939 ; stu1train_accTop5: 97.884 ; stu2train_accTop1: 82.807 ; stu2train_accTop5: 97.804
2025-10-30 01:53:45,882:INFO: - Test metrics: test_loss: 5.079 ; test_true_loss: 3.410 ; test_group_loss: 0.250 ; mean_test_accTop1: 68.420 ; mean_test_accTop5: 91.433 ; test_accTop1: 71.034 ; test_accTop5: 92.524 ; stu_test_accTop1: 69.215 ; stu_test_accTop5: 91.772 ; dist: 0.230 ; time: 2.639 ; stu0test_accTop1: 68.750 ; stu0test_accTop5: 91.683 ; stu1test_accTop1: 68.325 ; stu1test_accTop5: 91.218 ; stu2test_accTop1: 68.186 ; stu2test_accTop5: 91.396
2025-10-30 01:53:45,906:INFO: - Updated epoch history. Epoch count: 196
2025-10-30 01:53:45,935:INFO: Epoch 197/300
2025-10-30 01:54:15,887:INFO: - Train metrics: train_loss: 2.739 ; train_true_loss: 1.766 ; train_group_loss: 0.147 ; mean_train_accTop1: 82.726 ; mean_train_accTop5: 82.726 ; stu_train_accTop1: 81.680 ; stu_train_accTop5: 97.506 ; train_accTop1: 85.544 ; train_accTop5: 98.397 ; time: 29.952 ; stu0train_accTop1: 82.886 ; stu0train_accTop5: 97.790 ; stu1train_accTop1: 82.458 ; stu1train_accTop5: 97.733 ; stu2train_accTop1: 82.832 ; stu2train_accTop5: 97.806
2025-10-30 01:54:18,528:INFO: - Test metrics: test_loss: 5.033 ; test_true_loss: 3.403 ; test_group_loss: 0.243 ; mean_test_accTop1: 68.295 ; mean_test_accTop5: 91.393 ; test_accTop1: 70.698 ; test_accTop5: 92.929 ; stu_test_accTop1: 69.343 ; stu_test_accTop5: 92.158 ; dist: 0.227 ; time: 2.639 ; stu0test_accTop1: 68.443 ; stu0test_accTop5: 91.574 ; stu1test_accTop1: 68.414 ; stu1test_accTop5: 91.426 ; stu2test_accTop1: 68.028 ; stu2test_accTop5: 91.179
2025-10-30 01:54:18,552:INFO: - Updated epoch history. Epoch count: 197
2025-10-30 01:54:18,586:INFO: Epoch 198/300
2025-10-30 01:54:48,565:INFO: - Train metrics: train_loss: 2.728 ; train_true_loss: 1.760 ; train_group_loss: 0.146 ; mean_train_accTop1: 82.815 ; mean_train_accTop5: 82.815 ; stu_train_accTop1: 81.848 ; stu_train_accTop5: 97.485 ; train_accTop1: 85.581 ; train_accTop5: 98.364 ; time: 29.978 ; stu0train_accTop1: 82.841 ; stu0train_accTop5: 97.891 ; stu1train_accTop1: 82.839 ; stu1train_accTop5: 97.793 ; stu2train_accTop1: 82.765 ; stu2train_accTop5: 97.779
2025-10-30 01:54:51,222:INFO: - Test metrics: test_loss: 5.080 ; test_true_loss: 3.420 ; test_group_loss: 0.243 ; mean_test_accTop1: 68.137 ; mean_test_accTop5: 91.304 ; test_accTop1: 70.481 ; test_accTop5: 92.286 ; stu_test_accTop1: 68.295 ; stu_test_accTop5: 91.367 ; dist: 0.225 ; time: 2.656 ; stu0test_accTop1: 68.196 ; stu0test_accTop5: 91.386 ; stu1test_accTop1: 67.860 ; stu1test_accTop5: 91.169 ; stu2test_accTop1: 68.354 ; stu2test_accTop5: 91.357
2025-10-30 01:54:51,247:INFO: - Updated epoch history. Epoch count: 198
2025-10-30 01:54:51,275:INFO: Epoch 199/300
2025-10-30 01:55:21,219:INFO: - Train metrics: train_loss: 2.725 ; train_true_loss: 1.757 ; train_group_loss: 0.146 ; mean_train_accTop1: 82.842 ; mean_train_accTop5: 82.842 ; stu_train_accTop1: 81.658 ; stu_train_accTop5: 97.458 ; train_accTop1: 85.543 ; train_accTop5: 98.362 ; time: 29.944 ; stu0train_accTop1: 82.781 ; stu0train_accTop5: 97.866 ; stu1train_accTop1: 82.858 ; stu1train_accTop5: 97.750 ; stu2train_accTop1: 82.887 ; stu2train_accTop5: 97.802
2025-10-30 01:55:23,882:INFO: - Test metrics: test_loss: 5.179 ; test_true_loss: 3.464 ; test_group_loss: 0.251 ; mean_test_accTop1: 67.853 ; mean_test_accTop5: 91.199 ; test_accTop1: 70.461 ; test_accTop5: 92.435 ; stu_test_accTop1: 67.949 ; stu_test_accTop5: 91.278 ; dist: 0.233 ; time: 2.661 ; stu0test_accTop1: 68.592 ; stu0test_accTop5: 91.367 ; stu1test_accTop1: 68.087 ; stu1test_accTop5: 91.485 ; stu2test_accTop1: 66.881 ; stu2test_accTop5: 90.744
2025-10-30 01:55:23,907:INFO: - Updated epoch history. Epoch count: 199
2025-10-30 01:55:23,935:INFO: Epoch 200/300
2025-10-30 01:55:53,933:INFO: - Train metrics: train_loss: 2.719 ; train_true_loss: 1.750 ; train_group_loss: 0.148 ; mean_train_accTop1: 82.817 ; mean_train_accTop5: 82.817 ; stu_train_accTop1: 81.902 ; stu_train_accTop5: 97.428 ; train_accTop1: 85.641 ; train_accTop5: 98.396 ; time: 29.997 ; stu0train_accTop1: 83.165 ; stu0train_accTop5: 97.856 ; stu1train_accTop1: 82.487 ; stu1train_accTop5: 97.795 ; stu2train_accTop1: 82.799 ; stu2train_accTop5: 97.836
2025-10-30 01:55:56,572:INFO: - Test metrics: test_loss: 5.230 ; test_true_loss: 3.490 ; test_group_loss: 0.250 ; mean_test_accTop1: 67.586 ; mean_test_accTop5: 91.037 ; test_accTop1: 70.115 ; test_accTop5: 92.395 ; stu_test_accTop1: 67.415 ; stu_test_accTop5: 91.050 ; dist: 0.233 ; time: 2.637 ; stu0test_accTop1: 67.939 ; stu0test_accTop5: 91.555 ; stu1test_accTop1: 67.277 ; stu1test_accTop5: 90.922 ; stu2test_accTop1: 67.544 ; stu2test_accTop5: 90.635
2025-10-30 01:55:56,596:INFO: - Updated epoch history. Epoch count: 200
2025-10-30 01:55:56,635:INFO: Epoch 201/300
2025-10-30 01:56:26,674:INFO: - Train metrics: train_loss: 2.698 ; train_true_loss: 1.735 ; train_group_loss: 0.147 ; mean_train_accTop1: 83.112 ; mean_train_accTop5: 83.112 ; stu_train_accTop1: 81.886 ; stu_train_accTop5: 97.639 ; train_accTop1: 85.777 ; train_accTop5: 98.461 ; time: 30.039 ; stu0train_accTop1: 83.148 ; stu0train_accTop5: 97.933 ; stu1train_accTop1: 83.041 ; stu1train_accTop5: 97.872 ; stu2train_accTop1: 83.145 ; stu2train_accTop5: 97.795
2025-10-30 01:56:29,337:INFO: - Test metrics: test_loss: 5.120 ; test_true_loss: 3.453 ; test_group_loss: 0.242 ; mean_test_accTop1: 68.071 ; mean_test_accTop5: 91.110 ; test_accTop1: 70.688 ; test_accTop5: 92.306 ; stu_test_accTop1: 69.235 ; stu_test_accTop5: 91.604 ; dist: 0.231 ; time: 2.660 ; stu0test_accTop1: 68.493 ; stu0test_accTop5: 91.386 ; stu1test_accTop1: 67.969 ; stu1test_accTop5: 90.981 ; stu2test_accTop1: 67.751 ; stu2test_accTop5: 90.961
2025-10-30 01:56:29,361:INFO: - Updated epoch history. Epoch count: 201
2025-10-30 01:56:29,389:INFO: Epoch 202/300
2025-10-30 01:56:59,479:INFO: - Train metrics: train_loss: 2.703 ; train_true_loss: 1.737 ; train_group_loss: 0.149 ; mean_train_accTop1: 83.097 ; mean_train_accTop5: 83.097 ; stu_train_accTop1: 81.897 ; stu_train_accTop5: 97.532 ; train_accTop1: 85.943 ; train_accTop5: 98.398 ; time: 30.089 ; stu0train_accTop1: 83.264 ; stu0train_accTop5: 97.930 ; stu1train_accTop1: 83.041 ; stu1train_accTop5: 97.874 ; stu2train_accTop1: 82.986 ; stu2train_accTop5: 97.813
2025-10-30 01:57:02,151:INFO: - Test metrics: test_loss: 5.024 ; test_true_loss: 3.363 ; test_group_loss: 0.249 ; mean_test_accTop1: 69.010 ; mean_test_accTop5: 91.502 ; test_accTop1: 71.301 ; test_accTop5: 92.840 ; stu_test_accTop1: 69.175 ; stu_test_accTop5: 92.039 ; dist: 0.227 ; time: 2.670 ; stu0test_accTop1: 68.938 ; stu0test_accTop5: 91.347 ; stu1test_accTop1: 68.918 ; stu1test_accTop5: 91.466 ; stu2test_accTop1: 69.175 ; stu2test_accTop5: 91.693
2025-10-30 01:57:02,175:INFO: - Updated epoch history. Epoch count: 202
2025-10-30 01:57:02,213:INFO: Epoch 203/300
2025-10-30 01:57:32,220:INFO: - Train metrics: train_loss: 2.711 ; train_true_loss: 1.744 ; train_group_loss: 0.148 ; mean_train_accTop1: 82.923 ; mean_train_accTop5: 82.923 ; stu_train_accTop1: 81.980 ; stu_train_accTop5: 97.523 ; train_accTop1: 85.563 ; train_accTop5: 98.457 ; time: 30.006 ; stu0train_accTop1: 82.858 ; stu0train_accTop5: 97.871 ; stu1train_accTop1: 82.988 ; stu1train_accTop5: 97.878 ; stu2train_accTop1: 82.922 ; stu2train_accTop5: 97.892
2025-10-30 01:57:34,868:INFO: - Test metrics: test_loss: 5.095 ; test_true_loss: 3.413 ; test_group_loss: 0.256 ; mean_test_accTop1: 68.308 ; mean_test_accTop5: 91.466 ; test_accTop1: 70.797 ; test_accTop5: 92.534 ; stu_test_accTop1: 68.710 ; stu_test_accTop5: 91.861 ; dist: 0.229 ; time: 2.646 ; stu0test_accTop1: 68.572 ; stu0test_accTop5: 91.673 ; stu1test_accTop1: 68.206 ; stu1test_accTop5: 91.525 ; stu2test_accTop1: 68.147 ; stu2test_accTop5: 91.199
2025-10-30 01:57:34,893:INFO: - Updated epoch history. Epoch count: 203
2025-10-30 01:57:34,920:INFO: Epoch 204/300
2025-10-30 01:58:04,838:INFO: - Train metrics: train_loss: 2.699 ; train_true_loss: 1.734 ; train_group_loss: 0.148 ; mean_train_accTop1: 83.105 ; mean_train_accTop5: 83.105 ; stu_train_accTop1: 81.909 ; stu_train_accTop5: 97.639 ; train_accTop1: 85.969 ; train_accTop5: 98.488 ; time: 29.917 ; stu0train_accTop1: 83.211 ; stu0train_accTop5: 97.994 ; stu1train_accTop1: 83.050 ; stu1train_accTop5: 97.920 ; stu2train_accTop1: 83.053 ; stu2train_accTop5: 97.941
2025-10-30 01:58:07,485:INFO: - Test metrics: test_loss: 5.280 ; test_true_loss: 3.556 ; test_group_loss: 0.256 ; mean_test_accTop1: 67.359 ; mean_test_accTop5: 90.849 ; test_accTop1: 69.660 ; test_accTop5: 92.356 ; stu_test_accTop1: 68.107 ; stu_test_accTop5: 91.317 ; dist: 0.237 ; time: 2.645 ; stu0test_accTop1: 66.980 ; stu0test_accTop5: 90.783 ; stu1test_accTop1: 67.524 ; stu1test_accTop5: 91.090 ; stu2test_accTop1: 67.573 ; stu2test_accTop5: 90.674
2025-10-30 01:58:07,510:INFO: - Updated epoch history. Epoch count: 204
2025-10-30 01:58:07,538:INFO: Epoch 205/300
2025-10-30 01:58:37,642:INFO: - Train metrics: train_loss: 2.681 ; train_true_loss: 1.721 ; train_group_loss: 0.149 ; mean_train_accTop1: 83.061 ; mean_train_accTop5: 83.061 ; stu_train_accTop1: 82.341 ; stu_train_accTop5: 97.612 ; train_accTop1: 85.886 ; train_accTop5: 98.533 ; time: 30.103 ; stu0train_accTop1: 83.096 ; stu0train_accTop5: 97.967 ; stu1train_accTop1: 82.991 ; stu1train_accTop5: 97.944 ; stu2train_accTop1: 83.095 ; stu2train_accTop5: 97.951
2025-10-30 01:58:40,285:INFO: - Test metrics: test_loss: 5.065 ; test_true_loss: 3.386 ; test_group_loss: 0.252 ; mean_test_accTop1: 68.410 ; mean_test_accTop5: 91.423 ; test_accTop1: 71.203 ; test_accTop5: 92.534 ; stu_test_accTop1: 69.007 ; stu_test_accTop5: 91.634 ; dist: 0.233 ; time: 2.641 ; stu0test_accTop1: 69.165 ; stu0test_accTop5: 91.792 ; stu1test_accTop1: 68.087 ; stu1test_accTop5: 91.357 ; stu2test_accTop1: 67.979 ; stu2test_accTop5: 91.119
2025-10-30 01:58:40,310:INFO: - Updated epoch history. Epoch count: 205
2025-10-30 01:58:40,340:INFO: Epoch 206/300
2025-10-30 01:59:10,080:INFO: - Train metrics: train_loss: 2.688 ; train_true_loss: 1.728 ; train_group_loss: 0.149 ; mean_train_accTop1: 83.067 ; mean_train_accTop5: 83.067 ; stu_train_accTop1: 82.263 ; stu_train_accTop5: 97.583 ; train_accTop1: 85.866 ; train_accTop5: 98.499 ; time: 29.739 ; stu0train_accTop1: 83.149 ; stu0train_accTop5: 97.973 ; stu1train_accTop1: 82.963 ; stu1train_accTop5: 97.870 ; stu2train_accTop1: 83.091 ; stu2train_accTop5: 97.884
2025-10-30 01:59:12,746:INFO: - Test metrics: test_loss: 5.238 ; test_true_loss: 3.557 ; test_group_loss: 0.245 ; mean_test_accTop1: 67.504 ; mean_test_accTop5: 90.760 ; test_accTop1: 70.065 ; test_accTop5: 91.861 ; stu_test_accTop1: 68.681 ; stu_test_accTop5: 91.386 ; dist: 0.236 ; time: 2.663 ; stu0test_accTop1: 67.563 ; stu0test_accTop5: 90.862 ; stu1test_accTop1: 67.207 ; stu1test_accTop5: 90.536 ; stu2test_accTop1: 67.741 ; stu2test_accTop5: 90.882
2025-10-30 01:59:12,770:INFO: - Updated epoch history. Epoch count: 206
2025-10-30 01:59:12,799:INFO: Epoch 207/300
2025-10-30 01:59:42,588:INFO: - Train metrics: train_loss: 2.694 ; train_true_loss: 1.727 ; train_group_loss: 0.149 ; mean_train_accTop1: 83.030 ; mean_train_accTop5: 83.030 ; stu_train_accTop1: 81.711 ; stu_train_accTop5: 97.668 ; train_accTop1: 85.784 ; train_accTop5: 98.574 ; time: 29.789 ; stu0train_accTop1: 82.866 ; stu0train_accTop5: 97.975 ; stu1train_accTop1: 82.958 ; stu1train_accTop5: 98.029 ; stu2train_accTop1: 83.266 ; stu2train_accTop5: 97.985
2025-10-30 01:59:45,242:INFO: - Test metrics: test_loss: 4.962 ; test_true_loss: 3.323 ; test_group_loss: 0.248 ; mean_test_accTop1: 69.139 ; mean_test_accTop5: 91.617 ; test_accTop1: 71.549 ; test_accTop5: 92.870 ; stu_test_accTop1: 69.689 ; stu_test_accTop5: 91.742 ; dist: 0.228 ; time: 2.652 ; stu0test_accTop1: 69.551 ; stu0test_accTop5: 91.564 ; stu1test_accTop1: 68.493 ; stu1test_accTop5: 91.446 ; stu2test_accTop1: 69.373 ; stu2test_accTop5: 91.841
2025-10-30 01:59:45,266:INFO: - Updated epoch history. Epoch count: 207
2025-10-30 01:59:45,307:INFO: Epoch 208/300
2025-10-30 02:00:15,273:INFO: - Train metrics: train_loss: 2.702 ; train_true_loss: 1.734 ; train_group_loss: 0.150 ; mean_train_accTop1: 83.021 ; mean_train_accTop5: 83.021 ; stu_train_accTop1: 82.066 ; stu_train_accTop5: 97.605 ; train_accTop1: 85.762 ; train_accTop5: 98.504 ; time: 29.966 ; stu0train_accTop1: 83.073 ; stu0train_accTop5: 97.881 ; stu1train_accTop1: 82.985 ; stu1train_accTop5: 97.920 ; stu2train_accTop1: 83.007 ; stu2train_accTop5: 97.925
2025-10-30 02:00:17,928:INFO: - Test metrics: test_loss: 4.995 ; test_true_loss: 3.339 ; test_group_loss: 0.246 ; mean_test_accTop1: 68.898 ; mean_test_accTop5: 91.370 ; test_accTop1: 71.628 ; test_accTop5: 92.583 ; stu_test_accTop1: 69.195 ; stu_test_accTop5: 91.990 ; dist: 0.225 ; time: 2.653 ; stu0test_accTop1: 69.235 ; stu0test_accTop5: 91.317 ; stu1test_accTop1: 68.720 ; stu1test_accTop5: 91.347 ; stu2test_accTop1: 68.740 ; stu2test_accTop5: 91.446
2025-10-30 02:00:17,952:INFO: - Updated epoch history. Epoch count: 208
2025-10-30 02:00:17,988:INFO: Epoch 209/300
2025-10-30 02:00:47,916:INFO: - Train metrics: train_loss: 2.676 ; train_true_loss: 1.713 ; train_group_loss: 0.149 ; mean_train_accTop1: 83.337 ; mean_train_accTop5: 83.337 ; stu_train_accTop1: 82.160 ; stu_train_accTop5: 97.579 ; train_accTop1: 86.145 ; train_accTop5: 98.566 ; time: 29.928 ; stu0train_accTop1: 83.413 ; stu0train_accTop5: 97.936 ; stu1train_accTop1: 83.213 ; stu1train_accTop5: 97.977 ; stu2train_accTop1: 83.386 ; stu2train_accTop5: 97.891
2025-10-30 02:00:50,572:INFO: - Test metrics: test_loss: 5.131 ; test_true_loss: 3.460 ; test_group_loss: 0.247 ; mean_test_accTop1: 68.101 ; mean_test_accTop5: 90.968 ; test_accTop1: 70.886 ; test_accTop5: 92.188 ; stu_test_accTop1: 69.264 ; stu_test_accTop5: 91.179 ; dist: 0.232 ; time: 2.653 ; stu0test_accTop1: 68.167 ; stu0test_accTop5: 91.100 ; stu1test_accTop1: 67.712 ; stu1test_accTop5: 90.615 ; stu2test_accTop1: 68.424 ; stu2test_accTop5: 91.189
2025-10-30 02:00:50,598:INFO: - Updated epoch history. Epoch count: 209
2025-10-30 02:00:50,626:INFO: Epoch 210/300
2025-10-30 02:01:20,538:INFO: - Train metrics: train_loss: 2.687 ; train_true_loss: 1.720 ; train_group_loss: 0.149 ; mean_train_accTop1: 83.225 ; mean_train_accTop5: 83.225 ; stu_train_accTop1: 81.998 ; stu_train_accTop5: 97.631 ; train_accTop1: 85.903 ; train_accTop5: 98.502 ; time: 29.912 ; stu0train_accTop1: 83.140 ; stu0train_accTop5: 97.904 ; stu1train_accTop1: 83.124 ; stu1train_accTop5: 97.915 ; stu2train_accTop1: 83.411 ; stu2train_accTop5: 97.981
2025-10-30 02:01:23,179:INFO: - Test metrics: test_loss: 5.234 ; test_true_loss: 3.504 ; test_group_loss: 0.269 ; mean_test_accTop1: 67.712 ; mean_test_accTop5: 90.994 ; test_accTop1: 70.738 ; test_accTop5: 92.603 ; stu_test_accTop1: 69.333 ; stu_test_accTop5: 91.683 ; dist: 0.244 ; time: 2.639 ; stu0test_accTop1: 67.811 ; stu0test_accTop5: 90.932 ; stu1test_accTop1: 67.474 ; stu1test_accTop5: 91.040 ; stu2test_accTop1: 67.850 ; stu2test_accTop5: 91.011
2025-10-30 02:01:23,204:INFO: - Updated epoch history. Epoch count: 210
2025-10-30 02:01:23,232:INFO: Epoch 211/300
2025-10-30 02:01:53,322:INFO: - Train metrics: train_loss: 2.671 ; train_true_loss: 1.709 ; train_group_loss: 0.151 ; mean_train_accTop1: 83.386 ; mean_train_accTop5: 83.386 ; stu_train_accTop1: 82.254 ; stu_train_accTop5: 97.646 ; train_accTop1: 86.158 ; train_accTop5: 98.537 ; time: 30.089 ; stu0train_accTop1: 83.459 ; stu0train_accTop5: 98.003 ; stu1train_accTop1: 83.318 ; stu1train_accTop5: 97.991 ; stu2train_accTop1: 83.382 ; stu2train_accTop5: 97.905
2025-10-30 02:01:55,958:INFO: - Test metrics: test_loss: 5.011 ; test_true_loss: 3.361 ; test_group_loss: 0.240 ; mean_test_accTop1: 68.710 ; mean_test_accTop5: 91.410 ; test_accTop1: 71.638 ; test_accTop5: 92.761 ; stu_test_accTop1: 69.511 ; stu_test_accTop5: 91.871 ; dist: 0.228 ; time: 2.634 ; stu0test_accTop1: 68.938 ; stu0test_accTop5: 91.080 ; stu1test_accTop1: 68.641 ; stu1test_accTop5: 91.436 ; stu2test_accTop1: 68.552 ; stu2test_accTop5: 91.713
2025-10-30 02:01:55,983:INFO: - Updated epoch history. Epoch count: 211
2025-10-30 02:01:56,014:INFO: Epoch 212/300
2025-10-30 02:02:25,935:INFO: - Train metrics: train_loss: 2.684 ; train_true_loss: 1.718 ; train_group_loss: 0.150 ; mean_train_accTop1: 83.160 ; mean_train_accTop5: 83.160 ; stu_train_accTop1: 82.034 ; stu_train_accTop5: 97.623 ; train_accTop1: 86.082 ; train_accTop5: 98.539 ; time: 29.921 ; stu0train_accTop1: 83.136 ; stu0train_accTop5: 97.956 ; stu1train_accTop1: 83.216 ; stu1train_accTop5: 97.956 ; stu2train_accTop1: 83.128 ; stu2train_accTop5: 97.923
2025-10-30 02:02:28,582:INFO: - Test metrics: test_loss: 5.068 ; test_true_loss: 3.387 ; test_group_loss: 0.255 ; mean_test_accTop1: 68.743 ; mean_test_accTop5: 91.288 ; test_accTop1: 71.687 ; test_accTop5: 92.445 ; stu_test_accTop1: 69.155 ; stu_test_accTop5: 91.792 ; dist: 0.236 ; time: 2.644 ; stu0test_accTop1: 69.047 ; stu0test_accTop5: 91.317 ; stu1test_accTop1: 68.364 ; stu1test_accTop5: 91.060 ; stu2test_accTop1: 68.819 ; stu2test_accTop5: 91.485
2025-10-30 02:02:28,606:INFO: - Updated epoch history. Epoch count: 212
2025-10-30 02:02:28,635:INFO: Epoch 213/300
2025-10-30 02:02:58,631:INFO: - Train metrics: train_loss: 2.684 ; train_true_loss: 1.720 ; train_group_loss: 0.151 ; mean_train_accTop1: 83.270 ; mean_train_accTop5: 83.270 ; stu_train_accTop1: 82.249 ; stu_train_accTop5: 97.657 ; train_accTop1: 86.021 ; train_accTop5: 98.523 ; time: 29.996 ; stu0train_accTop1: 83.296 ; stu0train_accTop5: 97.991 ; stu1train_accTop1: 83.129 ; stu1train_accTop5: 97.955 ; stu2train_accTop1: 83.386 ; stu2train_accTop5: 98.014
2025-10-30 02:03:01,295:INFO: - Test metrics: test_loss: 5.319 ; test_true_loss: 3.535 ; test_group_loss: 0.269 ; mean_test_accTop1: 67.629 ; mean_test_accTop5: 90.885 ; test_accTop1: 70.481 ; test_accTop5: 92.296 ; stu_test_accTop1: 68.226 ; stu_test_accTop5: 91.446 ; dist: 0.243 ; time: 2.662 ; stu0test_accTop1: 67.840 ; stu0test_accTop5: 90.892 ; stu1test_accTop1: 67.267 ; stu1test_accTop5: 90.754 ; stu2test_accTop1: 67.781 ; stu2test_accTop5: 91.011
2025-10-30 02:03:01,319:INFO: - Updated epoch history. Epoch count: 213
2025-10-30 02:03:01,347:INFO: Epoch 214/300
2025-10-30 02:03:31,367:INFO: - Train metrics: train_loss: 2.667 ; train_true_loss: 1.704 ; train_group_loss: 0.151 ; mean_train_accTop1: 83.391 ; mean_train_accTop5: 83.391 ; stu_train_accTop1: 82.298 ; stu_train_accTop5: 97.629 ; train_accTop1: 86.360 ; train_accTop5: 98.553 ; time: 30.019 ; stu0train_accTop1: 83.364 ; stu0train_accTop5: 98.030 ; stu1train_accTop1: 83.353 ; stu1train_accTop5: 97.969 ; stu2train_accTop1: 83.456 ; stu2train_accTop5: 97.947
2025-10-30 02:03:34,026:INFO: - Test metrics: test_loss: 5.055 ; test_true_loss: 3.377 ; test_group_loss: 0.253 ; mean_test_accTop1: 68.579 ; mean_test_accTop5: 91.489 ; test_accTop1: 71.301 ; test_accTop5: 92.524 ; stu_test_accTop1: 69.571 ; stu_test_accTop5: 91.624 ; dist: 0.236 ; time: 2.657 ; stu0test_accTop1: 68.809 ; stu0test_accTop5: 91.515 ; stu1test_accTop1: 68.246 ; stu1test_accTop5: 91.555 ; stu2test_accTop1: 68.681 ; stu2test_accTop5: 91.396
2025-10-30 02:03:34,051:INFO: - Updated epoch history. Epoch count: 214
2025-10-30 02:03:34,081:INFO: Epoch 215/300
2025-10-30 02:04:04,051:INFO: - Train metrics: train_loss: 2.656 ; train_true_loss: 1.696 ; train_group_loss: 0.151 ; mean_train_accTop1: 83.479 ; mean_train_accTop5: 83.479 ; stu_train_accTop1: 82.389 ; stu_train_accTop5: 97.669 ; train_accTop1: 86.378 ; train_accTop5: 98.603 ; time: 29.970 ; stu0train_accTop1: 83.480 ; stu0train_accTop5: 98.084 ; stu1train_accTop1: 83.384 ; stu1train_accTop5: 98.008 ; stu2train_accTop1: 83.575 ; stu2train_accTop5: 97.929
2025-10-30 02:04:06,718:INFO: - Test metrics: test_loss: 5.021 ; test_true_loss: 3.375 ; test_group_loss: 0.245 ; mean_test_accTop1: 68.882 ; mean_test_accTop5: 91.452 ; test_accTop1: 71.638 ; test_accTop5: 92.642 ; stu_test_accTop1: 69.363 ; stu_test_accTop5: 91.723 ; dist: 0.231 ; time: 2.665 ; stu0test_accTop1: 69.106 ; stu0test_accTop5: 91.505 ; stu1test_accTop1: 68.730 ; stu1test_accTop5: 91.555 ; stu2test_accTop1: 68.809 ; stu2test_accTop5: 91.297
2025-10-30 02:04:06,743:INFO: - Updated epoch history. Epoch count: 215
2025-10-30 02:04:06,772:INFO: Epoch 216/300
2025-10-30 02:04:36,786:INFO: - Train metrics: train_loss: 2.659 ; train_true_loss: 1.697 ; train_group_loss: 0.151 ; mean_train_accTop1: 83.489 ; mean_train_accTop5: 83.489 ; stu_train_accTop1: 82.311 ; stu_train_accTop5: 97.722 ; train_accTop1: 86.493 ; train_accTop5: 98.605 ; time: 30.014 ; stu0train_accTop1: 83.556 ; stu0train_accTop5: 98.019 ; stu1train_accTop1: 83.449 ; stu1train_accTop5: 98.069 ; stu2train_accTop1: 83.463 ; stu2train_accTop5: 98.058
2025-10-30 02:04:39,453:INFO: - Test metrics: test_loss: 5.168 ; test_true_loss: 3.468 ; test_group_loss: 0.250 ; mean_test_accTop1: 67.893 ; mean_test_accTop5: 91.159 ; test_accTop1: 70.708 ; test_accTop5: 92.524 ; stu_test_accTop1: 68.621 ; stu_test_accTop5: 91.535 ; dist: 0.238 ; time: 2.665 ; stu0test_accTop1: 67.890 ; stu0test_accTop5: 90.922 ; stu1test_accTop1: 68.216 ; stu1test_accTop5: 91.495 ; stu2test_accTop1: 67.573 ; stu2test_accTop5: 91.060
2025-10-30 02:04:39,478:INFO: - Updated epoch history. Epoch count: 216
2025-10-30 02:04:39,508:INFO: Epoch 217/300
2025-10-30 02:05:09,423:INFO: - Train metrics: train_loss: 2.644 ; train_true_loss: 1.688 ; train_group_loss: 0.151 ; mean_train_accTop1: 83.562 ; mean_train_accTop5: 83.562 ; stu_train_accTop1: 82.453 ; stu_train_accTop5: 97.747 ; train_accTop1: 86.535 ; train_accTop5: 98.587 ; time: 29.915 ; stu0train_accTop1: 83.498 ; stu0train_accTop5: 98.120 ; stu1train_accTop1: 83.597 ; stu1train_accTop5: 98.042 ; stu2train_accTop1: 83.591 ; stu2train_accTop5: 98.021
2025-10-30 02:05:12,066:INFO: - Test metrics: test_loss: 5.297 ; test_true_loss: 3.537 ; test_group_loss: 0.276 ; mean_test_accTop1: 67.715 ; mean_test_accTop5: 90.935 ; test_accTop1: 70.570 ; test_accTop5: 92.375 ; stu_test_accTop1: 68.315 ; stu_test_accTop5: 91.426 ; dist: 0.246 ; time: 2.641 ; stu0test_accTop1: 67.811 ; stu0test_accTop5: 90.546 ; stu1test_accTop1: 67.346 ; stu1test_accTop5: 90.981 ; stu2test_accTop1: 67.989 ; stu2test_accTop5: 91.278
2025-10-30 02:05:12,091:INFO: - Updated epoch history. Epoch count: 217
2025-10-30 02:05:12,119:INFO: Epoch 218/300
2025-10-30 02:05:41,992:INFO: - Train metrics: train_loss: 2.667 ; train_true_loss: 1.704 ; train_group_loss: 0.153 ; mean_train_accTop1: 83.362 ; mean_train_accTop5: 83.362 ; stu_train_accTop1: 82.325 ; stu_train_accTop5: 97.812 ; train_accTop1: 86.181 ; train_accTop5: 98.607 ; time: 29.873 ; stu0train_accTop1: 83.438 ; stu0train_accTop5: 98.014 ; stu1train_accTop1: 83.274 ; stu1train_accTop5: 97.998 ; stu2train_accTop1: 83.375 ; stu2train_accTop5: 98.004
2025-10-30 02:05:44,655:INFO: - Test metrics: test_loss: 5.240 ; test_true_loss: 3.519 ; test_group_loss: 0.272 ; mean_test_accTop1: 68.081 ; mean_test_accTop5: 90.767 ; test_accTop1: 70.817 ; test_accTop5: 92.029 ; stu_test_accTop1: 69.096 ; stu_test_accTop5: 91.426 ; dist: 0.242 ; time: 2.661 ; stu0test_accTop1: 68.305 ; stu0test_accTop5: 90.625 ; stu1test_accTop1: 68.058 ; stu1test_accTop5: 90.951 ; stu2test_accTop1: 67.880 ; stu2test_accTop5: 90.724
2025-10-30 02:05:44,679:INFO: - Updated epoch history. Epoch count: 218
2025-10-30 02:05:44,707:INFO: Epoch 219/300
2025-10-30 02:06:14,699:INFO: - Train metrics: train_loss: 2.629 ; train_true_loss: 1.675 ; train_group_loss: 0.151 ; mean_train_accTop1: 83.719 ; mean_train_accTop5: 83.719 ; stu_train_accTop1: 82.564 ; stu_train_accTop5: 97.718 ; train_accTop1: 86.701 ; train_accTop5: 98.624 ; time: 29.992 ; stu0train_accTop1: 83.732 ; stu0train_accTop5: 98.169 ; stu1train_accTop1: 83.769 ; stu1train_accTop5: 98.035 ; stu2train_accTop1: 83.655 ; stu2train_accTop5: 98.007
2025-10-30 02:06:17,358:INFO: - Test metrics: test_loss: 5.075 ; test_true_loss: 3.409 ; test_group_loss: 0.240 ; mean_test_accTop1: 68.727 ; mean_test_accTop5: 91.027 ; test_accTop1: 71.232 ; test_accTop5: 92.227 ; stu_test_accTop1: 69.066 ; stu_test_accTop5: 91.456 ; dist: 0.230 ; time: 2.657 ; stu0test_accTop1: 68.987 ; stu0test_accTop5: 91.119 ; stu1test_accTop1: 68.770 ; stu1test_accTop5: 91.288 ; stu2test_accTop1: 68.424 ; stu2test_accTop5: 90.674
2025-10-30 02:06:17,382:INFO: - Updated epoch history. Epoch count: 219
2025-10-30 02:06:17,412:INFO: Epoch 220/300
2025-10-30 02:06:47,298:INFO: - Train metrics: train_loss: 2.654 ; train_true_loss: 1.690 ; train_group_loss: 0.153 ; mean_train_accTop1: 83.508 ; mean_train_accTop5: 83.508 ; stu_train_accTop1: 82.512 ; stu_train_accTop5: 97.789 ; train_accTop1: 86.330 ; train_accTop5: 98.657 ; time: 29.885 ; stu0train_accTop1: 83.791 ; stu0train_accTop5: 98.100 ; stu1train_accTop1: 83.401 ; stu1train_accTop5: 98.074 ; stu2train_accTop1: 83.334 ; stu2train_accTop5: 98.121
2025-10-30 02:06:49,950:INFO: - Test metrics: test_loss: 5.258 ; test_true_loss: 3.521 ; test_group_loss: 0.259 ; mean_test_accTop1: 68.351 ; mean_test_accTop5: 90.737 ; test_accTop1: 70.767 ; test_accTop5: 91.970 ; stu_test_accTop1: 68.869 ; stu_test_accTop5: 91.001 ; dist: 0.236 ; time: 2.650 ; stu0test_accTop1: 68.315 ; stu0test_accTop5: 90.823 ; stu1test_accTop1: 68.720 ; stu1test_accTop5: 90.823 ; stu2test_accTop1: 68.018 ; stu2test_accTop5: 90.566
2025-10-30 02:06:49,975:INFO: - Updated epoch history. Epoch count: 220
2025-10-30 02:06:50,003:INFO: Epoch 221/300
2025-10-30 02:07:19,847:INFO: - Train metrics: train_loss: 2.631 ; train_true_loss: 1.674 ; train_group_loss: 0.152 ; mean_train_accTop1: 83.738 ; mean_train_accTop5: 83.738 ; stu_train_accTop1: 82.491 ; stu_train_accTop5: 97.715 ; train_accTop1: 86.646 ; train_accTop5: 98.584 ; time: 29.844 ; stu0train_accTop1: 83.682 ; stu0train_accTop5: 98.023 ; stu1train_accTop1: 83.616 ; stu1train_accTop5: 98.057 ; stu2train_accTop1: 83.914 ; stu2train_accTop5: 98.025
2025-10-30 02:07:22,490:INFO: - Test metrics: test_loss: 5.240 ; test_true_loss: 3.514 ; test_group_loss: 0.266 ; mean_test_accTop1: 68.223 ; mean_test_accTop5: 90.915 ; test_accTop1: 70.856 ; test_accTop5: 92.089 ; stu_test_accTop1: 68.394 ; stu_test_accTop5: 91.713 ; dist: 0.240 ; time: 2.641 ; stu0test_accTop1: 68.572 ; stu0test_accTop5: 90.833 ; stu1test_accTop1: 67.811 ; stu1test_accTop5: 90.694 ; stu2test_accTop1: 68.285 ; stu2test_accTop5: 91.218
2025-10-30 02:07:22,514:INFO: - Updated epoch history. Epoch count: 221
2025-10-30 02:07:22,552:INFO: Epoch 222/300
2025-10-30 02:07:52,416:INFO: - Train metrics: train_loss: 2.639 ; train_true_loss: 1.680 ; train_group_loss: 0.153 ; mean_train_accTop1: 83.696 ; mean_train_accTop5: 83.696 ; stu_train_accTop1: 82.470 ; stu_train_accTop5: 97.761 ; train_accTop1: 86.592 ; train_accTop5: 98.645 ; time: 29.863 ; stu0train_accTop1: 83.700 ; stu0train_accTop5: 98.002 ; stu1train_accTop1: 83.692 ; stu1train_accTop5: 98.041 ; stu2train_accTop1: 83.696 ; stu2train_accTop5: 98.095
2025-10-30 02:07:55,070:INFO: - Test metrics: test_loss: 5.083 ; test_true_loss: 3.365 ; test_group_loss: 0.261 ; mean_test_accTop1: 68.981 ; mean_test_accTop5: 91.400 ; test_accTop1: 71.816 ; test_accTop5: 92.840 ; stu_test_accTop1: 69.037 ; stu_test_accTop5: 91.416 ; dist: 0.238 ; time: 2.652 ; stu0test_accTop1: 69.096 ; stu0test_accTop5: 91.515 ; stu1test_accTop1: 68.602 ; stu1test_accTop5: 91.377 ; stu2test_accTop1: 69.244 ; stu2test_accTop5: 91.307
2025-10-30 02:07:55,095:INFO: - Updated epoch history. Epoch count: 222
2025-10-30 02:07:55,125:INFO: Epoch 223/300
2025-10-30 02:08:25,054:INFO: - Train metrics: train_loss: 2.639 ; train_true_loss: 1.682 ; train_group_loss: 0.152 ; mean_train_accTop1: 83.691 ; mean_train_accTop5: 83.691 ; stu_train_accTop1: 82.639 ; stu_train_accTop5: 97.770 ; train_accTop1: 86.738 ; train_accTop5: 98.573 ; time: 29.928 ; stu0train_accTop1: 83.958 ; stu0train_accTop5: 98.079 ; stu1train_accTop1: 83.535 ; stu1train_accTop5: 97.946 ; stu2train_accTop1: 83.580 ; stu2train_accTop5: 98.000
2025-10-30 02:08:27,713:INFO: - Test metrics: test_loss: 5.164 ; test_true_loss: 3.468 ; test_group_loss: 0.258 ; mean_test_accTop1: 68.190 ; mean_test_accTop5: 91.195 ; test_accTop1: 70.955 ; test_accTop5: 92.593 ; stu_test_accTop1: 68.780 ; stu_test_accTop5: 91.703 ; dist: 0.237 ; time: 2.657 ; stu0test_accTop1: 68.374 ; stu0test_accTop5: 91.357 ; stu1test_accTop1: 68.078 ; stu1test_accTop5: 91.189 ; stu2test_accTop1: 68.117 ; stu2test_accTop5: 91.040
2025-10-30 02:08:27,737:INFO: - Updated epoch history. Epoch count: 223
2025-10-30 02:08:27,766:INFO: Epoch 224/300
2025-10-30 02:08:57,732:INFO: - Train metrics: train_loss: 2.628 ; train_true_loss: 1.672 ; train_group_loss: 0.153 ; mean_train_accTop1: 83.768 ; mean_train_accTop5: 83.768 ; stu_train_accTop1: 82.701 ; stu_train_accTop5: 97.783 ; train_accTop1: 86.642 ; train_accTop5: 98.616 ; time: 29.965 ; stu0train_accTop1: 83.857 ; stu0train_accTop5: 98.083 ; stu1train_accTop1: 83.768 ; stu1train_accTop5: 98.011 ; stu2train_accTop1: 83.680 ; stu2train_accTop5: 98.062
2025-10-30 02:09:00,380:INFO: - Test metrics: test_loss: 5.274 ; test_true_loss: 3.511 ; test_group_loss: 0.269 ; mean_test_accTop1: 67.824 ; mean_test_accTop5: 91.176 ; test_accTop1: 70.293 ; test_accTop5: 92.484 ; stu_test_accTop1: 68.167 ; stu_test_accTop5: 91.228 ; dist: 0.243 ; time: 2.646 ; stu0test_accTop1: 67.791 ; stu0test_accTop5: 91.080 ; stu1test_accTop1: 67.672 ; stu1test_accTop5: 91.011 ; stu2test_accTop1: 68.008 ; stu2test_accTop5: 91.436
2025-10-30 02:09:00,405:INFO: - Updated epoch history. Epoch count: 224
2025-10-30 02:09:00,447:INFO: Epoch 225/300
2025-10-30 02:09:30,520:INFO: - Train metrics: train_loss: 2.064 ; train_true_loss: 1.287 ; train_group_loss: 0.131 ; mean_train_accTop1: 88.366 ; mean_train_accTop5: 88.366 ; stu_train_accTop1: 86.781 ; stu_train_accTop5: 98.565 ; train_accTop1: 90.606 ; train_accTop5: 99.191 ; time: 30.072 ; stu0train_accTop1: 88.442 ; stu0train_accTop5: 98.887 ; stu1train_accTop1: 88.338 ; stu1train_accTop5: 98.824 ; stu2train_accTop1: 88.317 ; stu2train_accTop5: 98.867
2025-10-30 02:09:33,154:INFO: - Test metrics: test_loss: 4.262 ; test_true_loss: 2.892 ; test_group_loss: 0.191 ; mean_test_accTop1: 72.785 ; mean_test_accTop5: 93.107 ; test_accTop1: 74.901 ; test_accTop5: 93.819 ; stu_test_accTop1: 72.854 ; stu_test_accTop5: 93.394 ; dist: 0.191 ; time: 2.632 ; stu0test_accTop1: 72.696 ; stu0test_accTop5: 93.147 ; stu1test_accTop1: 72.923 ; stu1test_accTop5: 92.989 ; stu2test_accTop1: 72.735 ; stu2test_accTop5: 93.186
2025-10-30 02:09:33,178:INFO: - Updated epoch history. Epoch count: 225
2025-10-30 02:09:33,208:INFO: - Found better accuracy
2025-10-30 02:09:33,215:INFO: Epoch 226/300
2025-10-30 02:10:03,128:INFO: - Train metrics: train_loss: 1.887 ; train_true_loss: 1.159 ; train_group_loss: 0.127 ; mean_train_accTop1: 89.851 ; mean_train_accTop5: 89.851 ; stu_train_accTop1: 88.206 ; stu_train_accTop5: 98.758 ; train_accTop1: 91.953 ; train_accTop5: 99.341 ; time: 29.913 ; stu0train_accTop1: 89.895 ; stu0train_accTop5: 99.031 ; stu1train_accTop1: 89.828 ; stu1train_accTop5: 99.078 ; stu2train_accTop1: 89.830 ; stu2train_accTop5: 99.057
2025-10-30 02:10:05,793:INFO: - Test metrics: test_loss: 4.265 ; test_true_loss: 2.878 ; test_group_loss: 0.203 ; mean_test_accTop1: 73.019 ; mean_test_accTop5: 93.094 ; test_accTop1: 75.040 ; test_accTop5: 93.918 ; stu_test_accTop1: 73.062 ; stu_test_accTop5: 93.246 ; dist: 0.191 ; time: 2.663 ; stu0test_accTop1: 73.131 ; stu0test_accTop5: 93.117 ; stu1test_accTop1: 72.884 ; stu1test_accTop5: 93.018 ; stu2test_accTop1: 73.042 ; stu2test_accTop5: 93.147
2025-10-30 02:10:05,817:INFO: - Updated epoch history. Epoch count: 226
2025-10-30 02:10:05,856:INFO: - Found better accuracy
2025-10-30 02:10:05,862:INFO: Epoch 227/300
2025-10-30 02:10:35,890:INFO: - Train metrics: train_loss: 1.830 ; train_true_loss: 1.113 ; train_group_loss: 0.127 ; mean_train_accTop1: 90.405 ; mean_train_accTop5: 90.405 ; stu_train_accTop1: 88.565 ; stu_train_accTop5: 98.822 ; train_accTop1: 92.458 ; train_accTop5: 99.399 ; time: 30.028 ; stu0train_accTop1: 90.508 ; stu0train_accTop5: 99.142 ; stu1train_accTop1: 90.253 ; stu1train_accTop5: 99.083 ; stu2train_accTop1: 90.454 ; stu2train_accTop5: 99.133
2025-10-30 02:10:38,539:INFO: - Test metrics: test_loss: 4.278 ; test_true_loss: 2.886 ; test_group_loss: 0.203 ; mean_test_accTop1: 73.180 ; mean_test_accTop5: 93.209 ; test_accTop1: 75.267 ; test_accTop5: 94.057 ; stu_test_accTop1: 73.141 ; stu_test_accTop5: 93.384 ; dist: 0.192 ; time: 2.647 ; stu0test_accTop1: 73.299 ; stu0test_accTop5: 93.265 ; stu1test_accTop1: 72.992 ; stu1test_accTop5: 93.117 ; stu2test_accTop1: 73.250 ; stu2test_accTop5: 93.246
2025-10-30 02:10:38,563:INFO: - Updated epoch history. Epoch count: 227
2025-10-30 02:10:38,602:INFO: - Found better accuracy
2025-10-30 02:10:38,609:INFO: Epoch 228/300
2025-10-30 02:11:08,640:INFO: - Train metrics: train_loss: 1.785 ; train_true_loss: 1.081 ; train_group_loss: 0.128 ; mean_train_accTop1: 90.612 ; mean_train_accTop5: 90.612 ; stu_train_accTop1: 88.940 ; stu_train_accTop5: 98.943 ; train_accTop1: 92.550 ; train_accTop5: 99.469 ; time: 30.030 ; stu0train_accTop1: 90.634 ; stu0train_accTop5: 99.234 ; stu1train_accTop1: 90.600 ; stu1train_accTop5: 99.223 ; stu2train_accTop1: 90.603 ; stu2train_accTop5: 99.223
2025-10-30 02:11:11,308:INFO: - Test metrics: test_loss: 4.272 ; test_true_loss: 2.874 ; test_group_loss: 0.206 ; mean_test_accTop1: 73.243 ; mean_test_accTop5: 93.190 ; test_accTop1: 75.326 ; test_accTop5: 94.037 ; stu_test_accTop1: 73.329 ; stu_test_accTop5: 93.335 ; dist: 0.192 ; time: 2.666 ; stu0test_accTop1: 73.269 ; stu0test_accTop5: 93.186 ; stu1test_accTop1: 73.101 ; stu1test_accTop5: 93.186 ; stu2test_accTop1: 73.358 ; stu2test_accTop5: 93.196
2025-10-30 02:11:11,334:INFO: - Updated epoch history. Epoch count: 228
2025-10-30 02:11:11,369:INFO: - Found better accuracy
2025-10-30 02:11:11,375:INFO: Epoch 229/300
2025-10-30 02:11:41,399:INFO: - Train metrics: train_loss: 1.757 ; train_true_loss: 1.056 ; train_group_loss: 0.129 ; mean_train_accTop1: 90.840 ; mean_train_accTop5: 90.840 ; stu_train_accTop1: 89.075 ; stu_train_accTop5: 98.941 ; train_accTop1: 92.749 ; train_accTop5: 99.480 ; time: 30.023 ; stu0train_accTop1: 90.938 ; stu0train_accTop5: 99.308 ; stu1train_accTop1: 90.747 ; stu1train_accTop5: 99.220 ; stu2train_accTop1: 90.836 ; stu2train_accTop5: 99.269
2025-10-30 02:11:44,050:INFO: - Test metrics: test_loss: 4.273 ; test_true_loss: 2.875 ; test_group_loss: 0.206 ; mean_test_accTop1: 73.342 ; mean_test_accTop5: 93.295 ; test_accTop1: 75.059 ; test_accTop5: 93.997 ; stu_test_accTop1: 73.220 ; stu_test_accTop5: 93.532 ; dist: 0.192 ; time: 2.648 ; stu0test_accTop1: 73.784 ; stu0test_accTop5: 93.236 ; stu1test_accTop1: 72.864 ; stu1test_accTop5: 93.404 ; stu2test_accTop1: 73.378 ; stu2test_accTop5: 93.246
2025-10-30 02:11:44,075:INFO: - Updated epoch history. Epoch count: 229
2025-10-30 02:11:44,105:INFO: Epoch 230/300
2025-10-30 02:12:14,090:INFO: - Train metrics: train_loss: 1.737 ; train_true_loss: 1.038 ; train_group_loss: 0.130 ; mean_train_accTop1: 91.051 ; mean_train_accTop5: 91.051 ; stu_train_accTop1: 89.371 ; stu_train_accTop5: 98.953 ; train_accTop1: 92.993 ; train_accTop5: 99.449 ; time: 29.985 ; stu0train_accTop1: 91.156 ; stu0train_accTop5: 99.261 ; stu1train_accTop1: 90.888 ; stu1train_accTop5: 99.267 ; stu2train_accTop1: 91.110 ; stu2train_accTop5: 99.253
2025-10-30 02:12:16,749:INFO: - Test metrics: test_loss: 4.295 ; test_true_loss: 2.881 ; test_group_loss: 0.211 ; mean_test_accTop1: 73.355 ; mean_test_accTop5: 93.246 ; test_accTop1: 75.376 ; test_accTop5: 94.086 ; stu_test_accTop1: 72.933 ; stu_test_accTop5: 93.453 ; dist: 0.193 ; time: 2.656 ; stu0test_accTop1: 73.546 ; stu0test_accTop5: 93.374 ; stu1test_accTop1: 73.012 ; stu1test_accTop5: 93.127 ; stu2test_accTop1: 73.507 ; stu2test_accTop5: 93.236
2025-10-30 02:12:16,772:INFO: - Updated epoch history. Epoch count: 230
2025-10-30 02:12:16,803:INFO: Epoch 231/300
2025-10-30 02:12:46,740:INFO: - Train metrics: train_loss: 1.716 ; train_true_loss: 1.022 ; train_group_loss: 0.132 ; mean_train_accTop1: 91.167 ; mean_train_accTop5: 91.167 ; stu_train_accTop1: 89.425 ; stu_train_accTop5: 99.029 ; train_accTop1: 93.184 ; train_accTop5: 99.564 ; time: 29.937 ; stu0train_accTop1: 91.250 ; stu0train_accTop5: 99.363 ; stu1train_accTop1: 91.168 ; stu1train_accTop5: 99.313 ; stu2train_accTop1: 91.083 ; stu2train_accTop5: 99.347
2025-10-30 02:12:49,380:INFO: - Test metrics: test_loss: 4.312 ; test_true_loss: 2.893 ; test_group_loss: 0.213 ; mean_test_accTop1: 73.273 ; mean_test_accTop5: 93.163 ; test_accTop1: 75.069 ; test_accTop5: 94.057 ; stu_test_accTop1: 73.161 ; stu_test_accTop5: 93.374 ; dist: 0.194 ; time: 2.638 ; stu0test_accTop1: 73.556 ; stu0test_accTop5: 93.226 ; stu1test_accTop1: 72.735 ; stu1test_accTop5: 93.097 ; stu2test_accTop1: 73.527 ; stu2test_accTop5: 93.167
2025-10-30 02:12:49,404:INFO: - Updated epoch history. Epoch count: 231
2025-10-30 02:12:49,433:INFO: Epoch 232/300
2025-10-30 02:13:19,448:INFO: - Train metrics: train_loss: 1.698 ; train_true_loss: 1.005 ; train_group_loss: 0.132 ; mean_train_accTop1: 91.432 ; mean_train_accTop5: 91.432 ; stu_train_accTop1: 89.706 ; stu_train_accTop5: 99.014 ; train_accTop1: 93.364 ; train_accTop5: 99.526 ; time: 30.014 ; stu0train_accTop1: 91.457 ; stu0train_accTop5: 99.341 ; stu1train_accTop1: 91.423 ; stu1train_accTop5: 99.299 ; stu2train_accTop1: 91.415 ; stu2train_accTop5: 99.341
2025-10-30 02:13:22,085:INFO: - Test metrics: test_loss: 4.323 ; test_true_loss: 2.898 ; test_group_loss: 0.216 ; mean_test_accTop1: 73.283 ; mean_test_accTop5: 93.308 ; test_accTop1: 75.277 ; test_accTop5: 94.086 ; stu_test_accTop1: 73.072 ; stu_test_accTop5: 93.424 ; dist: 0.195 ; time: 2.635 ; stu0test_accTop1: 73.378 ; stu0test_accTop5: 93.236 ; stu1test_accTop1: 73.022 ; stu1test_accTop5: 93.414 ; stu2test_accTop1: 73.447 ; stu2test_accTop5: 93.275
2025-10-30 02:13:22,109:INFO: - Updated epoch history. Epoch count: 232
2025-10-30 02:13:22,137:INFO: Epoch 233/300
2025-10-30 02:13:52,189:INFO: - Train metrics: train_loss: 1.668 ; train_true_loss: 0.982 ; train_group_loss: 0.132 ; mean_train_accTop1: 91.713 ; mean_train_accTop5: 91.713 ; stu_train_accTop1: 89.927 ; stu_train_accTop5: 99.091 ; train_accTop1: 93.610 ; train_accTop5: 99.572 ; time: 30.051 ; stu0train_accTop1: 91.713 ; stu0train_accTop5: 99.401 ; stu1train_accTop1: 91.737 ; stu1train_accTop5: 99.380 ; stu2train_accTop1: 91.688 ; stu2train_accTop5: 99.353
2025-10-30 02:13:54,853:INFO: - Test metrics: test_loss: 4.314 ; test_true_loss: 2.895 ; test_group_loss: 0.216 ; mean_test_accTop1: 73.490 ; mean_test_accTop5: 93.265 ; test_accTop1: 75.326 ; test_accTop5: 94.136 ; stu_test_accTop1: 73.111 ; stu_test_accTop5: 93.473 ; dist: 0.195 ; time: 2.663 ; stu0test_accTop1: 73.764 ; stu0test_accTop5: 93.216 ; stu1test_accTop1: 72.864 ; stu1test_accTop5: 93.226 ; stu2test_accTop1: 73.843 ; stu2test_accTop5: 93.354
2025-10-30 02:13:54,877:INFO: - Updated epoch history. Epoch count: 233
2025-10-30 02:13:54,915:INFO: Epoch 234/300
2025-10-30 02:14:24,837:INFO: - Train metrics: train_loss: 1.660 ; train_true_loss: 0.973 ; train_group_loss: 0.134 ; mean_train_accTop1: 91.799 ; mean_train_accTop5: 91.799 ; stu_train_accTop1: 90.085 ; stu_train_accTop5: 99.099 ; train_accTop1: 93.708 ; train_accTop5: 99.596 ; time: 29.921 ; stu0train_accTop1: 91.841 ; stu0train_accTop5: 99.395 ; stu1train_accTop1: 91.823 ; stu1train_accTop5: 99.309 ; stu2train_accTop1: 91.732 ; stu2train_accTop5: 99.387
2025-10-30 02:14:27,482:INFO: - Test metrics: test_loss: 4.325 ; test_true_loss: 2.897 ; test_group_loss: 0.218 ; mean_test_accTop1: 73.292 ; mean_test_accTop5: 93.229 ; test_accTop1: 75.247 ; test_accTop5: 94.116 ; stu_test_accTop1: 73.348 ; stu_test_accTop5: 93.503 ; dist: 0.196 ; time: 2.643 ; stu0test_accTop1: 73.527 ; stu0test_accTop5: 93.226 ; stu1test_accTop1: 72.775 ; stu1test_accTop5: 93.216 ; stu2test_accTop1: 73.576 ; stu2test_accTop5: 93.246
2025-10-30 02:14:27,507:INFO: - Updated epoch history. Epoch count: 234
2025-10-30 02:14:27,536:INFO: - Found better accuracy
2025-10-30 02:14:27,543:INFO: Epoch 235/300
2025-10-30 02:14:57,482:INFO: - Train metrics: train_loss: 1.653 ; train_true_loss: 0.969 ; train_group_loss: 0.134 ; mean_train_accTop1: 91.872 ; mean_train_accTop5: 91.872 ; stu_train_accTop1: 90.099 ; stu_train_accTop5: 99.144 ; train_accTop1: 93.759 ; train_accTop5: 99.577 ; time: 29.939 ; stu0train_accTop1: 91.899 ; stu0train_accTop5: 99.374 ; stu1train_accTop1: 91.867 ; stu1train_accTop5: 99.380 ; stu2train_accTop1: 91.851 ; stu2train_accTop5: 99.342
2025-10-30 02:15:00,114:INFO: - Test metrics: test_loss: 4.306 ; test_true_loss: 2.884 ; test_group_loss: 0.217 ; mean_test_accTop1: 73.536 ; mean_test_accTop5: 93.206 ; test_accTop1: 75.445 ; test_accTop5: 93.938 ; stu_test_accTop1: 73.368 ; stu_test_accTop5: 93.394 ; dist: 0.195 ; time: 2.630 ; stu0test_accTop1: 73.685 ; stu0test_accTop5: 93.196 ; stu1test_accTop1: 73.151 ; stu1test_accTop5: 93.147 ; stu2test_accTop1: 73.774 ; stu2test_accTop5: 93.275
2025-10-30 02:15:00,138:INFO: - Updated epoch history. Epoch count: 235
2025-10-30 02:15:00,167:INFO: - Found better accuracy
2025-10-30 02:15:00,174:INFO: Epoch 236/300
2025-10-30 02:15:30,216:INFO: - Train metrics: train_loss: 1.648 ; train_true_loss: 0.962 ; train_group_loss: 0.136 ; mean_train_accTop1: 91.855 ; mean_train_accTop5: 91.855 ; stu_train_accTop1: 90.020 ; stu_train_accTop5: 99.102 ; train_accTop1: 93.850 ; train_accTop5: 99.588 ; time: 30.041 ; stu0train_accTop1: 91.862 ; stu0train_accTop5: 99.377 ; stu1train_accTop1: 91.758 ; stu1train_accTop5: 99.395 ; stu2train_accTop1: 91.945 ; stu2train_accTop5: 99.401
2025-10-30 02:15:32,879:INFO: - Test metrics: test_loss: 4.335 ; test_true_loss: 2.899 ; test_group_loss: 0.219 ; mean_test_accTop1: 73.342 ; mean_test_accTop5: 93.173 ; test_accTop1: 75.366 ; test_accTop5: 93.968 ; stu_test_accTop1: 73.200 ; stu_test_accTop5: 93.483 ; dist: 0.196 ; time: 2.662 ; stu0test_accTop1: 73.388 ; stu0test_accTop5: 93.216 ; stu1test_accTop1: 73.170 ; stu1test_accTop5: 93.137 ; stu2test_accTop1: 73.467 ; stu2test_accTop5: 93.167
2025-10-30 02:15:32,904:INFO: - Updated epoch history. Epoch count: 236
2025-10-30 02:15:32,938:INFO: Epoch 237/300
2025-10-30 02:16:02,962:INFO: - Train metrics: train_loss: 1.641 ; train_true_loss: 0.956 ; train_group_loss: 0.136 ; mean_train_accTop1: 91.896 ; mean_train_accTop5: 91.896 ; stu_train_accTop1: 89.996 ; stu_train_accTop5: 99.097 ; train_accTop1: 93.905 ; train_accTop5: 99.580 ; time: 30.023 ; stu0train_accTop1: 91.950 ; stu0train_accTop5: 99.401 ; stu1train_accTop1: 91.823 ; stu1train_accTop5: 99.383 ; stu2train_accTop1: 91.915 ; stu2train_accTop5: 99.379
2025-10-30 02:16:05,617:INFO: - Test metrics: test_loss: 4.358 ; test_true_loss: 2.918 ; test_group_loss: 0.221 ; mean_test_accTop1: 73.487 ; mean_test_accTop5: 93.232 ; test_accTop1: 75.574 ; test_accTop5: 93.938 ; stu_test_accTop1: 73.329 ; stu_test_accTop5: 93.513 ; dist: 0.198 ; time: 2.653 ; stu0test_accTop1: 73.724 ; stu0test_accTop5: 93.028 ; stu1test_accTop1: 73.200 ; stu1test_accTop5: 93.256 ; stu2test_accTop1: 73.536 ; stu2test_accTop5: 93.414
2025-10-30 02:16:05,642:INFO: - Updated epoch history. Epoch count: 237
2025-10-30 02:16:05,671:INFO: Epoch 238/300
2025-10-30 02:16:35,637:INFO: - Train metrics: train_loss: 1.621 ; train_true_loss: 0.940 ; train_group_loss: 0.136 ; mean_train_accTop1: 92.057 ; mean_train_accTop5: 92.057 ; stu_train_accTop1: 90.310 ; stu_train_accTop5: 99.162 ; train_accTop1: 94.027 ; train_accTop5: 99.636 ; time: 29.966 ; stu0train_accTop1: 92.168 ; stu0train_accTop5: 99.475 ; stu1train_accTop1: 91.992 ; stu1train_accTop5: 99.409 ; stu2train_accTop1: 92.012 ; stu2train_accTop5: 99.357
2025-10-30 02:16:38,297:INFO: - Test metrics: test_loss: 4.374 ; test_true_loss: 2.922 ; test_group_loss: 0.225 ; mean_test_accTop1: 73.236 ; mean_test_accTop5: 93.153 ; test_accTop1: 75.445 ; test_accTop5: 93.997 ; stu_test_accTop1: 73.467 ; stu_test_accTop5: 93.384 ; dist: 0.198 ; time: 2.658 ; stu0test_accTop1: 73.339 ; stu0test_accTop5: 93.335 ; stu1test_accTop1: 72.973 ; stu1test_accTop5: 93.117 ; stu2test_accTop1: 73.398 ; stu2test_accTop5: 93.008
2025-10-30 02:16:38,321:INFO: - Updated epoch history. Epoch count: 238
2025-10-30 02:16:38,351:INFO: - Found better accuracy
2025-10-30 02:16:38,358:INFO: Epoch 239/300
2025-10-30 02:17:08,314:INFO: - Train metrics: train_loss: 1.623 ; train_true_loss: 0.939 ; train_group_loss: 0.137 ; mean_train_accTop1: 92.134 ; mean_train_accTop5: 92.134 ; stu_train_accTop1: 90.289 ; stu_train_accTop5: 99.165 ; train_accTop1: 93.976 ; train_accTop5: 99.622 ; time: 29.955 ; stu0train_accTop1: 92.099 ; stu0train_accTop5: 99.461 ; stu1train_accTop1: 92.163 ; stu1train_accTop5: 99.423 ; stu2train_accTop1: 92.140 ; stu2train_accTop5: 99.425
2025-10-30 02:17:10,963:INFO: - Test metrics: test_loss: 4.376 ; test_true_loss: 2.924 ; test_group_loss: 0.224 ; mean_test_accTop1: 73.131 ; mean_test_accTop5: 93.256 ; test_accTop1: 75.188 ; test_accTop5: 94.076 ; stu_test_accTop1: 73.151 ; stu_test_accTop5: 93.463 ; dist: 0.199 ; time: 2.647 ; stu0test_accTop1: 73.428 ; stu0test_accTop5: 93.295 ; stu1test_accTop1: 72.627 ; stu1test_accTop5: 93.206 ; stu2test_accTop1: 73.339 ; stu2test_accTop5: 93.265
2025-10-30 02:17:10,987:INFO: - Updated epoch history. Epoch count: 239
2025-10-30 02:17:11,025:INFO: Epoch 240/300
2025-10-30 02:17:40,977:INFO: - Train metrics: train_loss: 1.613 ; train_true_loss: 0.930 ; train_group_loss: 0.138 ; mean_train_accTop1: 92.166 ; mean_train_accTop5: 92.166 ; stu_train_accTop1: 90.193 ; stu_train_accTop5: 99.177 ; train_accTop1: 94.010 ; train_accTop5: 99.636 ; time: 29.951 ; stu0train_accTop1: 92.310 ; stu0train_accTop5: 99.437 ; stu1train_accTop1: 91.931 ; stu1train_accTop5: 99.419 ; stu2train_accTop1: 92.256 ; stu2train_accTop5: 99.427
2025-10-30 02:17:43,626:INFO: - Test metrics: test_loss: 4.367 ; test_true_loss: 2.919 ; test_group_loss: 0.225 ; mean_test_accTop1: 73.213 ; mean_test_accTop5: 93.140 ; test_accTop1: 75.079 ; test_accTop5: 93.938 ; stu_test_accTop1: 72.953 ; stu_test_accTop5: 93.384 ; dist: 0.198 ; time: 2.648 ; stu0test_accTop1: 73.695 ; stu0test_accTop5: 93.048 ; stu1test_accTop1: 72.577 ; stu1test_accTop5: 93.127 ; stu2test_accTop1: 73.368 ; stu2test_accTop5: 93.246
2025-10-30 02:17:43,650:INFO: - Updated epoch history. Epoch count: 240
2025-10-30 02:17:43,679:INFO: Epoch 241/300
2025-10-30 02:18:13,561:INFO: - Train metrics: train_loss: 1.606 ; train_true_loss: 0.925 ; train_group_loss: 0.138 ; mean_train_accTop1: 92.197 ; mean_train_accTop5: 92.197 ; stu_train_accTop1: 90.483 ; stu_train_accTop5: 99.176 ; train_accTop1: 94.154 ; train_accTop5: 99.612 ; time: 29.882 ; stu0train_accTop1: 92.323 ; stu0train_accTop5: 99.429 ; stu1train_accTop1: 92.062 ; stu1train_accTop5: 99.431 ; stu2train_accTop1: 92.207 ; stu2train_accTop5: 99.430
2025-10-30 02:18:16,192:INFO: - Test metrics: test_loss: 4.390 ; test_true_loss: 2.935 ; test_group_loss: 0.224 ; mean_test_accTop1: 73.292 ; mean_test_accTop5: 93.051 ; test_accTop1: 75.316 ; test_accTop5: 93.869 ; stu_test_accTop1: 73.329 ; stu_test_accTop5: 93.216 ; dist: 0.199 ; time: 2.629 ; stu0test_accTop1: 73.428 ; stu0test_accTop5: 93.068 ; stu1test_accTop1: 72.943 ; stu1test_accTop5: 93.048 ; stu2test_accTop1: 73.507 ; stu2test_accTop5: 93.038
2025-10-30 02:18:16,217:INFO: - Updated epoch history. Epoch count: 241
2025-10-30 02:18:16,247:INFO: Epoch 242/300
2025-10-30 02:18:46,185:INFO: - Train metrics: train_loss: 1.595 ; train_true_loss: 0.915 ; train_group_loss: 0.139 ; mean_train_accTop1: 92.325 ; mean_train_accTop5: 92.325 ; stu_train_accTop1: 90.446 ; stu_train_accTop5: 99.190 ; train_accTop1: 94.276 ; train_accTop5: 99.638 ; time: 29.937 ; stu0train_accTop1: 92.309 ; stu0train_accTop5: 99.455 ; stu1train_accTop1: 92.276 ; stu1train_accTop5: 99.425 ; stu2train_accTop1: 92.389 ; stu2train_accTop5: 99.455
2025-10-30 02:18:48,821:INFO: - Test metrics: test_loss: 4.396 ; test_true_loss: 2.930 ; test_group_loss: 0.230 ; mean_test_accTop1: 73.312 ; mean_test_accTop5: 93.101 ; test_accTop1: 75.386 ; test_accTop5: 94.007 ; stu_test_accTop1: 72.953 ; stu_test_accTop5: 93.424 ; dist: 0.199 ; time: 2.634 ; stu0test_accTop1: 73.576 ; stu0test_accTop5: 93.048 ; stu1test_accTop1: 72.884 ; stu1test_accTop5: 93.157 ; stu2test_accTop1: 73.477 ; stu2test_accTop5: 93.097
2025-10-30 02:18:48,845:INFO: - Updated epoch history. Epoch count: 242
2025-10-30 02:18:48,874:INFO: Epoch 243/300
2025-10-30 02:19:18,736:INFO: - Train metrics: train_loss: 1.582 ; train_true_loss: 0.904 ; train_group_loss: 0.139 ; mean_train_accTop1: 92.441 ; mean_train_accTop5: 92.441 ; stu_train_accTop1: 90.646 ; stu_train_accTop5: 99.207 ; train_accTop1: 94.415 ; train_accTop5: 99.628 ; time: 29.861 ; stu0train_accTop1: 92.567 ; stu0train_accTop5: 99.473 ; stu1train_accTop1: 92.368 ; stu1train_accTop5: 99.425 ; stu2train_accTop1: 92.388 ; stu2train_accTop5: 99.451
2025-10-30 02:19:21,395:INFO: - Test metrics: test_loss: 4.402 ; test_true_loss: 2.936 ; test_group_loss: 0.230 ; mean_test_accTop1: 73.355 ; mean_test_accTop5: 93.041 ; test_accTop1: 75.445 ; test_accTop5: 93.918 ; stu_test_accTop1: 73.220 ; stu_test_accTop5: 93.305 ; dist: 0.200 ; time: 2.657 ; stu0test_accTop1: 73.586 ; stu0test_accTop5: 93.028 ; stu1test_accTop1: 73.042 ; stu1test_accTop5: 93.048 ; stu2test_accTop1: 73.438 ; stu2test_accTop5: 93.048
2025-10-30 02:19:21,419:INFO: - Updated epoch history. Epoch count: 243
2025-10-30 02:19:21,448:INFO: Epoch 244/300
2025-10-30 02:19:51,441:INFO: - Train metrics: train_loss: 1.577 ; train_true_loss: 0.901 ; train_group_loss: 0.139 ; mean_train_accTop1: 92.485 ; mean_train_accTop5: 92.485 ; stu_train_accTop1: 90.785 ; stu_train_accTop5: 99.195 ; train_accTop1: 94.431 ; train_accTop5: 99.640 ; time: 29.993 ; stu0train_accTop1: 92.571 ; stu0train_accTop5: 99.504 ; stu1train_accTop1: 92.381 ; stu1train_accTop5: 99.465 ; stu2train_accTop1: 92.505 ; stu2train_accTop5: 99.469
2025-10-30 02:19:54,093:INFO: - Test metrics: test_loss: 4.405 ; test_true_loss: 2.937 ; test_group_loss: 0.231 ; mean_test_accTop1: 73.217 ; mean_test_accTop5: 93.213 ; test_accTop1: 75.257 ; test_accTop5: 94.057 ; stu_test_accTop1: 72.834 ; stu_test_accTop5: 93.404 ; dist: 0.201 ; time: 2.649 ; stu0test_accTop1: 73.546 ; stu0test_accTop5: 93.097 ; stu1test_accTop1: 72.854 ; stu1test_accTop5: 93.196 ; stu2test_accTop1: 73.250 ; stu2test_accTop5: 93.345
2025-10-30 02:19:54,117:INFO: - Updated epoch history. Epoch count: 244
2025-10-30 02:19:54,149:INFO: Epoch 245/300
2025-10-30 02:20:24,038:INFO: - Train metrics: train_loss: 1.567 ; train_true_loss: 0.893 ; train_group_loss: 0.140 ; mean_train_accTop1: 92.671 ; mean_train_accTop5: 92.671 ; stu_train_accTop1: 90.858 ; stu_train_accTop5: 99.243 ; train_accTop1: 94.516 ; train_accTop5: 99.658 ; time: 29.889 ; stu0train_accTop1: 92.624 ; stu0train_accTop5: 99.532 ; stu1train_accTop1: 92.627 ; stu1train_accTop5: 99.479 ; stu2train_accTop1: 92.764 ; stu2train_accTop5: 99.484
2025-10-30 02:20:26,678:INFO: - Test metrics: test_loss: 4.428 ; test_true_loss: 2.946 ; test_group_loss: 0.233 ; mean_test_accTop1: 73.227 ; mean_test_accTop5: 93.107 ; test_accTop1: 75.316 ; test_accTop5: 93.888 ; stu_test_accTop1: 73.131 ; stu_test_accTop5: 93.256 ; dist: 0.202 ; time: 2.639 ; stu0test_accTop1: 73.348 ; stu0test_accTop5: 93.167 ; stu1test_accTop1: 73.141 ; stu1test_accTop5: 93.008 ; stu2test_accTop1: 73.190 ; stu2test_accTop5: 93.147
2025-10-30 02:20:26,703:INFO: - Updated epoch history. Epoch count: 245
2025-10-30 02:20:26,742:INFO: Epoch 246/300
2025-10-30 02:20:56,652:INFO: - Train metrics: train_loss: 1.566 ; train_true_loss: 0.890 ; train_group_loss: 0.141 ; mean_train_accTop1: 92.568 ; mean_train_accTop5: 92.568 ; stu_train_accTop1: 90.861 ; stu_train_accTop5: 99.252 ; train_accTop1: 94.571 ; train_accTop5: 99.655 ; time: 29.910 ; stu0train_accTop1: 92.584 ; stu0train_accTop5: 99.497 ; stu1train_accTop1: 92.529 ; stu1train_accTop5: 99.479 ; stu2train_accTop1: 92.592 ; stu2train_accTop5: 99.486
2025-10-30 02:20:59,329:INFO: - Test metrics: test_loss: 4.422 ; test_true_loss: 2.945 ; test_group_loss: 0.232 ; mean_test_accTop1: 73.118 ; mean_test_accTop5: 93.094 ; test_accTop1: 75.583 ; test_accTop5: 93.928 ; stu_test_accTop1: 73.210 ; stu_test_accTop5: 93.364 ; dist: 0.202 ; time: 2.675 ; stu0test_accTop1: 73.220 ; stu0test_accTop5: 93.147 ; stu1test_accTop1: 72.735 ; stu1test_accTop5: 93.167 ; stu2test_accTop1: 73.398 ; stu2test_accTop5: 92.969
2025-10-30 02:20:59,354:INFO: - Updated epoch history. Epoch count: 246
2025-10-30 02:20:59,390:INFO: Epoch 247/300
2025-10-30 02:21:29,409:INFO: - Train metrics: train_loss: 1.549 ; train_true_loss: 0.876 ; train_group_loss: 0.141 ; mean_train_accTop1: 92.826 ; mean_train_accTop5: 92.826 ; stu_train_accTop1: 91.006 ; stu_train_accTop5: 99.267 ; train_accTop1: 94.829 ; train_accTop5: 99.678 ; time: 30.019 ; stu0train_accTop1: 92.955 ; stu0train_accTop5: 99.540 ; stu1train_accTop1: 92.826 ; stu1train_accTop5: 99.526 ; stu2train_accTop1: 92.696 ; stu2train_accTop5: 99.525
2025-10-30 02:21:32,077:INFO: - Test metrics: test_loss: 4.430 ; test_true_loss: 2.954 ; test_group_loss: 0.232 ; mean_test_accTop1: 73.283 ; mean_test_accTop5: 93.078 ; test_accTop1: 75.267 ; test_accTop5: 93.977 ; stu_test_accTop1: 72.953 ; stu_test_accTop5: 93.285 ; dist: 0.201 ; time: 2.666 ; stu0test_accTop1: 73.210 ; stu0test_accTop5: 93.157 ; stu1test_accTop1: 73.111 ; stu1test_accTop5: 93.058 ; stu2test_accTop1: 73.527 ; stu2test_accTop5: 93.018
2025-10-30 02:21:32,102:INFO: - Updated epoch history. Epoch count: 247
2025-10-30 02:21:32,141:INFO: Epoch 248/300
2025-10-30 02:22:01,969:INFO: - Train metrics: train_loss: 1.555 ; train_true_loss: 0.881 ; train_group_loss: 0.141 ; mean_train_accTop1: 92.582 ; mean_train_accTop5: 92.582 ; stu_train_accTop1: 90.834 ; stu_train_accTop5: 99.257 ; train_accTop1: 94.514 ; train_accTop5: 99.698 ; time: 29.827 ; stu0train_accTop1: 92.601 ; stu0train_accTop5: 99.500 ; stu1train_accTop1: 92.527 ; stu1train_accTop5: 99.480 ; stu2train_accTop1: 92.619 ; stu2train_accTop5: 99.496
2025-10-30 02:22:04,617:INFO: - Test metrics: test_loss: 4.437 ; test_true_loss: 2.949 ; test_group_loss: 0.236 ; mean_test_accTop1: 73.447 ; mean_test_accTop5: 93.173 ; test_accTop1: 75.514 ; test_accTop5: 94.066 ; stu_test_accTop1: 73.210 ; stu_test_accTop5: 93.275 ; dist: 0.203 ; time: 2.647 ; stu0test_accTop1: 73.863 ; stu0test_accTop5: 93.186 ; stu1test_accTop1: 73.121 ; stu1test_accTop5: 93.265 ; stu2test_accTop1: 73.358 ; stu2test_accTop5: 93.068
2025-10-30 02:22:04,642:INFO: - Updated epoch history. Epoch count: 248
2025-10-30 02:22:04,671:INFO: Epoch 249/300
2025-10-30 02:22:34,715:INFO: - Train metrics: train_loss: 1.551 ; train_true_loss: 0.878 ; train_group_loss: 0.142 ; mean_train_accTop1: 92.707 ; mean_train_accTop5: 92.707 ; stu_train_accTop1: 90.820 ; stu_train_accTop5: 99.243 ; train_accTop1: 94.745 ; train_accTop5: 99.698 ; time: 30.043 ; stu0train_accTop1: 92.731 ; stu0train_accTop5: 99.540 ; stu1train_accTop1: 92.771 ; stu1train_accTop5: 99.556 ; stu2train_accTop1: 92.620 ; stu2train_accTop5: 99.488
2025-10-30 02:22:37,365:INFO: - Test metrics: test_loss: 4.426 ; test_true_loss: 2.941 ; test_group_loss: 0.236 ; mean_test_accTop1: 73.246 ; mean_test_accTop5: 93.124 ; test_accTop1: 75.445 ; test_accTop5: 93.938 ; stu_test_accTop1: 73.180 ; stu_test_accTop5: 93.582 ; dist: 0.202 ; time: 2.648 ; stu0test_accTop1: 73.477 ; stu0test_accTop5: 93.167 ; stu1test_accTop1: 72.973 ; stu1test_accTop5: 93.107 ; stu2test_accTop1: 73.289 ; stu2test_accTop5: 93.097
2025-10-30 02:22:37,389:INFO: - Updated epoch history. Epoch count: 249
2025-10-30 02:22:37,418:INFO: Epoch 250/300
2025-10-30 02:23:07,444:INFO: - Train metrics: train_loss: 1.534 ; train_true_loss: 0.864 ; train_group_loss: 0.142 ; mean_train_accTop1: 92.840 ; mean_train_accTop5: 92.840 ; stu_train_accTop1: 91.015 ; stu_train_accTop5: 99.291 ; train_accTop1: 94.748 ; train_accTop5: 99.719 ; time: 30.026 ; stu0train_accTop1: 92.870 ; stu0train_accTop5: 99.536 ; stu1train_accTop1: 92.824 ; stu1train_accTop5: 99.543 ; stu2train_accTop1: 92.827 ; stu2train_accTop5: 99.515
2025-10-30 02:23:10,099:INFO: - Test metrics: test_loss: 4.462 ; test_true_loss: 2.964 ; test_group_loss: 0.238 ; mean_test_accTop1: 73.167 ; mean_test_accTop5: 93.150 ; test_accTop1: 75.297 ; test_accTop5: 93.987 ; stu_test_accTop1: 73.002 ; stu_test_accTop5: 93.354 ; dist: 0.202 ; time: 2.653 ; stu0test_accTop1: 73.665 ; stu0test_accTop5: 93.028 ; stu1test_accTop1: 72.676 ; stu1test_accTop5: 93.157 ; stu2test_accTop1: 73.161 ; stu2test_accTop5: 93.265
2025-10-30 02:23:10,123:INFO: - Updated epoch history. Epoch count: 250
2025-10-30 02:23:10,162:INFO: Epoch 251/300
2025-10-30 02:23:40,083:INFO: - Train metrics: train_loss: 1.529 ; train_true_loss: 0.861 ; train_group_loss: 0.142 ; mean_train_accTop1: 92.818 ; mean_train_accTop5: 92.818 ; stu_train_accTop1: 91.076 ; stu_train_accTop5: 99.273 ; train_accTop1: 94.723 ; train_accTop5: 99.720 ; time: 29.921 ; stu0train_accTop1: 92.769 ; stu0train_accTop5: 99.558 ; stu1train_accTop1: 92.823 ; stu1train_accTop5: 99.530 ; stu2train_accTop1: 92.862 ; stu2train_accTop5: 99.518
2025-10-30 02:23:42,723:INFO: - Test metrics: test_loss: 4.450 ; test_true_loss: 2.953 ; test_group_loss: 0.242 ; mean_test_accTop1: 73.144 ; mean_test_accTop5: 93.114 ; test_accTop1: 75.386 ; test_accTop5: 93.918 ; stu_test_accTop1: 73.507 ; stu_test_accTop5: 93.315 ; dist: 0.204 ; time: 2.638 ; stu0test_accTop1: 73.279 ; stu0test_accTop5: 93.048 ; stu1test_accTop1: 72.755 ; stu1test_accTop5: 93.087 ; stu2test_accTop1: 73.398 ; stu2test_accTop5: 93.206
2025-10-30 02:23:42,748:INFO: - Updated epoch history. Epoch count: 251
2025-10-30 02:23:42,776:INFO: - Found better accuracy
2025-10-30 02:23:42,783:INFO: Epoch 252/300
2025-10-30 02:24:12,727:INFO: - Train metrics: train_loss: 1.530 ; train_true_loss: 0.859 ; train_group_loss: 0.143 ; mean_train_accTop1: 93.020 ; mean_train_accTop5: 93.020 ; stu_train_accTop1: 91.121 ; stu_train_accTop5: 99.261 ; train_accTop1: 94.940 ; train_accTop5: 99.708 ; time: 29.944 ; stu0train_accTop1: 93.033 ; stu0train_accTop5: 99.556 ; stu1train_accTop1: 93.105 ; stu1train_accTop5: 99.519 ; stu2train_accTop1: 92.923 ; stu2train_accTop5: 99.496
2025-10-30 02:24:15,373:INFO: - Test metrics: test_loss: 4.451 ; test_true_loss: 2.959 ; test_group_loss: 0.236 ; mean_test_accTop1: 73.259 ; mean_test_accTop5: 93.114 ; test_accTop1: 75.534 ; test_accTop5: 93.968 ; stu_test_accTop1: 73.269 ; stu_test_accTop5: 93.265 ; dist: 0.204 ; time: 2.644 ; stu0test_accTop1: 73.517 ; stu0test_accTop5: 92.979 ; stu1test_accTop1: 72.844 ; stu1test_accTop5: 93.167 ; stu2test_accTop1: 73.418 ; stu2test_accTop5: 93.196
2025-10-30 02:24:15,397:INFO: - Updated epoch history. Epoch count: 252
2025-10-30 02:24:15,425:INFO: Epoch 253/300
2025-10-30 02:24:45,493:INFO: - Train metrics: train_loss: 1.518 ; train_true_loss: 0.851 ; train_group_loss: 0.143 ; mean_train_accTop1: 93.059 ; mean_train_accTop5: 93.059 ; stu_train_accTop1: 91.154 ; stu_train_accTop5: 99.295 ; train_accTop1: 94.961 ; train_accTop5: 99.710 ; time: 30.068 ; stu0train_accTop1: 93.144 ; stu0train_accTop5: 99.554 ; stu1train_accTop1: 93.085 ; stu1train_accTop5: 99.536 ; stu2train_accTop1: 92.950 ; stu2train_accTop5: 99.522
2025-10-30 02:24:48,144:INFO: - Test metrics: test_loss: 4.472 ; test_true_loss: 2.970 ; test_group_loss: 0.243 ; mean_test_accTop1: 73.052 ; mean_test_accTop5: 93.031 ; test_accTop1: 75.494 ; test_accTop5: 93.829 ; stu_test_accTop1: 73.250 ; stu_test_accTop5: 93.483 ; dist: 0.204 ; time: 2.649 ; stu0test_accTop1: 73.091 ; stu0test_accTop5: 93.008 ; stu1test_accTop1: 72.617 ; stu1test_accTop5: 93.048 ; stu2test_accTop1: 73.447 ; stu2test_accTop5: 93.038
2025-10-30 02:24:48,168:INFO: - Updated epoch history. Epoch count: 253
2025-10-30 02:24:48,202:INFO: Epoch 254/300
2025-10-30 02:25:18,068:INFO: - Train metrics: train_loss: 1.515 ; train_true_loss: 0.846 ; train_group_loss: 0.144 ; mean_train_accTop1: 93.079 ; mean_train_accTop5: 93.079 ; stu_train_accTop1: 91.141 ; stu_train_accTop5: 99.301 ; train_accTop1: 94.903 ; train_accTop5: 99.721 ; time: 29.866 ; stu0train_accTop1: 93.133 ; stu0train_accTop5: 99.588 ; stu1train_accTop1: 93.042 ; stu1train_accTop5: 99.556 ; stu2train_accTop1: 93.062 ; stu2train_accTop5: 99.527
2025-10-30 02:25:20,712:INFO: - Test metrics: test_loss: 4.456 ; test_true_loss: 2.965 ; test_group_loss: 0.239 ; mean_test_accTop1: 73.197 ; mean_test_accTop5: 93.051 ; test_accTop1: 75.405 ; test_accTop5: 93.977 ; stu_test_accTop1: 73.190 ; stu_test_accTop5: 93.434 ; dist: 0.205 ; time: 2.642 ; stu0test_accTop1: 73.210 ; stu0test_accTop5: 93.167 ; stu1test_accTop1: 72.745 ; stu1test_accTop5: 92.949 ; stu2test_accTop1: 73.635 ; stu2test_accTop5: 93.038
2025-10-30 02:25:20,737:INFO: - Updated epoch history. Epoch count: 254
2025-10-30 02:25:20,765:INFO: Epoch 255/300
2025-10-30 02:25:50,889:INFO: - Train metrics: train_loss: 1.509 ; train_true_loss: 0.843 ; train_group_loss: 0.144 ; mean_train_accTop1: 93.094 ; mean_train_accTop5: 93.094 ; stu_train_accTop1: 91.376 ; stu_train_accTop5: 99.295 ; train_accTop1: 94.991 ; train_accTop5: 99.730 ; time: 30.124 ; stu0train_accTop1: 93.205 ; stu0train_accTop5: 99.548 ; stu1train_accTop1: 93.003 ; stu1train_accTop5: 99.596 ; stu2train_accTop1: 93.075 ; stu2train_accTop5: 99.566
2025-10-30 02:25:53,542:INFO: - Test metrics: test_loss: 4.474 ; test_true_loss: 2.965 ; test_group_loss: 0.244 ; mean_test_accTop1: 73.124 ; mean_test_accTop5: 93.058 ; test_accTop1: 75.396 ; test_accTop5: 93.958 ; stu_test_accTop1: 73.368 ; stu_test_accTop5: 93.493 ; dist: 0.206 ; time: 2.650 ; stu0test_accTop1: 73.388 ; stu0test_accTop5: 93.008 ; stu1test_accTop1: 72.834 ; stu1test_accTop5: 92.959 ; stu2test_accTop1: 73.151 ; stu2test_accTop5: 93.206
2025-10-30 02:25:53,566:INFO: - Updated epoch history. Epoch count: 255
2025-10-30 02:25:53,605:INFO: Epoch 256/300
2025-10-30 02:26:23,569:INFO: - Train metrics: train_loss: 1.509 ; train_true_loss: 0.842 ; train_group_loss: 0.145 ; mean_train_accTop1: 93.081 ; mean_train_accTop5: 93.081 ; stu_train_accTop1: 91.271 ; stu_train_accTop5: 99.355 ; train_accTop1: 94.998 ; train_accTop5: 99.716 ; time: 29.963 ; stu0train_accTop1: 93.076 ; stu0train_accTop5: 99.579 ; stu1train_accTop1: 92.997 ; stu1train_accTop5: 99.568 ; stu2train_accTop1: 93.168 ; stu2train_accTop5: 99.524
2025-10-30 02:26:26,230:INFO: - Test metrics: test_loss: 4.462 ; test_true_loss: 2.959 ; test_group_loss: 0.243 ; mean_test_accTop1: 73.266 ; mean_test_accTop5: 93.114 ; test_accTop1: 75.633 ; test_accTop5: 93.948 ; stu_test_accTop1: 73.477 ; stu_test_accTop5: 93.513 ; dist: 0.207 ; time: 2.660 ; stu0test_accTop1: 73.368 ; stu0test_accTop5: 93.028 ; stu1test_accTop1: 72.646 ; stu1test_accTop5: 93.087 ; stu2test_accTop1: 73.784 ; stu2test_accTop5: 93.226
2025-10-30 02:26:26,255:INFO: - Updated epoch history. Epoch count: 256
2025-10-30 02:26:26,294:INFO: Epoch 257/300
2025-10-30 02:26:56,454:INFO: - Train metrics: train_loss: 1.500 ; train_true_loss: 0.834 ; train_group_loss: 0.145 ; mean_train_accTop1: 93.136 ; mean_train_accTop5: 93.136 ; stu_train_accTop1: 91.390 ; stu_train_accTop5: 99.321 ; train_accTop1: 95.042 ; train_accTop5: 99.718 ; time: 30.159 ; stu0train_accTop1: 93.220 ; stu0train_accTop5: 99.614 ; stu1train_accTop1: 93.061 ; stu1train_accTop5: 99.528 ; stu2train_accTop1: 93.126 ; stu2train_accTop5: 99.540
2025-10-30 02:26:59,116:INFO: - Test metrics: test_loss: 4.460 ; test_true_loss: 2.961 ; test_group_loss: 0.242 ; mean_test_accTop1: 73.266 ; mean_test_accTop5: 93.087 ; test_accTop1: 75.623 ; test_accTop5: 94.017 ; stu_test_accTop1: 73.012 ; stu_test_accTop5: 93.295 ; dist: 0.205 ; time: 2.661 ; stu0test_accTop1: 73.586 ; stu0test_accTop5: 93.087 ; stu1test_accTop1: 73.101 ; stu1test_accTop5: 92.998 ; stu2test_accTop1: 73.111 ; stu2test_accTop5: 93.176
2025-10-30 02:26:59,141:INFO: - Updated epoch history. Epoch count: 257
2025-10-30 02:26:59,169:INFO: Epoch 258/300
2025-10-30 02:27:29,377:INFO: - Train metrics: train_loss: 1.502 ; train_true_loss: 0.835 ; train_group_loss: 0.145 ; mean_train_accTop1: 93.138 ; mean_train_accTop5: 93.138 ; stu_train_accTop1: 91.258 ; stu_train_accTop5: 99.299 ; train_accTop1: 95.048 ; train_accTop5: 99.706 ; time: 30.207 ; stu0train_accTop1: 93.226 ; stu0train_accTop5: 99.567 ; stu1train_accTop1: 93.103 ; stu1train_accTop5: 99.596 ; stu2train_accTop1: 93.085 ; stu2train_accTop5: 99.604
2025-10-30 02:27:32,029:INFO: - Test metrics: test_loss: 4.512 ; test_true_loss: 2.991 ; test_group_loss: 0.244 ; mean_test_accTop1: 73.025 ; mean_test_accTop5: 92.992 ; test_accTop1: 75.138 ; test_accTop5: 93.869 ; stu_test_accTop1: 73.032 ; stu_test_accTop5: 93.265 ; dist: 0.207 ; time: 2.651 ; stu0test_accTop1: 73.319 ; stu0test_accTop5: 92.909 ; stu1test_accTop1: 72.577 ; stu1test_accTop5: 93.087 ; stu2test_accTop1: 73.180 ; stu2test_accTop5: 92.979
2025-10-30 02:27:32,055:INFO: - Updated epoch history. Epoch count: 258
2025-10-30 02:27:32,095:INFO: Epoch 259/300
2025-10-30 02:28:02,243:INFO: - Train metrics: train_loss: 1.491 ; train_true_loss: 0.827 ; train_group_loss: 0.145 ; mean_train_accTop1: 93.288 ; mean_train_accTop5: 93.288 ; stu_train_accTop1: 91.397 ; stu_train_accTop5: 99.341 ; train_accTop1: 95.227 ; train_accTop5: 99.708 ; time: 30.147 ; stu0train_accTop1: 93.355 ; stu0train_accTop5: 99.572 ; stu1train_accTop1: 93.198 ; stu1train_accTop5: 99.560 ; stu2train_accTop1: 93.312 ; stu2train_accTop5: 99.540
2025-10-30 02:28:04,893:INFO: - Test metrics: test_loss: 4.476 ; test_true_loss: 2.965 ; test_group_loss: 0.244 ; mean_test_accTop1: 73.312 ; mean_test_accTop5: 93.137 ; test_accTop1: 75.425 ; test_accTop5: 94.096 ; stu_test_accTop1: 73.428 ; stu_test_accTop5: 93.384 ; dist: 0.206 ; time: 2.648 ; stu0test_accTop1: 73.586 ; stu0test_accTop5: 93.147 ; stu1test_accTop1: 72.953 ; stu1test_accTop5: 93.127 ; stu2test_accTop1: 73.398 ; stu2test_accTop5: 93.137
2025-10-30 02:28:04,917:INFO: - Updated epoch history. Epoch count: 259
2025-10-30 02:28:04,946:INFO: Epoch 260/300
2025-10-30 02:28:35,079:INFO: - Train metrics: train_loss: 1.491 ; train_true_loss: 0.826 ; train_group_loss: 0.145 ; mean_train_accTop1: 93.239 ; mean_train_accTop5: 93.239 ; stu_train_accTop1: 91.360 ; stu_train_accTop5: 99.363 ; train_accTop1: 95.182 ; train_accTop5: 99.742 ; time: 30.132 ; stu0train_accTop1: 93.358 ; stu0train_accTop5: 99.616 ; stu1train_accTop1: 93.170 ; stu1train_accTop5: 99.600 ; stu2train_accTop1: 93.190 ; stu2train_accTop5: 99.572
2025-10-30 02:28:37,731:INFO: - Test metrics: test_loss: 4.489 ; test_true_loss: 2.974 ; test_group_loss: 0.244 ; mean_test_accTop1: 73.203 ; mean_test_accTop5: 93.078 ; test_accTop1: 75.544 ; test_accTop5: 94.017 ; stu_test_accTop1: 73.635 ; stu_test_accTop5: 93.186 ; dist: 0.207 ; time: 2.650 ; stu0test_accTop1: 73.368 ; stu0test_accTop5: 93.117 ; stu1test_accTop1: 72.795 ; stu1test_accTop5: 93.038 ; stu2test_accTop1: 73.447 ; stu2test_accTop5: 93.078
2025-10-30 02:28:37,756:INFO: - Updated epoch history. Epoch count: 260
2025-10-30 02:28:37,794:INFO: - Found better accuracy
2025-10-30 02:28:37,803:INFO: Epoch 261/300
2025-10-30 02:29:08,166:INFO: - Train metrics: train_loss: 1.494 ; train_true_loss: 0.829 ; train_group_loss: 0.145 ; mean_train_accTop1: 93.153 ; mean_train_accTop5: 93.153 ; stu_train_accTop1: 91.480 ; stu_train_accTop5: 99.327 ; train_accTop1: 95.034 ; train_accTop5: 99.756 ; time: 30.362 ; stu0train_accTop1: 93.093 ; stu0train_accTop5: 99.600 ; stu1train_accTop1: 93.182 ; stu1train_accTop5: 99.556 ; stu2train_accTop1: 93.184 ; stu2train_accTop5: 99.577
2025-10-30 02:29:10,851:INFO: - Test metrics: test_loss: 4.491 ; test_true_loss: 2.976 ; test_group_loss: 0.245 ; mean_test_accTop1: 73.157 ; mean_test_accTop5: 92.906 ; test_accTop1: 75.237 ; test_accTop5: 93.839 ; stu_test_accTop1: 73.091 ; stu_test_accTop5: 93.305 ; dist: 0.206 ; time: 2.683 ; stu0test_accTop1: 73.408 ; stu0test_accTop5: 92.870 ; stu1test_accTop1: 72.785 ; stu1test_accTop5: 92.949 ; stu2test_accTop1: 73.279 ; stu2test_accTop5: 92.900
2025-10-30 02:29:10,875:INFO: - Updated epoch history. Epoch count: 261
2025-10-30 02:29:10,914:INFO: Epoch 262/300
2025-10-30 02:29:41,041:INFO: - Train metrics: train_loss: 1.481 ; train_true_loss: 0.819 ; train_group_loss: 0.146 ; mean_train_accTop1: 93.301 ; mean_train_accTop5: 93.301 ; stu_train_accTop1: 91.592 ; stu_train_accTop5: 99.381 ; train_accTop1: 95.272 ; train_accTop5: 99.734 ; time: 30.126 ; stu0train_accTop1: 93.361 ; stu0train_accTop5: 99.559 ; stu1train_accTop1: 93.129 ; stu1train_accTop5: 99.575 ; stu2train_accTop1: 93.414 ; stu2train_accTop5: 99.605
2025-10-30 02:29:43,689:INFO: - Test metrics: test_loss: 4.509 ; test_true_loss: 2.988 ; test_group_loss: 0.243 ; mean_test_accTop1: 73.243 ; mean_test_accTop5: 92.939 ; test_accTop1: 75.346 ; test_accTop5: 93.918 ; stu_test_accTop1: 73.111 ; stu_test_accTop5: 93.424 ; dist: 0.206 ; time: 2.646 ; stu0test_accTop1: 73.368 ; stu0test_accTop5: 93.068 ; stu1test_accTop1: 72.983 ; stu1test_accTop5: 92.811 ; stu2test_accTop1: 73.378 ; stu2test_accTop5: 92.939
2025-10-30 02:29:43,714:INFO: - Updated epoch history. Epoch count: 262
2025-10-30 02:29:43,743:INFO: Epoch 263/300
2025-10-30 02:30:13,806:INFO: - Train metrics: train_loss: 1.482 ; train_true_loss: 0.818 ; train_group_loss: 0.146 ; mean_train_accTop1: 93.446 ; mean_train_accTop5: 93.446 ; stu_train_accTop1: 91.551 ; stu_train_accTop5: 99.361 ; train_accTop1: 95.274 ; train_accTop5: 99.734 ; time: 30.062 ; stu0train_accTop1: 93.498 ; stu0train_accTop5: 99.624 ; stu1train_accTop1: 93.368 ; stu1train_accTop5: 99.600 ; stu2train_accTop1: 93.472 ; stu2train_accTop5: 99.592
2025-10-30 02:30:16,454:INFO: - Test metrics: test_loss: 4.510 ; test_true_loss: 2.989 ; test_group_loss: 0.250 ; mean_test_accTop1: 73.170 ; mean_test_accTop5: 92.992 ; test_accTop1: 75.425 ; test_accTop5: 93.987 ; stu_test_accTop1: 73.151 ; stu_test_accTop5: 93.523 ; dist: 0.208 ; time: 2.646 ; stu0test_accTop1: 73.566 ; stu0test_accTop5: 93.008 ; stu1test_accTop1: 72.745 ; stu1test_accTop5: 92.959 ; stu2test_accTop1: 73.200 ; stu2test_accTop5: 93.008
2025-10-30 02:30:16,478:INFO: - Updated epoch history. Epoch count: 263
2025-10-30 02:30:16,507:INFO: Epoch 264/300
2025-10-30 02:30:46,480:INFO: - Train metrics: train_loss: 1.474 ; train_true_loss: 0.812 ; train_group_loss: 0.146 ; mean_train_accTop1: 93.385 ; mean_train_accTop5: 93.385 ; stu_train_accTop1: 91.580 ; stu_train_accTop5: 99.385 ; train_accTop1: 95.269 ; train_accTop5: 99.762 ; time: 29.973 ; stu0train_accTop1: 93.467 ; stu0train_accTop5: 99.632 ; stu1train_accTop1: 93.293 ; stu1train_accTop5: 99.641 ; stu2train_accTop1: 93.396 ; stu2train_accTop5: 99.576
2025-10-30 02:30:49,140:INFO: - Test metrics: test_loss: 4.497 ; test_true_loss: 2.977 ; test_group_loss: 0.247 ; mean_test_accTop1: 73.312 ; mean_test_accTop5: 92.985 ; test_accTop1: 75.742 ; test_accTop5: 93.908 ; stu_test_accTop1: 73.101 ; stu_test_accTop5: 93.305 ; dist: 0.206 ; time: 2.658 ; stu0test_accTop1: 73.546 ; stu0test_accTop5: 93.018 ; stu1test_accTop1: 73.052 ; stu1test_accTop5: 92.959 ; stu2test_accTop1: 73.339 ; stu2test_accTop5: 92.979
2025-10-30 02:30:49,165:INFO: - Updated epoch history. Epoch count: 264
2025-10-30 02:30:49,211:INFO: Epoch 265/300
2025-10-30 02:31:19,248:INFO: - Train metrics: train_loss: 1.470 ; train_true_loss: 0.809 ; train_group_loss: 0.147 ; mean_train_accTop1: 93.430 ; mean_train_accTop5: 93.430 ; stu_train_accTop1: 91.643 ; stu_train_accTop5: 99.391 ; train_accTop1: 95.301 ; train_accTop5: 99.738 ; time: 30.037 ; stu0train_accTop1: 93.340 ; stu0train_accTop5: 99.622 ; stu1train_accTop1: 93.527 ; stu1train_accTop5: 99.552 ; stu2train_accTop1: 93.422 ; stu2train_accTop5: 99.566
2025-10-30 02:31:21,902:INFO: - Test metrics: test_loss: 4.521 ; test_true_loss: 2.988 ; test_group_loss: 0.249 ; mean_test_accTop1: 73.174 ; mean_test_accTop5: 92.936 ; test_accTop1: 75.455 ; test_accTop5: 94.017 ; stu_test_accTop1: 73.170 ; stu_test_accTop5: 93.345 ; dist: 0.207 ; time: 2.652 ; stu0test_accTop1: 73.655 ; stu0test_accTop5: 93.008 ; stu1test_accTop1: 72.666 ; stu1test_accTop5: 92.870 ; stu2test_accTop1: 73.200 ; stu2test_accTop5: 92.929
2025-10-30 02:31:21,927:INFO: - Updated epoch history. Epoch count: 265
2025-10-30 02:31:21,956:INFO: Epoch 266/300
2025-10-30 02:31:51,959:INFO: - Train metrics: train_loss: 1.464 ; train_true_loss: 0.803 ; train_group_loss: 0.147 ; mean_train_accTop1: 93.512 ; mean_train_accTop5: 93.512 ; stu_train_accTop1: 91.629 ; stu_train_accTop5: 99.379 ; train_accTop1: 95.348 ; train_accTop5: 99.774 ; time: 30.003 ; stu0train_accTop1: 93.645 ; stu0train_accTop5: 99.630 ; stu1train_accTop1: 93.437 ; stu1train_accTop5: 99.632 ; stu2train_accTop1: 93.456 ; stu2train_accTop5: 99.642
2025-10-30 02:31:54,604:INFO: - Test metrics: test_loss: 4.533 ; test_true_loss: 2.998 ; test_group_loss: 0.249 ; mean_test_accTop1: 73.114 ; mean_test_accTop5: 93.054 ; test_accTop1: 75.524 ; test_accTop5: 93.809 ; stu_test_accTop1: 73.161 ; stu_test_accTop5: 93.315 ; dist: 0.207 ; time: 2.642 ; stu0test_accTop1: 73.477 ; stu0test_accTop5: 93.028 ; stu1test_accTop1: 72.656 ; stu1test_accTop5: 93.087 ; stu2test_accTop1: 73.210 ; stu2test_accTop5: 93.048
2025-10-30 02:31:54,632:INFO: - Updated epoch history. Epoch count: 266
2025-10-30 02:31:54,661:INFO: Epoch 267/300
2025-10-30 02:32:24,910:INFO: - Train metrics: train_loss: 1.470 ; train_true_loss: 0.807 ; train_group_loss: 0.147 ; mean_train_accTop1: 93.454 ; mean_train_accTop5: 93.454 ; stu_train_accTop1: 91.775 ; stu_train_accTop5: 99.383 ; train_accTop1: 95.342 ; train_accTop5: 99.752 ; time: 30.248 ; stu0train_accTop1: 93.431 ; stu0train_accTop5: 99.634 ; stu1train_accTop1: 93.547 ; stu1train_accTop5: 99.609 ; stu2train_accTop1: 93.384 ; stu2train_accTop5: 99.616
2025-10-30 02:32:27,587:INFO: - Test metrics: test_loss: 4.515 ; test_true_loss: 2.982 ; test_group_loss: 0.250 ; mean_test_accTop1: 73.306 ; mean_test_accTop5: 92.972 ; test_accTop1: 75.445 ; test_accTop5: 93.839 ; stu_test_accTop1: 73.269 ; stu_test_accTop5: 93.285 ; dist: 0.208 ; time: 2.675 ; stu0test_accTop1: 73.596 ; stu0test_accTop5: 93.038 ; stu1test_accTop1: 73.072 ; stu1test_accTop5: 92.900 ; stu2test_accTop1: 73.250 ; stu2test_accTop5: 92.979
2025-10-30 02:32:27,613:INFO: - Updated epoch history. Epoch count: 267
2025-10-30 02:32:27,688:INFO: Epoch 268/300
2025-10-30 02:32:57,748:INFO: - Train metrics: train_loss: 1.463 ; train_true_loss: 0.801 ; train_group_loss: 0.147 ; mean_train_accTop1: 93.535 ; mean_train_accTop5: 93.535 ; stu_train_accTop1: 91.672 ; stu_train_accTop5: 99.421 ; train_accTop1: 95.489 ; train_accTop5: 99.760 ; time: 30.060 ; stu0train_accTop1: 93.599 ; stu0train_accTop5: 99.646 ; stu1train_accTop1: 93.492 ; stu1train_accTop5: 99.622 ; stu2train_accTop1: 93.514 ; stu2train_accTop5: 99.580
2025-10-30 02:33:00,414:INFO: - Test metrics: test_loss: 4.544 ; test_true_loss: 3.005 ; test_group_loss: 0.251 ; mean_test_accTop1: 72.913 ; mean_test_accTop5: 92.946 ; test_accTop1: 75.079 ; test_accTop5: 93.948 ; stu_test_accTop1: 73.151 ; stu_test_accTop5: 93.295 ; dist: 0.209 ; time: 2.664 ; stu0test_accTop1: 73.230 ; stu0test_accTop5: 92.890 ; stu1test_accTop1: 72.320 ; stu1test_accTop5: 93.028 ; stu2test_accTop1: 73.190 ; stu2test_accTop5: 92.919
2025-10-30 02:33:00,439:INFO: - Updated epoch history. Epoch count: 268
2025-10-30 02:33:00,479:INFO: Epoch 269/300
2025-10-30 02:33:30,729:INFO: - Train metrics: train_loss: 1.456 ; train_true_loss: 0.795 ; train_group_loss: 0.147 ; mean_train_accTop1: 93.613 ; mean_train_accTop5: 93.613 ; stu_train_accTop1: 91.579 ; stu_train_accTop5: 99.425 ; train_accTop1: 95.446 ; train_accTop5: 99.784 ; time: 30.250 ; stu0train_accTop1: 93.659 ; stu0train_accTop5: 99.662 ; stu1train_accTop1: 93.523 ; stu1train_accTop5: 99.622 ; stu2train_accTop1: 93.657 ; stu2train_accTop5: 99.670
2025-10-30 02:33:33,392:INFO: - Test metrics: test_loss: 4.516 ; test_true_loss: 2.988 ; test_group_loss: 0.246 ; mean_test_accTop1: 73.240 ; mean_test_accTop5: 92.949 ; test_accTop1: 75.445 ; test_accTop5: 93.977 ; stu_test_accTop1: 73.022 ; stu_test_accTop5: 93.354 ; dist: 0.206 ; time: 2.661 ; stu0test_accTop1: 73.655 ; stu0test_accTop5: 92.791 ; stu1test_accTop1: 72.874 ; stu1test_accTop5: 92.860 ; stu2test_accTop1: 73.190 ; stu2test_accTop5: 93.196
2025-10-30 02:33:33,415:INFO: - Updated epoch history. Epoch count: 269
2025-10-30 02:33:33,454:INFO: Epoch 270/300
2025-10-30 02:34:03,479:INFO: - Train metrics: train_loss: 1.455 ; train_true_loss: 0.794 ; train_group_loss: 0.148 ; mean_train_accTop1: 93.617 ; mean_train_accTop5: 93.617 ; stu_train_accTop1: 91.797 ; stu_train_accTop5: 99.379 ; train_accTop1: 95.454 ; train_accTop5: 99.764 ; time: 30.024 ; stu0train_accTop1: 93.650 ; stu0train_accTop5: 99.646 ; stu1train_accTop1: 93.584 ; stu1train_accTop5: 99.631 ; stu2train_accTop1: 93.615 ; stu2train_accTop5: 99.611
2025-10-30 02:34:06,123:INFO: - Test metrics: test_loss: 4.540 ; test_true_loss: 2.995 ; test_group_loss: 0.255 ; mean_test_accTop1: 73.065 ; mean_test_accTop5: 92.939 ; test_accTop1: 75.227 ; test_accTop5: 93.918 ; stu_test_accTop1: 73.081 ; stu_test_accTop5: 93.325 ; dist: 0.210 ; time: 2.642 ; stu0test_accTop1: 73.596 ; stu0test_accTop5: 93.028 ; stu1test_accTop1: 72.587 ; stu1test_accTop5: 92.751 ; stu2test_accTop1: 73.012 ; stu2test_accTop5: 93.038
2025-10-30 02:34:06,148:INFO: - Updated epoch history. Epoch count: 270
2025-10-30 02:34:06,187:INFO: Epoch 271/300
2025-10-30 02:34:36,213:INFO: - Train metrics: train_loss: 1.453 ; train_true_loss: 0.793 ; train_group_loss: 0.148 ; mean_train_accTop1: 93.615 ; mean_train_accTop5: 93.615 ; stu_train_accTop1: 91.746 ; stu_train_accTop5: 99.401 ; train_accTop1: 95.490 ; train_accTop5: 99.775 ; time: 30.026 ; stu0train_accTop1: 93.748 ; stu0train_accTop5: 99.655 ; stu1train_accTop1: 93.483 ; stu1train_accTop5: 99.618 ; stu2train_accTop1: 93.614 ; stu2train_accTop5: 99.605
2025-10-30 02:34:38,871:INFO: - Test metrics: test_loss: 4.532 ; test_true_loss: 2.994 ; test_group_loss: 0.251 ; mean_test_accTop1: 73.213 ; mean_test_accTop5: 92.959 ; test_accTop1: 75.435 ; test_accTop5: 93.987 ; stu_test_accTop1: 73.022 ; stu_test_accTop5: 93.354 ; dist: 0.209 ; time: 2.656 ; stu0test_accTop1: 73.487 ; stu0test_accTop5: 92.989 ; stu1test_accTop1: 72.933 ; stu1test_accTop5: 92.939 ; stu2test_accTop1: 73.220 ; stu2test_accTop5: 92.949
2025-10-30 02:34:38,896:INFO: - Updated epoch history. Epoch count: 271
2025-10-30 02:34:38,925:INFO: Epoch 272/300
2025-10-30 02:35:08,916:INFO: - Train metrics: train_loss: 1.451 ; train_true_loss: 0.790 ; train_group_loss: 0.149 ; mean_train_accTop1: 93.660 ; mean_train_accTop5: 93.660 ; stu_train_accTop1: 91.845 ; stu_train_accTop5: 99.419 ; train_accTop1: 95.573 ; train_accTop5: 99.772 ; time: 29.990 ; stu0train_accTop1: 93.655 ; stu0train_accTop5: 99.636 ; stu1train_accTop1: 93.683 ; stu1train_accTop5: 99.634 ; stu2train_accTop1: 93.642 ; stu2train_accTop5: 99.636
2025-10-30 02:35:11,604:INFO: - Test metrics: test_loss: 4.533 ; test_true_loss: 2.989 ; test_group_loss: 0.252 ; mean_test_accTop1: 73.240 ; mean_test_accTop5: 93.134 ; test_accTop1: 75.583 ; test_accTop5: 93.908 ; stu_test_accTop1: 73.269 ; stu_test_accTop5: 93.434 ; dist: 0.209 ; time: 2.687 ; stu0test_accTop1: 73.358 ; stu0test_accTop5: 93.058 ; stu1test_accTop1: 72.963 ; stu1test_accTop5: 93.157 ; stu2test_accTop1: 73.398 ; stu2test_accTop5: 93.186
2025-10-30 02:35:11,628:INFO: - Updated epoch history. Epoch count: 272
2025-10-30 02:35:11,660:INFO: Epoch 273/300
2025-10-30 02:35:41,538:INFO: - Train metrics: train_loss: 1.440 ; train_true_loss: 0.782 ; train_group_loss: 0.148 ; mean_train_accTop1: 93.716 ; mean_train_accTop5: 93.716 ; stu_train_accTop1: 91.836 ; stu_train_accTop5: 99.417 ; train_accTop1: 95.589 ; train_accTop5: 99.810 ; time: 29.878 ; stu0train_accTop1: 93.808 ; stu0train_accTop5: 99.646 ; stu1train_accTop1: 93.711 ; stu1train_accTop5: 99.640 ; stu2train_accTop1: 93.630 ; stu2train_accTop5: 99.620
2025-10-30 02:35:44,210:INFO: - Test metrics: test_loss: 4.558 ; test_true_loss: 3.005 ; test_group_loss: 0.255 ; mean_test_accTop1: 72.992 ; mean_test_accTop5: 93.008 ; test_accTop1: 75.465 ; test_accTop5: 93.849 ; stu_test_accTop1: 73.062 ; stu_test_accTop5: 93.384 ; dist: 0.210 ; time: 2.670 ; stu0test_accTop1: 73.507 ; stu0test_accTop5: 93.127 ; stu1test_accTop1: 72.369 ; stu1test_accTop5: 92.989 ; stu2test_accTop1: 73.101 ; stu2test_accTop5: 92.909
2025-10-30 02:35:44,235:INFO: - Updated epoch history. Epoch count: 273
2025-10-30 02:35:44,275:INFO: Epoch 274/300
2025-10-30 02:36:14,330:INFO: - Train metrics: train_loss: 1.437 ; train_true_loss: 0.782 ; train_group_loss: 0.148 ; mean_train_accTop1: 93.750 ; mean_train_accTop5: 93.750 ; stu_train_accTop1: 92.034 ; stu_train_accTop5: 99.425 ; train_accTop1: 95.748 ; train_accTop5: 99.800 ; time: 30.054 ; stu0train_accTop1: 93.804 ; stu0train_accTop5: 99.644 ; stu1train_accTop1: 93.662 ; stu1train_accTop5: 99.656 ; stu2train_accTop1: 93.784 ; stu2train_accTop5: 99.655
2025-10-30 02:36:16,973:INFO: - Test metrics: test_loss: 4.538 ; test_true_loss: 2.998 ; test_group_loss: 0.251 ; mean_test_accTop1: 72.917 ; mean_test_accTop5: 92.985 ; test_accTop1: 75.425 ; test_accTop5: 93.948 ; stu_test_accTop1: 73.141 ; stu_test_accTop5: 93.295 ; dist: 0.210 ; time: 2.641 ; stu0test_accTop1: 73.170 ; stu0test_accTop5: 92.909 ; stu1test_accTop1: 72.617 ; stu1test_accTop5: 93.048 ; stu2test_accTop1: 72.963 ; stu2test_accTop5: 92.998
2025-10-30 02:36:16,997:INFO: - Updated epoch history. Epoch count: 274
2025-10-30 02:36:17,027:INFO: Epoch 275/300
2025-10-30 02:36:47,199:INFO: - Train metrics: train_loss: 1.437 ; train_true_loss: 0.779 ; train_group_loss: 0.149 ; mean_train_accTop1: 93.806 ; mean_train_accTop5: 93.806 ; stu_train_accTop1: 91.989 ; stu_train_accTop5: 99.411 ; train_accTop1: 95.675 ; train_accTop5: 99.797 ; time: 30.172 ; stu0train_accTop1: 93.935 ; stu0train_accTop5: 99.662 ; stu1train_accTop1: 93.782 ; stu1train_accTop5: 99.643 ; stu2train_accTop1: 93.700 ; stu2train_accTop5: 99.643
2025-10-30 02:36:49,844:INFO: - Test metrics: test_loss: 4.566 ; test_true_loss: 3.014 ; test_group_loss: 0.255 ; mean_test_accTop1: 73.131 ; mean_test_accTop5: 92.952 ; test_accTop1: 75.603 ; test_accTop5: 93.958 ; stu_test_accTop1: 73.259 ; stu_test_accTop5: 93.167 ; dist: 0.211 ; time: 2.643 ; stu0test_accTop1: 73.348 ; stu0test_accTop5: 92.979 ; stu1test_accTop1: 72.725 ; stu1test_accTop5: 92.998 ; stu2test_accTop1: 73.319 ; stu2test_accTop5: 92.880
2025-10-30 02:36:49,869:INFO: - Updated epoch history. Epoch count: 275
2025-10-30 02:36:49,908:INFO: Epoch 276/300
2025-10-30 02:37:19,909:INFO: - Train metrics: train_loss: 1.435 ; train_true_loss: 0.776 ; train_group_loss: 0.149 ; mean_train_accTop1: 93.877 ; mean_train_accTop5: 93.877 ; stu_train_accTop1: 92.016 ; stu_train_accTop5: 99.389 ; train_accTop1: 95.678 ; train_accTop5: 99.811 ; time: 30.000 ; stu0train_accTop1: 94.070 ; stu0train_accTop5: 99.631 ; stu1train_accTop1: 93.747 ; stu1train_accTop5: 99.646 ; stu2train_accTop1: 93.815 ; stu2train_accTop5: 99.644
2025-10-30 02:37:22,558:INFO: - Test metrics: test_loss: 4.564 ; test_true_loss: 3.015 ; test_group_loss: 0.256 ; mean_test_accTop1: 73.039 ; mean_test_accTop5: 92.965 ; test_accTop1: 75.465 ; test_accTop5: 93.888 ; stu_test_accTop1: 72.953 ; stu_test_accTop5: 93.265 ; dist: 0.210 ; time: 2.647 ; stu0test_accTop1: 73.259 ; stu0test_accTop5: 92.989 ; stu1test_accTop1: 72.577 ; stu1test_accTop5: 92.890 ; stu2test_accTop1: 73.279 ; stu2test_accTop5: 93.018
2025-10-30 02:37:22,582:INFO: - Updated epoch history. Epoch count: 276
2025-10-30 02:37:22,611:INFO: Epoch 277/300
2025-10-30 02:37:52,928:INFO: - Train metrics: train_loss: 1.435 ; train_true_loss: 0.777 ; train_group_loss: 0.149 ; mean_train_accTop1: 93.827 ; mean_train_accTop5: 93.827 ; stu_train_accTop1: 91.967 ; stu_train_accTop5: 99.401 ; train_accTop1: 95.723 ; train_accTop5: 99.792 ; time: 30.316 ; stu0train_accTop1: 93.903 ; stu0train_accTop5: 99.678 ; stu1train_accTop1: 93.772 ; stu1train_accTop5: 99.630 ; stu2train_accTop1: 93.806 ; stu2train_accTop5: 99.628
2025-10-30 02:37:55,600:INFO: - Test metrics: test_loss: 4.538 ; test_true_loss: 3.000 ; test_group_loss: 0.251 ; mean_test_accTop1: 73.230 ; mean_test_accTop5: 93.035 ; test_accTop1: 75.297 ; test_accTop5: 94.096 ; stu_test_accTop1: 73.388 ; stu_test_accTop5: 93.167 ; dist: 0.209 ; time: 2.670 ; stu0test_accTop1: 73.774 ; stu0test_accTop5: 93.137 ; stu1test_accTop1: 72.755 ; stu1test_accTop5: 92.979 ; stu2test_accTop1: 73.161 ; stu2test_accTop5: 92.989
2025-10-30 02:37:55,625:INFO: - Updated epoch history. Epoch count: 277
2025-10-30 02:37:55,654:INFO: Epoch 278/300
2025-10-30 02:38:25,873:INFO: - Train metrics: train_loss: 1.424 ; train_true_loss: 0.768 ; train_group_loss: 0.150 ; mean_train_accTop1: 93.921 ; mean_train_accTop5: 93.921 ; stu_train_accTop1: 92.109 ; stu_train_accTop5: 99.459 ; train_accTop1: 95.778 ; train_accTop5: 99.808 ; time: 30.219 ; stu0train_accTop1: 93.961 ; stu0train_accTop5: 99.701 ; stu1train_accTop1: 93.864 ; stu1train_accTop5: 99.699 ; stu2train_accTop1: 93.938 ; stu2train_accTop5: 99.649
2025-10-30 02:38:28,558:INFO: - Test metrics: test_loss: 4.560 ; test_true_loss: 3.010 ; test_group_loss: 0.255 ; mean_test_accTop1: 72.927 ; mean_test_accTop5: 93.002 ; test_accTop1: 75.198 ; test_accTop5: 93.898 ; stu_test_accTop1: 73.546 ; stu_test_accTop5: 93.176 ; dist: 0.209 ; time: 2.682 ; stu0test_accTop1: 73.339 ; stu0test_accTop5: 92.979 ; stu1test_accTop1: 72.636 ; stu1test_accTop5: 92.959 ; stu2test_accTop1: 72.805 ; stu2test_accTop5: 93.068
2025-10-30 02:38:28,582:INFO: - Updated epoch history. Epoch count: 278
2025-10-30 02:38:28,618:INFO: Epoch 279/300
2025-10-30 02:38:58,906:INFO: - Train metrics: train_loss: 1.425 ; train_true_loss: 0.767 ; train_group_loss: 0.150 ; mean_train_accTop1: 93.907 ; mean_train_accTop5: 93.907 ; stu_train_accTop1: 92.038 ; stu_train_accTop5: 99.461 ; train_accTop1: 95.860 ; train_accTop5: 99.802 ; time: 30.288 ; stu0train_accTop1: 94.023 ; stu0train_accTop5: 99.722 ; stu1train_accTop1: 93.806 ; stu1train_accTop5: 99.648 ; stu2train_accTop1: 93.891 ; stu2train_accTop5: 99.637
2025-10-30 02:39:01,565:INFO: - Test metrics: test_loss: 4.570 ; test_true_loss: 3.020 ; test_group_loss: 0.255 ; mean_test_accTop1: 73.039 ; mean_test_accTop5: 92.982 ; test_accTop1: 75.336 ; test_accTop5: 93.968 ; stu_test_accTop1: 73.230 ; stu_test_accTop5: 93.315 ; dist: 0.209 ; time: 2.658 ; stu0test_accTop1: 73.170 ; stu0test_accTop5: 93.058 ; stu1test_accTop1: 72.755 ; stu1test_accTop5: 92.969 ; stu2test_accTop1: 73.190 ; stu2test_accTop5: 92.919
2025-10-30 02:39:01,592:INFO: - Updated epoch history. Epoch count: 279
2025-10-30 02:39:01,631:INFO: Epoch 280/300
2025-10-30 02:39:31,911:INFO: - Train metrics: train_loss: 1.419 ; train_true_loss: 0.764 ; train_group_loss: 0.149 ; mean_train_accTop1: 94.017 ; mean_train_accTop5: 94.017 ; stu_train_accTop1: 92.279 ; stu_train_accTop5: 99.415 ; train_accTop1: 95.953 ; train_accTop5: 99.776 ; time: 30.280 ; stu0train_accTop1: 94.134 ; stu0train_accTop5: 99.654 ; stu1train_accTop1: 93.945 ; stu1train_accTop5: 99.648 ; stu2train_accTop1: 93.972 ; stu2train_accTop5: 99.618
2025-10-30 02:39:34,586:INFO: - Test metrics: test_loss: 4.581 ; test_true_loss: 3.022 ; test_group_loss: 0.259 ; mean_test_accTop1: 73.016 ; mean_test_accTop5: 93.054 ; test_accTop1: 75.514 ; test_accTop5: 93.908 ; stu_test_accTop1: 72.894 ; stu_test_accTop5: 93.226 ; dist: 0.212 ; time: 2.672 ; stu0test_accTop1: 73.151 ; stu0test_accTop5: 92.979 ; stu1test_accTop1: 72.913 ; stu1test_accTop5: 93.087 ; stu2test_accTop1: 72.983 ; stu2test_accTop5: 93.097
2025-10-30 02:39:34,610:INFO: - Updated epoch history. Epoch count: 280
2025-10-30 02:39:34,641:INFO: Epoch 281/300
2025-10-30 02:40:04,817:INFO: - Train metrics: train_loss: 1.420 ; train_true_loss: 0.766 ; train_group_loss: 0.149 ; mean_train_accTop1: 93.946 ; mean_train_accTop5: 93.946 ; stu_train_accTop1: 92.257 ; stu_train_accTop5: 99.443 ; train_accTop1: 95.849 ; train_accTop5: 99.789 ; time: 30.176 ; stu0train_accTop1: 94.107 ; stu0train_accTop5: 99.679 ; stu1train_accTop1: 93.909 ; stu1train_accTop5: 99.646 ; stu2train_accTop1: 93.822 ; stu2train_accTop5: 99.631
2025-10-30 02:40:07,498:INFO: - Test metrics: test_loss: 4.584 ; test_true_loss: 3.026 ; test_group_loss: 0.257 ; mean_test_accTop1: 72.927 ; mean_test_accTop5: 92.913 ; test_accTop1: 75.336 ; test_accTop5: 94.017 ; stu_test_accTop1: 73.220 ; stu_test_accTop5: 93.315 ; dist: 0.210 ; time: 2.679 ; stu0test_accTop1: 73.220 ; stu0test_accTop5: 92.909 ; stu1test_accTop1: 72.686 ; stu1test_accTop5: 92.919 ; stu2test_accTop1: 72.874 ; stu2test_accTop5: 92.909
2025-10-30 02:40:07,523:INFO: - Updated epoch history. Epoch count: 281
2025-10-30 02:40:07,552:INFO: Epoch 282/300
2025-10-30 02:40:37,786:INFO: - Train metrics: train_loss: 1.415 ; train_true_loss: 0.759 ; train_group_loss: 0.150 ; mean_train_accTop1: 93.910 ; mean_train_accTop5: 93.910 ; stu_train_accTop1: 92.102 ; stu_train_accTop5: 99.435 ; train_accTop1: 95.754 ; train_accTop5: 99.810 ; time: 30.234 ; stu0train_accTop1: 94.003 ; stu0train_accTop5: 99.674 ; stu1train_accTop1: 93.790 ; stu1train_accTop5: 99.658 ; stu2train_accTop1: 93.937 ; stu2train_accTop5: 99.686
2025-10-30 02:40:40,456:INFO: - Test metrics: test_loss: 4.558 ; test_true_loss: 3.009 ; test_group_loss: 0.257 ; mean_test_accTop1: 73.124 ; mean_test_accTop5: 93.002 ; test_accTop1: 75.504 ; test_accTop5: 94.047 ; stu_test_accTop1: 73.319 ; stu_test_accTop5: 93.206 ; dist: 0.210 ; time: 2.669 ; stu0test_accTop1: 73.596 ; stu0test_accTop5: 92.979 ; stu1test_accTop1: 73.012 ; stu1test_accTop5: 92.949 ; stu2test_accTop1: 72.765 ; stu2test_accTop5: 93.078
2025-10-30 02:40:40,481:INFO: - Updated epoch history. Epoch count: 282
2025-10-30 02:40:40,520:INFO: Epoch 283/300
2025-10-30 02:41:10,685:INFO: - Train metrics: train_loss: 1.422 ; train_true_loss: 0.766 ; train_group_loss: 0.150 ; mean_train_accTop1: 93.960 ; mean_train_accTop5: 93.960 ; stu_train_accTop1: 92.123 ; stu_train_accTop5: 99.471 ; train_accTop1: 95.900 ; train_accTop5: 99.788 ; time: 30.164 ; stu0train_accTop1: 94.122 ; stu0train_accTop5: 99.660 ; stu1train_accTop1: 93.904 ; stu1train_accTop5: 99.659 ; stu2train_accTop1: 93.854 ; stu2train_accTop5: 99.666
2025-10-30 02:41:13,353:INFO: - Test metrics: test_loss: 4.572 ; test_true_loss: 3.015 ; test_group_loss: 0.256 ; mean_test_accTop1: 73.085 ; mean_test_accTop5: 92.989 ; test_accTop1: 75.653 ; test_accTop5: 94.037 ; stu_test_accTop1: 73.457 ; stu_test_accTop5: 93.186 ; dist: 0.211 ; time: 2.666 ; stu0test_accTop1: 73.566 ; stu0test_accTop5: 93.078 ; stu1test_accTop1: 72.636 ; stu1test_accTop5: 92.929 ; stu2test_accTop1: 73.052 ; stu2test_accTop5: 92.959
2025-10-30 02:41:13,377:INFO: - Updated epoch history. Epoch count: 283
2025-10-30 02:41:13,413:INFO: Epoch 284/300
2025-10-30 02:41:43,445:INFO: - Train metrics: train_loss: 1.418 ; train_true_loss: 0.762 ; train_group_loss: 0.150 ; mean_train_accTop1: 93.899 ; mean_train_accTop5: 93.899 ; stu_train_accTop1: 92.157 ; stu_train_accTop5: 99.496 ; train_accTop1: 95.720 ; train_accTop5: 99.830 ; time: 30.032 ; stu0train_accTop1: 93.929 ; stu0train_accTop5: 99.712 ; stu1train_accTop1: 93.836 ; stu1train_accTop5: 99.670 ; stu2train_accTop1: 93.933 ; stu2train_accTop5: 99.692
2025-10-30 02:41:46,102:INFO: - Test metrics: test_loss: 4.593 ; test_true_loss: 3.020 ; test_group_loss: 0.263 ; mean_test_accTop1: 73.197 ; mean_test_accTop5: 92.975 ; test_accTop1: 75.336 ; test_accTop5: 93.918 ; stu_test_accTop1: 73.121 ; stu_test_accTop5: 93.315 ; dist: 0.211 ; time: 2.655 ; stu0test_accTop1: 73.447 ; stu0test_accTop5: 92.929 ; stu1test_accTop1: 72.785 ; stu1test_accTop5: 92.929 ; stu2test_accTop1: 73.358 ; stu2test_accTop5: 93.068
2025-10-30 02:41:46,128:INFO: - Updated epoch history. Epoch count: 284
2025-10-30 02:41:46,156:INFO: Epoch 285/300
2025-10-30 02:42:16,229:INFO: - Train metrics: train_loss: 1.414 ; train_true_loss: 0.758 ; train_group_loss: 0.150 ; mean_train_accTop1: 94.033 ; mean_train_accTop5: 94.033 ; stu_train_accTop1: 92.142 ; stu_train_accTop5: 99.461 ; train_accTop1: 95.888 ; train_accTop5: 99.840 ; time: 30.072 ; stu0train_accTop1: 94.064 ; stu0train_accTop5: 99.674 ; stu1train_accTop1: 94.021 ; stu1train_accTop5: 99.686 ; stu2train_accTop1: 94.016 ; stu2train_accTop5: 99.690
2025-10-30 02:42:18,873:INFO: - Test metrics: test_loss: 4.557 ; test_true_loss: 3.008 ; test_group_loss: 0.255 ; mean_test_accTop1: 73.091 ; mean_test_accTop5: 92.942 ; test_accTop1: 75.218 ; test_accTop5: 93.938 ; stu_test_accTop1: 73.091 ; stu_test_accTop5: 93.127 ; dist: 0.211 ; time: 2.642 ; stu0test_accTop1: 73.536 ; stu0test_accTop5: 92.919 ; stu1test_accTop1: 72.745 ; stu1test_accTop5: 92.850 ; stu2test_accTop1: 72.992 ; stu2test_accTop5: 93.058
2025-10-30 02:42:18,896:INFO: - Updated epoch history. Epoch count: 285
2025-10-30 02:42:18,938:INFO: Epoch 286/300
2025-10-30 02:42:49,140:INFO: - Train metrics: train_loss: 1.417 ; train_true_loss: 0.760 ; train_group_loss: 0.151 ; mean_train_accTop1: 93.967 ; mean_train_accTop5: 93.967 ; stu_train_accTop1: 92.172 ; stu_train_accTop5: 99.471 ; train_accTop1: 95.897 ; train_accTop5: 99.799 ; time: 30.202 ; stu0train_accTop1: 94.088 ; stu0train_accTop5: 99.715 ; stu1train_accTop1: 93.887 ; stu1train_accTop5: 99.662 ; stu2train_accTop1: 93.924 ; stu2train_accTop5: 99.687
2025-10-30 02:42:51,787:INFO: - Test metrics: test_loss: 4.622 ; test_true_loss: 3.036 ; test_group_loss: 0.263 ; mean_test_accTop1: 73.078 ; mean_test_accTop5: 92.919 ; test_accTop1: 75.465 ; test_accTop5: 93.968 ; stu_test_accTop1: 73.081 ; stu_test_accTop5: 93.137 ; dist: 0.213 ; time: 2.645 ; stu0test_accTop1: 73.200 ; stu0test_accTop5: 92.860 ; stu1test_accTop1: 72.725 ; stu1test_accTop5: 92.870 ; stu2test_accTop1: 73.309 ; stu2test_accTop5: 93.028
2025-10-30 02:42:51,812:INFO: - Updated epoch history. Epoch count: 286
2025-10-30 02:42:51,841:INFO: Epoch 287/300
2025-10-30 02:43:22,021:INFO: - Train metrics: train_loss: 1.407 ; train_true_loss: 0.753 ; train_group_loss: 0.151 ; mean_train_accTop1: 94.080 ; mean_train_accTop5: 94.080 ; stu_train_accTop1: 92.345 ; stu_train_accTop5: 99.455 ; train_accTop1: 96.033 ; train_accTop5: 99.790 ; time: 30.180 ; stu0train_accTop1: 94.216 ; stu0train_accTop5: 99.702 ; stu1train_accTop1: 93.984 ; stu1train_accTop5: 99.681 ; stu2train_accTop1: 94.038 ; stu2train_accTop5: 99.656
2025-10-30 02:43:24,680:INFO: - Test metrics: test_loss: 4.590 ; test_true_loss: 3.025 ; test_group_loss: 0.260 ; mean_test_accTop1: 72.884 ; mean_test_accTop5: 92.873 ; test_accTop1: 75.534 ; test_accTop5: 93.898 ; stu_test_accTop1: 73.111 ; stu_test_accTop5: 93.117 ; dist: 0.211 ; time: 2.656 ; stu0test_accTop1: 73.230 ; stu0test_accTop5: 92.909 ; stu1test_accTop1: 72.528 ; stu1test_accTop5: 92.791 ; stu2test_accTop1: 72.894 ; stu2test_accTop5: 92.919
2025-10-30 02:43:24,704:INFO: - Updated epoch history. Epoch count: 287
2025-10-30 02:43:24,732:INFO: Epoch 288/300
2025-10-30 02:43:54,871:INFO: - Train metrics: train_loss: 1.403 ; train_true_loss: 0.751 ; train_group_loss: 0.151 ; mean_train_accTop1: 94.143 ; mean_train_accTop5: 94.143 ; stu_train_accTop1: 92.398 ; stu_train_accTop5: 99.427 ; train_accTop1: 96.038 ; train_accTop5: 99.810 ; time: 30.138 ; stu0train_accTop1: 94.117 ; stu0train_accTop5: 99.648 ; stu1train_accTop1: 94.156 ; stu1train_accTop5: 99.694 ; stu2train_accTop1: 94.156 ; stu2train_accTop5: 99.666
2025-10-30 02:43:57,556:INFO: - Test metrics: test_loss: 4.612 ; test_true_loss: 3.037 ; test_group_loss: 0.262 ; mean_test_accTop1: 72.960 ; mean_test_accTop5: 92.932 ; test_accTop1: 75.316 ; test_accTop5: 93.977 ; stu_test_accTop1: 73.032 ; stu_test_accTop5: 93.325 ; dist: 0.213 ; time: 2.683 ; stu0test_accTop1: 73.309 ; stu0test_accTop5: 93.028 ; stu1test_accTop1: 72.627 ; stu1test_accTop5: 92.811 ; stu2test_accTop1: 72.943 ; stu2test_accTop5: 92.959
2025-10-30 02:43:57,580:INFO: - Updated epoch history. Epoch count: 288
2025-10-30 02:43:57,609:INFO: Epoch 289/300
2025-10-30 02:44:27,928:INFO: - Train metrics: train_loss: 1.401 ; train_true_loss: 0.749 ; train_group_loss: 0.151 ; mean_train_accTop1: 94.036 ; mean_train_accTop5: 94.036 ; stu_train_accTop1: 92.249 ; stu_train_accTop5: 99.439 ; train_accTop1: 95.974 ; train_accTop5: 99.818 ; time: 30.318 ; stu0train_accTop1: 94.052 ; stu0train_accTop5: 99.704 ; stu1train_accTop1: 94.039 ; stu1train_accTop5: 99.698 ; stu2train_accTop1: 94.015 ; stu2train_accTop5: 99.662
2025-10-30 02:44:30,608:INFO: - Test metrics: test_loss: 4.623 ; test_true_loss: 3.045 ; test_group_loss: 0.262 ; mean_test_accTop1: 72.920 ; mean_test_accTop5: 92.949 ; test_accTop1: 75.326 ; test_accTop5: 94.007 ; stu_test_accTop1: 73.151 ; stu_test_accTop5: 93.226 ; dist: 0.213 ; time: 2.679 ; stu0test_accTop1: 73.072 ; stu0test_accTop5: 92.989 ; stu1test_accTop1: 72.656 ; stu1test_accTop5: 92.850 ; stu2test_accTop1: 73.032 ; stu2test_accTop5: 93.008
2025-10-30 02:44:30,633:INFO: - Updated epoch history. Epoch count: 289
2025-10-30 02:44:30,672:INFO: Epoch 290/300
2025-10-30 02:45:00,858:INFO: - Train metrics: train_loss: 1.400 ; train_true_loss: 0.747 ; train_group_loss: 0.151 ; mean_train_accTop1: 94.107 ; mean_train_accTop5: 94.107 ; stu_train_accTop1: 92.331 ; stu_train_accTop5: 99.439 ; train_accTop1: 96.064 ; train_accTop5: 99.818 ; time: 30.185 ; stu0train_accTop1: 94.121 ; stu0train_accTop5: 99.704 ; stu1train_accTop1: 94.190 ; stu1train_accTop5: 99.638 ; stu2train_accTop1: 94.011 ; stu2train_accTop5: 99.700
2025-10-30 02:45:03,506:INFO: - Test metrics: test_loss: 4.603 ; test_true_loss: 3.032 ; test_group_loss: 0.258 ; mean_test_accTop1: 73.016 ; mean_test_accTop5: 92.847 ; test_accTop1: 75.198 ; test_accTop5: 93.859 ; stu_test_accTop1: 73.072 ; stu_test_accTop5: 93.246 ; dist: 0.212 ; time: 2.646 ; stu0test_accTop1: 73.259 ; stu0test_accTop5: 92.860 ; stu1test_accTop1: 72.755 ; stu1test_accTop5: 92.781 ; stu2test_accTop1: 73.032 ; stu2test_accTop5: 92.900
2025-10-30 02:45:03,532:INFO: - Updated epoch history. Epoch count: 290
2025-10-30 02:45:03,571:INFO: Epoch 291/300
2025-10-30 02:45:33,770:INFO: - Train metrics: train_loss: 1.392 ; train_true_loss: 0.743 ; train_group_loss: 0.151 ; mean_train_accTop1: 94.249 ; mean_train_accTop5: 94.249 ; stu_train_accTop1: 92.533 ; stu_train_accTop5: 99.534 ; train_accTop1: 96.039 ; train_accTop5: 99.820 ; time: 30.198 ; stu0train_accTop1: 94.422 ; stu0train_accTop5: 99.730 ; stu1train_accTop1: 94.197 ; stu1train_accTop5: 99.694 ; stu2train_accTop1: 94.128 ; stu2train_accTop5: 99.706
2025-10-30 02:45:36,417:INFO: - Test metrics: test_loss: 4.620 ; test_true_loss: 3.043 ; test_group_loss: 0.263 ; mean_test_accTop1: 72.917 ; mean_test_accTop5: 92.860 ; test_accTop1: 75.455 ; test_accTop5: 93.809 ; stu_test_accTop1: 73.062 ; stu_test_accTop5: 93.068 ; dist: 0.213 ; time: 2.645 ; stu0test_accTop1: 73.121 ; stu0test_accTop5: 92.979 ; stu1test_accTop1: 72.656 ; stu1test_accTop5: 92.692 ; stu2test_accTop1: 72.973 ; stu2test_accTop5: 92.909
2025-10-30 02:45:36,442:INFO: - Updated epoch history. Epoch count: 291
2025-10-30 02:45:36,472:INFO: Epoch 292/300
2025-10-30 02:46:06,761:INFO: - Train metrics: train_loss: 1.386 ; train_true_loss: 0.738 ; train_group_loss: 0.151 ; mean_train_accTop1: 94.188 ; mean_train_accTop5: 94.188 ; stu_train_accTop1: 92.452 ; stu_train_accTop5: 99.496 ; train_accTop1: 96.143 ; train_accTop5: 99.834 ; time: 30.288 ; stu0train_accTop1: 94.234 ; stu0train_accTop5: 99.718 ; stu1train_accTop1: 94.171 ; stu1train_accTop5: 99.710 ; stu2train_accTop1: 94.160 ; stu2train_accTop5: 99.704
2025-10-30 02:46:09,405:INFO: - Test metrics: test_loss: 4.603 ; test_true_loss: 3.025 ; test_group_loss: 0.261 ; mean_test_accTop1: 73.016 ; mean_test_accTop5: 92.959 ; test_accTop1: 75.455 ; test_accTop5: 93.987 ; stu_test_accTop1: 72.864 ; stu_test_accTop5: 93.345 ; dist: 0.213 ; time: 2.642 ; stu0test_accTop1: 73.210 ; stu0test_accTop5: 93.087 ; stu1test_accTop1: 72.755 ; stu1test_accTop5: 92.791 ; stu2test_accTop1: 73.081 ; stu2test_accTop5: 92.998
2025-10-30 02:46:09,429:INFO: - Updated epoch history. Epoch count: 292
2025-10-30 02:46:09,469:INFO: Epoch 293/300
2025-10-30 02:46:39,447:INFO: - Train metrics: train_loss: 1.396 ; train_true_loss: 0.742 ; train_group_loss: 0.151 ; mean_train_accTop1: 94.215 ; mean_train_accTop5: 94.215 ; stu_train_accTop1: 92.435 ; stu_train_accTop5: 99.459 ; train_accTop1: 96.127 ; train_accTop5: 99.804 ; time: 29.978 ; stu0train_accTop1: 94.232 ; stu0train_accTop5: 99.718 ; stu1train_accTop1: 94.222 ; stu1train_accTop5: 99.674 ; stu2train_accTop1: 94.190 ; stu2train_accTop5: 99.690
2025-10-30 02:46:42,098:INFO: - Test metrics: test_loss: 4.635 ; test_true_loss: 3.043 ; test_group_loss: 0.265 ; mean_test_accTop1: 72.979 ; mean_test_accTop5: 93.012 ; test_accTop1: 75.475 ; test_accTop5: 93.809 ; stu_test_accTop1: 72.538 ; stu_test_accTop5: 93.117 ; dist: 0.213 ; time: 2.650 ; stu0test_accTop1: 72.973 ; stu0test_accTop5: 93.186 ; stu1test_accTop1: 72.943 ; stu1test_accTop5: 92.811 ; stu2test_accTop1: 73.022 ; stu2test_accTop5: 93.038
2025-10-30 02:46:42,122:INFO: - Updated epoch history. Epoch count: 293
2025-10-30 02:46:42,152:INFO: Epoch 294/300
2025-10-30 02:47:12,391:INFO: - Train metrics: train_loss: 1.389 ; train_true_loss: 0.737 ; train_group_loss: 0.152 ; mean_train_accTop1: 94.232 ; mean_train_accTop5: 94.232 ; stu_train_accTop1: 92.425 ; stu_train_accTop5: 99.486 ; train_accTop1: 96.129 ; train_accTop5: 99.848 ; time: 30.239 ; stu0train_accTop1: 94.167 ; stu0train_accTop5: 99.712 ; stu1train_accTop1: 94.216 ; stu1train_accTop5: 99.700 ; stu2train_accTop1: 94.314 ; stu2train_accTop5: 99.700
2025-10-30 02:47:15,066:INFO: - Test metrics: test_loss: 4.599 ; test_true_loss: 3.026 ; test_group_loss: 0.261 ; mean_test_accTop1: 73.141 ; mean_test_accTop5: 93.005 ; test_accTop1: 75.415 ; test_accTop5: 94.057 ; stu_test_accTop1: 73.081 ; stu_test_accTop5: 93.097 ; dist: 0.212 ; time: 2.672 ; stu0test_accTop1: 73.339 ; stu0test_accTop5: 92.949 ; stu1test_accTop1: 72.824 ; stu1test_accTop5: 92.959 ; stu2test_accTop1: 73.259 ; stu2test_accTop5: 93.107
2025-10-30 02:47:15,090:INFO: - Updated epoch history. Epoch count: 294
2025-10-30 02:47:15,129:INFO: Epoch 295/300
2025-10-30 02:47:45,325:INFO: - Train metrics: train_loss: 1.386 ; train_true_loss: 0.737 ; train_group_loss: 0.152 ; mean_train_accTop1: 94.304 ; mean_train_accTop5: 94.304 ; stu_train_accTop1: 92.518 ; stu_train_accTop5: 99.512 ; train_accTop1: 96.158 ; train_accTop5: 99.842 ; time: 30.195 ; stu0train_accTop1: 94.374 ; stu0train_accTop5: 99.716 ; stu1train_accTop1: 94.295 ; stu1train_accTop5: 99.724 ; stu2train_accTop1: 94.244 ; stu2train_accTop5: 99.716
2025-10-30 02:47:47,975:INFO: - Test metrics: test_loss: 4.598 ; test_true_loss: 3.026 ; test_group_loss: 0.261 ; mean_test_accTop1: 73.200 ; mean_test_accTop5: 92.886 ; test_accTop1: 75.445 ; test_accTop5: 94.096 ; stu_test_accTop1: 73.269 ; stu_test_accTop5: 93.256 ; dist: 0.211 ; time: 2.649 ; stu0test_accTop1: 73.339 ; stu0test_accTop5: 92.969 ; stu1test_accTop1: 72.844 ; stu1test_accTop5: 92.682 ; stu2test_accTop1: 73.418 ; stu2test_accTop5: 93.008
2025-10-30 02:47:48,000:INFO: - Updated epoch history. Epoch count: 295
2025-10-30 02:47:48,029:INFO: Epoch 296/300
2025-10-30 02:48:18,275:INFO: - Train metrics: train_loss: 1.384 ; train_true_loss: 0.733 ; train_group_loss: 0.152 ; mean_train_accTop1: 94.218 ; mean_train_accTop5: 94.218 ; stu_train_accTop1: 92.447 ; stu_train_accTop5: 99.473 ; train_accTop1: 96.223 ; train_accTop5: 99.842 ; time: 30.245 ; stu0train_accTop1: 94.295 ; stu0train_accTop5: 99.714 ; stu1train_accTop1: 94.236 ; stu1train_accTop5: 99.728 ; stu2train_accTop1: 94.123 ; stu2train_accTop5: 99.666
2025-10-30 02:48:20,925:INFO: - Test metrics: test_loss: 4.604 ; test_true_loss: 3.028 ; test_group_loss: 0.263 ; mean_test_accTop1: 73.009 ; mean_test_accTop5: 92.942 ; test_accTop1: 75.287 ; test_accTop5: 94.017 ; stu_test_accTop1: 73.131 ; stu_test_accTop5: 93.206 ; dist: 0.215 ; time: 2.648 ; stu0test_accTop1: 73.279 ; stu0test_accTop5: 92.959 ; stu1test_accTop1: 72.686 ; stu1test_accTop5: 92.860 ; stu2test_accTop1: 73.062 ; stu2test_accTop5: 93.008
2025-10-30 02:48:20,949:INFO: - Updated epoch history. Epoch count: 296
2025-10-30 02:48:20,988:INFO: Epoch 297/300
2025-10-30 02:48:51,069:INFO: - Train metrics: train_loss: 1.393 ; train_true_loss: 0.739 ; train_group_loss: 0.152 ; mean_train_accTop1: 94.171 ; mean_train_accTop5: 94.171 ; stu_train_accTop1: 92.394 ; stu_train_accTop5: 99.479 ; train_accTop1: 96.109 ; train_accTop5: 99.816 ; time: 30.080 ; stu0train_accTop1: 94.316 ; stu0train_accTop5: 99.708 ; stu1train_accTop1: 94.140 ; stu1train_accTop5: 99.670 ; stu2train_accTop1: 94.058 ; stu2train_accTop5: 99.692
2025-10-30 02:48:53,730:INFO: - Test metrics: test_loss: 4.627 ; test_true_loss: 3.049 ; test_group_loss: 0.263 ; mean_test_accTop1: 72.927 ; mean_test_accTop5: 92.956 ; test_accTop1: 75.218 ; test_accTop5: 93.987 ; stu_test_accTop1: 73.378 ; stu_test_accTop5: 93.107 ; dist: 0.213 ; time: 2.660 ; stu0test_accTop1: 73.269 ; stu0test_accTop5: 92.969 ; stu1test_accTop1: 72.597 ; stu1test_accTop5: 92.979 ; stu2test_accTop1: 72.913 ; stu2test_accTop5: 92.919
2025-10-30 02:48:53,755:INFO: - Updated epoch history. Epoch count: 297
2025-10-30 02:48:53,786:INFO: Epoch 298/300
2025-10-30 02:49:23,730:INFO: - Train metrics: train_loss: 1.380 ; train_true_loss: 0.730 ; train_group_loss: 0.152 ; mean_train_accTop1: 94.313 ; mean_train_accTop5: 94.313 ; stu_train_accTop1: 92.626 ; stu_train_accTop5: 99.527 ; train_accTop1: 96.247 ; train_accTop5: 99.844 ; time: 29.943 ; stu0train_accTop1: 94.440 ; stu0train_accTop5: 99.722 ; stu1train_accTop1: 94.191 ; stu1train_accTop5: 99.736 ; stu2train_accTop1: 94.307 ; stu2train_accTop5: 99.744
2025-10-30 02:49:26,381:INFO: - Test metrics: test_loss: 4.637 ; test_true_loss: 3.050 ; test_group_loss: 0.264 ; mean_test_accTop1: 72.996 ; mean_test_accTop5: 92.893 ; test_accTop1: 75.326 ; test_accTop5: 93.908 ; stu_test_accTop1: 72.874 ; stu_test_accTop5: 93.157 ; dist: 0.214 ; time: 2.649 ; stu0test_accTop1: 73.368 ; stu0test_accTop5: 92.949 ; stu1test_accTop1: 72.716 ; stu1test_accTop5: 92.840 ; stu2test_accTop1: 72.903 ; stu2test_accTop5: 92.890
2025-10-30 02:49:26,405:INFO: - Updated epoch history. Epoch count: 298
2025-10-30 02:49:26,435:INFO: Epoch 299/300
2025-10-30 02:49:56,551:INFO: - Train metrics: train_loss: 1.380 ; train_true_loss: 0.731 ; train_group_loss: 0.152 ; mean_train_accTop1: 94.344 ; mean_train_accTop5: 94.344 ; stu_train_accTop1: 92.642 ; stu_train_accTop5: 99.487 ; train_accTop1: 96.250 ; train_accTop5: 99.807 ; time: 30.116 ; stu0train_accTop1: 94.368 ; stu0train_accTop5: 99.672 ; stu1train_accTop1: 94.254 ; stu1train_accTop5: 99.661 ; stu2train_accTop1: 94.411 ; stu2train_accTop5: 99.665
2025-10-30 02:49:59,204:INFO: - Test metrics: test_loss: 4.625 ; test_true_loss: 3.045 ; test_group_loss: 0.261 ; mean_test_accTop1: 72.956 ; mean_test_accTop5: 92.926 ; test_accTop1: 75.405 ; test_accTop5: 93.829 ; stu_test_accTop1: 73.072 ; stu_test_accTop5: 93.097 ; dist: 0.212 ; time: 2.651 ; stu0test_accTop1: 73.101 ; stu0test_accTop5: 92.909 ; stu1test_accTop1: 72.686 ; stu1test_accTop5: 92.989 ; stu2test_accTop1: 73.081 ; stu2test_accTop5: 92.880
2025-10-30 02:49:59,229:INFO: - Updated epoch history. Epoch count: 299
2025-10-30 02:49:59,258:INFO: Epoch 300/300
2025-10-30 02:50:29,585:INFO: - Train metrics: train_loss: 1.378 ; train_true_loss: 0.729 ; train_group_loss: 0.152 ; mean_train_accTop1: 94.415 ; mean_train_accTop5: 94.415 ; stu_train_accTop1: 92.546 ; stu_train_accTop5: 99.500 ; train_accTop1: 96.289 ; train_accTop5: 99.828 ; time: 30.326 ; stu0train_accTop1: 94.480 ; stu0train_accTop5: 99.728 ; stu1train_accTop1: 94.375 ; stu1train_accTop5: 99.702 ; stu2train_accTop1: 94.390 ; stu2train_accTop5: 99.684
2025-10-30 02:50:32,256:INFO: - Test metrics: test_loss: 4.629 ; test_true_loss: 3.049 ; test_group_loss: 0.261 ; mean_test_accTop1: 73.022 ; mean_test_accTop5: 92.840 ; test_accTop1: 75.643 ; test_accTop5: 93.888 ; stu_test_accTop1: 73.269 ; stu_test_accTop5: 93.097 ; dist: 0.214 ; time: 2.669 ; stu0test_accTop1: 73.299 ; stu0test_accTop5: 92.870 ; stu1test_accTop1: 72.755 ; stu1test_accTop5: 92.791 ; stu2test_accTop1: 73.012 ; stu2test_accTop5: 92.860
2025-10-30 02:50:32,280:INFO: - Updated epoch history. Epoch count: 300
2025-10-30 02:50:32,317:INFO: Total time: 2.72 hours
